enterprise,record_num_mf_ctf,state_fips,cbsa_metro_code,county_fips,tract_2020,tract_minority_pct,tract_income_med,ami_local,tract_income_ratio,ami_hud,upb_acq,purpose_ctf,seller_type_mf_ctf,fed_guarantee_ctf,lien_status,ltv,same_year_acq,term_orig,units_num_cat,rate_orig,upb_orig,property_value,term_prepay_penalty,balloon,io,neg_am,non_amort_other,afford_units_pct,construct_method,tract_rural,county_lower_ms_delta,county_mid_appalachia,county_persistent_poverty,area_concentrated_poverty,area_high_opp,tract_colonias
1,10000001,06,41740,073,015706,51.96,34307,111734,0.3070,119500,27735000,7,1,1,1,53.80,1,60,5,5.830,27735000,51565000,57,1,1,9,9,60,1,0,0,0,0,1,0,0
1,10000002,36,10580,093,033500,26.48,97679,109385,0.8930,117800,645000,7,1,1,1,70.40,1,120,1,5.700,6905000,925000,117,1,1,9,9,0,1,0,0,0,0,0,0,0
1,10000003,28,99999,087,000600,81.47,20208,75009,0.2694,79600,2415000,1,5,1,1,80.00,1,60,3,6.140,2415000,3015000,57,1,9,9,9,100,1,1,0,0,1,1,0,0
1,10000004,18,23060,003,011608,26.14,122100,83564,1.4612,88000,1995000,9,1,1,2,66.70,1,65,3,7.780,1995000,20355000,62,1,9,9,9,0,1,0,0,0,0,0,0,0
1,10000005,13,99999,137,000604,61.39,46755,74176,0.6303,78800,4195000,1,1,1,1,78.00,1,84,2,6.190,4195000,5375000,81,1,1,9,9,0,1,1,0,0,0,0,0,0
1,10000006,51,40060,087,200144,57.20,126563,104391,1.2124,110000,10865000,9,1,1,2,71.50,1,87,5,8.010,10865000,89905000,84,1,1,9,9,0,1,0,0,0,0,0,0,0
1,10000007,48,19100,113,008200,45.91,99875,99957,0.9992,107300,25705000,2,1,1,1,64.00,1,84,5,5.480,210705000,41705000,81,1,1,9,9,50,1,0,0,0,0,0,0,0
1,10000008,13,12060,121,010604,97.87,44107,98569,0.4475,106100,18005000,7,1,1,1,61.00,2,60,5,6.190,18005000,29505000,57,1,1,9,9,0,1,0,0,0,0,1,0,0
1,10000009,13,12060,121,005504,87.37,51420,98569,0.5217,106100,54725000,7,1,1,1,60.50,1,60,5,5.260,54725000,90405000,57,1,1,9,9,15,1,0,0,0,0,1,0,0
1,10000010,18,34620,035,002000,19.47,47386,68452,0.6923,73400,7985000,1,1,1,1,74.80,2,84,4,5.970,10495000,10665000,81,1,1,9,9,0,1,0,0,0,0,1,0,0
1,10000011,17,16980,031,063301,27.46,133036,106055,1.2544,109800,11575000,7,1,1,1,55.40,1,60,4,5.590,11575000,20905000,57,1,1,9,9,0,1,0,0,0,0,0,0,0
1,10000012,26,19820,125,193100,22.86,127232,93779,1.3567,97300,20995000,1,3,1,1,85.00,1,204,4,5.050,20995000,24705000,180,1,9,9,9,100,1,0,0,0,0,0,0,0
1,10000013,05,30780,119,004220,76.46,75344,81609,0.9232,86400,20975000,7,1,1,1,74.10,1,120,5,5.500,20975000,28305000,117,1,1,9,9,0,1,0,0,0,0,0,0,0
1,10000014,34,35620,017,012300,61.78,113397,113844,0.9961,119300,1005000,7,1,1,1,35.70,1,84,1,5.980,1005000,2805000,81,1,1,9,9,0,1,0,0,0,0,0,0,0
1,10000015,38,99999,053,962301,17.74,122571,102045,1.2012,108300,8215000,7,1,1,1,55.00,2,84,3,5.490,8215000,14945000,81,1,1,9,9,0,1,1,0,0,0,0,0,0
1,10000016,48,19100,439,113516,40.61,105605,99957,1.0565,107300,9875000,7,1,1,1,70.00,1,60,3,5.430,9875000,14105000,57,1,1,9,9,20,1,0,0,0,0,0,1,0
1,10000017,36,10580,001,001400,34.78,150815,109385,1.3788,117800,2805000,7,1,1,1,48.30,2,120,2,5.920,2805000,5805000,117,1,1,9,9,0,1,0,0,0,0,0,0,0
1,10000018,51,47260,710,005800,88.90,69464,95214,0.7296,100000,25505000,1,1,1,1,64.90,2,60,5,5.880,25505000,39275000,57,1,1,9,9,0,1,0,0,0,0,1,0,0
1,10000019,48,19100,251,130211,23.27,120579,99957,1.2063,107300,20375000,1,1,1,1,56.90,1,60,5,5.000,20375000,35845000,57,1,1,9,9,0,1,0,0,0,0,0,0,0
1,10000020,13,12020,059,140300,75.11,48885,85162,0.5740,90900,935000,1,1,1,2,70.00,1,77,2,8.690,935000,5825000,74,1,1,9,9,0,1,0,0,0,0,0,0,0
1,10000021,53,14740,035,092101,23.43,111294,109621,1.0153,119700,43565000,7,1,1,1,59.70,1,60,5,5.050,43565000,72945000,57,1,1,9,9,0,1,0,0,0,0,0,0,0
1,10000022,31,99999,141,965302,22.67,107625,90843,1.1847,96500,3545000,7,1,1,1,65.00,1,120,3,6.020,8405000,5455000,117,1,1,9,9,0,1,1,0,0,0,0,0,0
1,10000023,06,41740,073,014701,46.80,116550,111734,1.0431,119500,10395000,7,1,1,1,63.40,1,60,2,5.560,10395000,16405000,57,1,1,9,9,0,1,0,0,0,0,0,0,0
1,10000024,48,19100,085,031720,83.59,40913,99957,0.4093,107300,32105000,7,3,1,1,57.10,1,60,5,4.820,32105000,56255000,57,1,1,9,9,0,1,0,0,0,0,1,0,0
1,10000025,48,19100,439,122702,41.56,72574,99957,0.7261,107300,12085000,1,1,1,1,75.00,1,84,4,5.700,12085000,16115000,81,1,1,9,9,0,1,0,0,0,0,0,0,0
1,10000026,47,34980,165,021204,24.98,119484,96905,1.2330,104700,15045000,1,1,1,1,63.60,1,84,5,4.740,15045000,23655000,81,1,1,9,9,0,1,0,0,0,0,0,0,0
1,10000027,48,19100,113,002001,71.35,93451,99957,0.9349,107300,24955000,2,1,1,1,41.40,1,60,5,5.030,24955000,60215000,57,1,1,9,9,0,1,0,0,0,0,1,0,0
1,10000028,37,49180,067,002002,71.67,34333,76701,0.4476,81900,1715000,9,1,1,2,68.00,1,105,5,8.240,1715000,27005000,102,1,1,9,9,0,1,0,0,0,0,1,0,0
1,10000029,26,40980,145,010304,37.50,59922,71728,0.8354,74800,11505000,7,1,1,1,64.60,1,120,5,5.930,11505000,17805000,117,1,1,9,9,0,1,0,0,0,0,0,0,0
1,10000030,12,37460,005,001600,75.83,39712,77037,0.5155,85900,13505000,7,1,1,1,59.00,1,60,4,5.655,13505000,22905000,57,1,1,9,9,100,1,0,0,0,0,1,0,0
1,10000031,06,40140,071,004510,80.72,77104,90585,0.8512,97500,43735000,7,1,1,1,62.50,1,84,5,5.450,43735000,70005000,81,1,1,9,9,0,1,1,0,0,0,1,0,0
1,10000032,36,45060,067,003400,56.08,53153,90955,0.5844,94800,50655000,7,1,1,1,59.90,1,60,5,6.225,50655000,84505000,57,1,1,9,9,0,1,0,0,0,0,1,0,0
1,10000033,09,25540,110,503000,94.12,68482,115967,0.5905,122400,3085000,1,1,1,1,77.70,2,60,3,6.110,3085000,4125000,57,1,9,9,9,0,1,0,0,0,0,1,0,0
1,10000034,53,42660,033,030700,53.44,85253,127870,0.6667,136600,2625000,7,1,1,1,53.90,1,60,2,5.580,2625000,4875000,57,1,1,9,9,0,1,0,0,0,0,1,0,0
1,10000035,48,99999,171,950402,42.64,59806,93241,0.6414,99000,3685000,1,1,1,2,70.40,1,100,4,8.085,3685000,18505000,97,1,9,9,9,0,1,1,0,0,0,0,1,0
1,10000036,48,19100,113,012213,46.96,105714,99957,1.0576,107300,9095000,1,1,1,1,74.30,1,84,4,5.510,9095000,12235000,81,1,1,9,9,100,1,0,0,0,0,0,0,0
1,10000037,45,17900,079,011604,20.77,135768,81690,1.6620,86300,30405000,1,1,1,1,79.60,1,120,5,5.240,30405000,49705000,117,1,1,9,9,75,1,0,0,0,0,0,0,0
1,10000038,06,41740,073,019403,65.13,111914,111734,1.0016,119500,118745000,1,1,1,1,64.00,1,60,5,5.230,118745000,185605000,57,1,1,9,9,0,1,0,0,0,0,0,0,0
1,10000039,34,37980,007,604400,13.55,170972,108977,1.5689,114700,7255000,2,1,1,1,62.30,1,84,3,5.210,233465000,12605000,81,1,1,9,9,100,1,0,0,0,0,0,0,0
1,10000040,06,42220,097,150306,44.74,114870,119780,0.9590,128400,9945000,2,1,1,1,71.60,1,181,3,3.860,9945000,13905000,178,1,1,9,9,98,1,1,0,0,0,0,0,0
1,10000041,13,42340,051,004211,59.01,88926,87035,1.0217,92400,6125000,2,1,1,1,67.40,1,120,3,5.600,37245000,9105000,117,1,1,9,9,0,1,0,0,0,0,0,0,0
1,10000042,34,37980,015,500704,15.04,121616,108977,1.1160,114700,685000,9,1,1,2,68.00,1,75,2,7.510,1755000,2805000,72,1,9,9,9,0,2,0,0,0,0,0,0,0
1,10000043,36,35620,081,007300,43.29,148906,113844,1.3080,119300,6255000,7,1,1,1,50.40,1,60,3,5.190,6255000,12405000,57,1,1,9,9,0,1,0,0,0,0,0,0,0
1,10000044,48,12420,453,001503,40.48,97321,115204,0.8448,126000,10785000,2,5,1,1,52.80,1,84,4,5.540,28045000,19805000,81,1,1,9,9,0,1,0,0,0,0,0,0,0
1,10000045,37,16740,119,001702,75.52,53495,93744,0.5707,100300,4055000,7,1,1,1,56.30,1,60,3,5.840,5575000,7205000,57,1,1,9,9,0,1,0,0,0,0,1,0,0
1,10000046,29,41180,189,218013,18.25,116242,97901,1.1873,103200,17505000,7,1,1,1,50.30,1,180,5,5.180,17505000,34805000,177,1,1,9,9,0,1,0,0,0,0,0,0,0
1,10000047,51,40060,087,200148,63.56,204395,104391,1.9580,110000,51545000,2,3,1,1,61.90,1,120,5,5.535,164065000,79305000,117,1,1,9,9,0,1,0,0,0,0,0,1,0
1,10000048,40,46140,143,007629,36.51,96979,83507,1.1613,85300,17505000,7,1,1,1,62.60,1,120,5,4.870,17505000,27955000,117,1,1,9,9,0,1,0,0,0,0,0,0,0
1,10000049,06,41860,081,605400,50.30,199615,154003,1.2962,166600,65335000,2,1,1,1,63.80,1,84,5,4.685,65335000,102405000,81,1,1,9,9,10,1,0,0,0,0,0,1,0
1,10000050,42,37980,029,301401,16.29,69149,108977,0.6345,114700,11965000,2,1,1,1,62.30,1,84,4,5.210,233465000,18105000,81,1,1,9,9,100,1,0,0,0,0,0,0,0
1,10000051,05,22900,131,001310,38.23,75104,65873,1.1401,66700,2395000,1,1,1,1,61.40,1,120,2,6.605,2395000,3905000,117,1,1,9,9,0,1,0,0,0,0,0,0,0
1,10000052,17,16980,031,071300,19.19,177250,106055,1.6713,109800,6465000,7,1,1,1,57.30,1,60,3,5.800,39285000,11285000,57,1,1,9,9,0,1,0,0,0,0,0,1,0
1,10000053,18,99999,107,957100,14.64,88472,81676,1.0832,86700,10415000,1,1,1,1,62.00,1,60,5,5.400,10415000,16805000,57,1,1,9,9,0,1,1,0,0,0,0,0,0
1,10000054,13,17980,215,010704,95.30,38750,68897,0.5624,68500,8105000,1,1,1,1,75.00,2,84,5,6.040,8865000,10815000,81,1,1,9,9,0,1,0,0,0,0,0,0,0
1,10000055,06,12540,029,000912,69.27,69858,71065,0.9830,78600,5685000,9,1,1,2,70.00,1,125,5,7.760,5685000,31805000,122,1,9,9,9,0,1,0,0,0,0,0,0,0
1,10000056,42,37980,029,302702,33.67,113438,108977,1.0409,114700,6105000,2,1,1,1,62.90,1,72,2,6.015,6105000,9715000,69,1,1,9,9,0,1,0,0,0,0,0,0,0
1,10000057,51,47260,700,031100,56.94,76638,95214,0.8049,100000,7615000,1,1,1,1,69.50,2,120,5,5.660,7615000,10945000,117,1,1,9,9,98,1,0,0,0,0,0,0,0
1,10000058,01,33860,101,000100,62.53,0,77591,0.0000,82500,23925000,2,1,1,1,65.00,1,60,5,5.820,23925000,36805000,57,1,1,9,9,0,1,0,0,0,0,1,0,0
1,10000059,41,38900,051,002102,25.40,124236,110489,1.1244,116900,26265000,2,1,1,1,51.30,1,60,5,5.630,26265000,51205000,57,1,1,9,9,0,1,0,0,0,0,0,0,0
1,10000060,25,14460,025,070201,44.11,0,134646,0.0000,142000,137285000,1,1,1,1,64.80,1,60,5,5.390,137285000,212005000,57,1,1,9,9,10,1,0,0,0,0,1,0,0
1,10000061,13,12060,217,100504,91.80,46773,98569,0.4745,106100,5835000,1,1,1,1,74.90,1,84,3,5.890,5835000,7785000,81,1,1,9,9,0,1,0,0,0,0,0,0,0
1,10000062,51,47260,550,021301,47.35,102358,95214,1.0750,100000,30565000,1,1,1,1,75.00,1,120,5,5.370,30565000,40755000,117,1,1,9,9,0,1,0,0,0,0,0,0,0
1,10000063,53,42660,033,029206,71.41,78097,127870,0.6108,136600,23215000,1,1,1,1,63.50,1,60,5,5.600,23215000,36555000,57,1,1,9,9,100,1,0,0,0,0,1,1,0
1,10000064,12,37340,009,071402,29.19,40000,87701,0.4561,99700,13125000,7,1,1,1,75.00,1,84,4,5.880,18375000,17505000,81,1,1,9,9,0,1,0,0,0,0,0,1,0
1,10000065,47,34980,149,041601,45.09,87813,96905,0.9062,104700,9555000,1,1,1,1,65.00,1,60,4,5.560,9555000,14705000,57,1,1,9,9,0,1,0,0,0,0,1,0,0
1,10000066,28,25060,047,001207,60.63,49888,72242,0.6906,76800,7335000,1,1,1,1,75.00,1,120,5,5.620,7335000,9785000,117,1,1,9,9,0,1,0,0,0,0,0,0,0
1,10000067,17,16980,097,861506,63.61,115379,106055,1.0879,109800,8305000,1,1,1,1,72.60,1,120,5,5.930,8305000,11435000,117,1,1,9,9,95,1,0,0,0,0,0,0,0
1,10000068,13,12060,121,010129,51.46,125784,98569,1.2761,106100,10775000,2,1,1,1,22.90,1,60,5,5.230,10775000,47105000,57,1,1,9,9,0,1,0,0,0,0,0,0,0
1,10000069,36,35620,081,122703,72.37,76629,113844,0.6731,119300,30225000,7,3,1,1,34.20,1,120,5,5.400,30225000,99005000,117,1,1,9,9,0,1,0,0,0,0,0,0,0
1,10000070,30,33540,063,000901,12.99,101136,89466,1.1304,90200,6475000,7,1,1,1,58.50,1,120,3,5.675,6475000,11065000,117,1,1,9,9,0,1,1,0,0,0,0,0,0
1,10000071,06,31080,037,123901,65.70,71667,101056,0.7092,105700,172315000,7,1,1,1,65.00,1,60,5,5.350,172315000,265105000,57,1,1,9,9,0,1,0,0,0,0,0,0,0
1,10000072,20,48620,173,003800,50.12,47414,84050,0.5641,91200,2635000,7,1,1,1,63.00,2,120,4,5.595,2635000,4175000,117,1,1,9,9,0,1,0,0,0,0,1,0,0
1,10000073,26,19820,099,225701,32.04,81058,93779,0.8644,97300,10005000,7,1,1,1,30.80,1,120,5,5.910,10005000,32505000,117,1,1,9,9,0,1,0,0,0,0,0,0,0
1,10000074,13,42340,051,004210,70.22,63385,87035,0.7283,92400,5255000,2,1,1,1,67.40,1,120,2,5.600,37245000,7805000,117,1,1,9,9,0,1,0,0,0,0,1,0,0
1,10000075,13,12060,015,960702,23.68,91827,98569,0.9316,106100,30795000,7,1,1,1,58.70,1,60,5,5.550,30795000,52505000,57,1,1,9,9,0,1,0,0,0,0,1,0,0
1,10000076,12,23540,001,001519,68.05,63750,82126,0.7763,92700,18665000,7,1,1,1,59.10,1,120,5,5.530,18665000,31605000,117,1,1,9,9,0,1,0,0,0,0,1,0,0
1,10000077,51,47260,740,213101,81.60,41685,95214,0.4378,100000,12595000,2,1,1,1,59.70,1,120,4,5.690,12595000,21105000,117,1,1,9,9,0,1,0,0,0,0,0,0,0
1,10000078,12,33100,011,090304,48.97,107636,80554,1.3362,87600,9575000,7,1,1,1,59.30,1,84,2,5.820,9575000,16155000,81,1,1,9,9,0,1,0,0,0,0,1,0,0
1,10000079,49,39340,049,000103,16.77,98611,100078,0.9853,109500,32905000,2,1,1,1,54.70,1,60,5,5.500,32905000,60205000,57,1,1,9,9,0,1,0,0,0,0,0,0,0
1,10000080,18,29200,157,010209,37.14,64950,80868,0.8032,83100,24185000,2,1,1,1,64.10,1,84,5,5.500,24185000,37705000,81,1,1,9,9,0,1,0,0,0,0,0,0,0
1,10000081,48,41700,029,171918,76.88,93523,85469,1.0942,89300,36705000,2,1,1,1,62.60,1,60,5,5.700,36705000,58605000,57,1,1,9,9,0,1,0,0,0,0,0,0,0
1,10000082,41,38900,051,010405,37.93,72098,110489,0.6525,116900,10535000,1,5,1,1,65.00,1,60,3,4.885,10535000,16205000,57,1,1,9,9,0,1,0,0,0,0,0,0,0
1,10000083,06,41940,085,509110,60.39,250001,172303,1.4509,180400,28465000,7,1,1,1,65.00,1,84,4,5.070,28465000,43795000,81,1,1,9,9,0,1,0,0,0,0,0,1,0
1,10000084,18,26900,097,330803,89.86,48850,93688,0.5214,101200,28325000,7,1,1,1,63.20,2,60,5,5.180,28325000,44805000,57,1,1,9,9,0,1,0,0,0,0,1,0,0
1,10000085,25,14460,025,000505,37.02,87292,134646,0.6483,142000,46265000,7,5,1,1,63.30,1,60,4,5.655,46265000,73105000,57,1,1,9,9,17,1,0,0,0,0,1,0,0
1,10000086,34,35620,031,180800,98.60,45606,113844,0.4006,119300,825000,7,1,1,1,58.70,1,60,1,5.910,6285000,1405000,57,1,1,9,9,0,1,0,0,0,0,1,0,0
1,10000087,41,41420,047,000400,47.94,50182,85870,0.5844,91300,7915000,7,1,1,1,58.20,1,120,3,6.400,7915000,13605000,117,1,1,9,9,0,1,0,0,0,0,1,0,0
1,10000088,37,22180,051,002503,58.01,72500,70670,1.0259,73500,14635000,2,1,1,1,62.00,1,84,4,5.510,14635000,23605000,81,1,1,9,9,0,1,0,0,0,0,0,0,0
1,10000089,41,32780,029,001702,20.98,79535,83081,0.9573,87800,1715000,9,3,1,2,45.70,2,120,4,7.150,1715000,10205000,117,1,9,9,9,0,2,0,0,0,0,0,0,0
1,10000090,04,38060,013,217300,17.38,222693,93191,2.3896,101300,112125000,2,5,1,1,65.00,1,60,5,4.730,112125000,172505000,57,1,1,9,9,0,1,0,0,0,0,0,1,0
1,10000091,48,21340,141,001107,72.90,104479,61466,1.6998,63100,575000,2,1,1,1,72.30,1,120,2,5.740,575000,805000,117,1,1,9,9,100,1,0,0,0,0,0,0,0
1,10000092,06,31080,037,602506,95.69,64890,101056,0.6421,105700,6545000,7,1,1,1,47.50,1,120,3,5.900,6545000,13775000,117,1,1,9,9,0,1,0,0,0,0,1,0,0
1,10000093,13,12060,121,010521,97.52,62169,98569,0.6307,106100,30325000,2,1,1,1,58.10,1,60,5,5.670,30325000,52205000,57,1,1,9,9,0,1,0,0,0,0,1,0,0
1,10000094,34,35620,031,183200,94.48,0,113844,0.0000,119300,2525000,7,1,1,1,67.40,1,120,1,6.230,2525000,3755000,117,1,1,9,9,0,1,0,0,0,0,1,0,0
1,10000095,37,40580,127,010506,53.54,52152,66066,0.7894,68500,2655000,7,1,1,1,23.90,2,60,4,5.890,2655000,11105000,57,1,1,9,9,0,1,0,0,0,0,0,0,0
1,10000096,25,14460,023,500101,8.93,152073,134646,1.1294,142000,4205000,7,1,1,1,37.20,1,120,2,5.530,4205000,11305000,117,1,9,9,9,0,1,0,0,0,0,0,1,0
1,10000097,55,31540,025,001405,29.38,103702,112276,0.9236,121200,24315000,1,1,1,1,79.50,1,120,5,5.340,24315000,30605000,117,1,1,9,9,0,1,0,0,0,0,0,0,0
1,10000098,48,26420,201,554201,62.06,117271,92750,1.2644,95200,30135000,7,1,1,1,63.30,1,84,5,5.830,30135000,47605000,81,1,1,9,9,0,1,0,0,0,0,0,1,0
1,10000099,13,12060,063,040417,94.61,44280,98569,0.4492,106100,10545000,7,1,1,1,69.40,1,84,3,5.370,10545000,15205000,81,1,1,9,9,0,1,0,0,0,0,1,0,0
1,10000100,17,16980,031,440300,99.51,125845,106055,1.1866,109800,635000,7,1,1,1,63.60,1,84,1,6.050,4205000,995000,81,1,1,9,9,0,1,0,0,0,0,0,0,0
1,10000101,41,38900,051,005001,28.36,177134,110489,1.6032,116900,46805000,1,1,1,1,60.00,1,60,5,5.240,46805000,78005000,57,1,1,9,9,0,1,0,0,0,0,0,1,0
1,10000102,04,38060,013,110100,93.69,54033,93191,0.5798,101300,6005000,7,1,1,1,37.40,1,120,4,5.690,6005000,16035000,117,1,1,9,9,0,1,0,0,0,0,1,0,0
1,10000103,06,12540,029,003125,86.98,70879,71065,0.9974,78600,14995000,7,1,1,1,64.30,1,60,4,5.790,14995000,23305000,57,1,1,9,9,0,1,0,0,0,0,1,0,0
1,10000104,13,12060,121,008601,97.40,37756,98569,0.3830,106100,11005000,2,1,1,1,59.50,1,180,4,3.440,11005000,18505000,177,1,1,9,9,100,1,0,0,0,0,1,0,0
1,10000105,13,12060,067,031101,65.74,64931,98569,0.6587,106100,1265000,7,1,1,1,63.00,1,84,1,6.020,1265000,2005000,81,1,1,9,9,0,1,0,0,0,0,1,0,0
1,10000106,12,33100,011,020323,74.93,69722,80554,0.8655,87600,12485000,2,1,1,1,53.10,1,60,4,6.320,12485000,23545000,57,1,1,9,9,0,1,0,0,0,0,0,0,0
1,10000107,48,19100,439,113607,50.88,89911,99957,0.8995,107300,12875000,1,1,1,1,65.00,1,60,4,5.825,12875000,19805000,57,1,1,9,9,0,1,0,0,0,0,0,0,0
1,10000108,18,23060,003,003500,44.72,44205,83564,0.5290,88000,6365000,7,1,1,1,67.00,1,120,4,5.630,6365000,9505000,117,1,1,9,9,0,1,0,0,0,0,1,0,0
1,10000109,04,38060,013,113900,83.82,26667,93191,0.2862,101300,11875000,2,1,1,1,63.80,1,60,3,5.815,11875000,18605000,57,1,1,9,9,0,1,0,0,0,0,1,0,0
1,10000110,41,38900,051,005500,34.86,114375,110489,1.0352,116900,4255000,2,1,1,1,37.20,1,120,4,5.740,4255000,11435000,117,1,1,9,9,99,1,0,0,0,0,1,1,0
1,10000111,06,42200,083,002708,51.97,92000,105067,0.8756,119100,3055000,1,1,1,1,52.90,1,60,2,6.070,3055000,5775000,57,1,1,9,9,0,1,0,0,0,0,0,0,0
1,10000112,06,41740,073,021205,35.81,103158,111734,0.9233,119500,3445000,2,3,1,1,54.80,1,180,2,4.600,3445000,6285000,177,1,9,9,9,100,1,0,0,0,0,0,0,0
1,10000113,55,33340,133,200500,19.99,190962,97232,1.9640,102100,25015000,7,1,1,1,63.30,1,120,4,5.890,25015000,39505000,117,1,1,9,9,0,1,0,0,0,0,0,1,0
1,10000114,36,10580,083,040200,36.81,51413,109385,0.4700,117800,4105000,7,1,1,1,64.10,1,60,2,6.750,4105000,6405000,57,1,1,9,9,0,1,0,0,0,0,1,0,0
1,10000115,17,16980,031,081700,29.87,178833,106055,1.6862,109800,47155000,1,5,1,1,70.00,1,84,5,4.980,47155000,67355000,81,1,1,9,9,0,1,0,0,0,0,0,1,0
1,10000116,27,33460,123,037402,59.30,68317,119274,0.5728,123700,49025000,7,1,1,1,65.00,2,60,5,5.465,49025000,75435000,57,1,1,9,9,0,1,0,0,0,0,1,0,0
1,10000117,54,25180,003,972002,32.09,61016,86810,0.7029,84200,12755000,2,1,1,1,63.40,2,120,4,5.630,12755000,20105000,117,1,9,9,9,100,1,0,0,0,0,0,0,0
1,10000118,21,31140,111,011005,41.92,90938,88819,1.0239,95900,21715000,7,5,1,1,65.00,1,84,5,5.350,21715000,33405000,81,1,1,9,9,0,1,0,0,0,0,0,0,0
1,10000119,05,22220,007,020301,58.21,47736,88653,0.5385,94400,14365000,7,5,1,1,65.00,1,60,4,4.790,14365000,22105000,57,1,1,9,9,0,1,0,0,0,0,1,0,0
1,10000120,21,31140,029,020704,13.00,54800,88819,0.6170,95900,6745000,1,1,1,1,73.70,1,84,4,5.660,6745000,9155000,81,1,1,9,9,100,1,0,0,0,0,0,0,0
1,10000121,53,44060,063,003800,19.75,82467,88647,0.9303,98100,10215000,1,1,1,1,69.50,1,120,3,5.980,10215000,14685000,117,1,1,9,9,0,1,0,0,0,0,0,0,0
1,10000122,37,39580,183,054007,34.87,99338,113293,0.8768,122300,3075000,9,1,1,2,73.50,1,86,5,7.820,3075000,23805000,83,1,1,9,9,0,1,0,0,0,0,0,0,0
1,10000123,06,42100,087,110601,88.95,86682,127331,0.6808,127300,8515000,7,3,1,1,51.50,1,120,4,5.890,8515000,16515000,117,1,1,9,9,98,1,0,0,0,0,0,0,0
1,10000124,33,99999,013,044200,13.61,116591,110587,1.0543,115100,5205000,7,1,1,1,72.30,1,120,2,5.960,5205000,7205000,117,1,1,9,9,100,1,1,0,0,0,0,0,0
1,10000125,13,42340,051,003502,68.59,47740,87035,0.5485,92400,755000,7,5,1,1,56.10,1,84,1,6.210,2305000,1355000,81,1,1,9,9,0,1,0,0,0,0,1,0,0
1,10000126,48,19100,085,031633,45.52,140625,99957,1.4069,107300,62005000,1,1,1,1,50.60,1,120,5,5.310,62005000,131255000,117,1,1,9,9,0,1,0,0,0,0,0,1,0
1,10000127,12,36100,083,001403,33.74,61885,66666,0.9283,73700,7635000,2,3,1,1,63.40,1,120,3,5.850,7635000,12055000,117,1,1,9,9,0,1,0,0,0,0,0,0,0
1,10000128,42,37980,045,404003,45.04,95717,108977,0.8783,114700,9005000,7,3,1,1,37.60,1,60,5,5.510,9005000,23945000,57,1,1,9,9,0,1,0,0,0,0,0,0,0
1,10000129,36,35620,061,018400,91.30,42303,113844,0.3716,119300,9405000,7,1,1,1,62.50,1,84,3,5.560,9405000,15055000,81,1,1,9,9,100,1,0,0,0,0,1,0,0
1,10000130,12,36100,083,001700,84.93,19926,66666,0.2989,73700,37505000,7,1,1,1,65.00,1,60,5,5.890,37505000,57705000,57,1,1,9,9,0,1,0,0,0,0,1,0,0
1,10000131,20,48620,173,009301,29.96,69417,84050,0.8259,91200,21505000,7,1,1,1,61.80,1,120,5,5.620,21505000,34805000,117,1,1,9,9,0,1,0,0,0,0,0,1,0
1,10000132,09,47930,140,351400,77.95,50159,105763,0.4743,110400,12605000,7,1,1,1,75.00,1,84,5,6.260,12605000,16805000,81,1,9,9,9,0,1,0,0,0,0,1,0,0
1,10000133,36,35620,061,007900,20.17,250001,113844,2.1960,119300,230105000,7,3,1,1,65.00,1,84,5,4.680,230105000,354005000,81,1,1,9,9,0,1,0,0,0,0,0,1,0
1,10000134,53,42660,053,071806,73.53,43294,127870,0.3386,136600,23335000,2,1,1,1,56.90,2,60,4,5.610,23335000,41005000,57,1,1,9,9,19,1,0,0,0,0,1,0,0
1,10000135,06,33700,099,002604,82.47,67279,83732,0.8035,91100,21845000,1,1,1,1,65.00,1,120,5,5.980,21845000,33605000,117,1,1,9,9,0,1,0,0,0,0,1,0,0
1,10000136,06,41860,013,350000,34.85,250001,154003,1.6234,166600,7205000,7,1,1,1,47.10,2,84,2,5.500,7205000,15295000,81,1,1,9,9,0,1,0,0,0,0,0,1,0
1,10000137,17,16980,031,260300,99.08,0,106055,0.0000,109800,915000,7,1,1,1,80.00,2,120,1,6.020,4225000,1145000,117,1,1,9,9,0,1,0,0,0,0,1,0,0
1,10000138,13,12060,121,000502,20.27,233125,98569,2.3651,106100,23275000,7,1,1,1,65.00,1,60,3,6.730,23275000,35805000,57,1,1,9,9,0,1,0,0,0,0,0,0,0
1,10000139,48,19100,121,021637,74.47,59324,99957,0.5935,107300,15895000,7,1,1,1,62.90,1,60,5,4.620,15895000,25295000,57,1,1,9,9,71,1,0,0,0,0,0,0,0
1,10000140,48,18580,409,010301,52.80,70147,77127,0.9095,75300,6195000,2,3,1,1,42.80,1,120,4,5.910,6195000,14505000,117,1,1,9,9,52,1,1,0,0,0,0,0,1
1,10000141,36,15380,063,023401,16.38,95114,90767,1.0479,96900,7255000,1,3,1,1,45.50,1,120,3,5.620,7255000,15945000,117,1,9,9,9,100,1,0,0,0,0,0,1,0
1,10000142,06,41860,001,405402,86.16,74315,154003,0.4826,166600,8565000,7,5,1,1,58.10,1,60,3,5.380,8565000,14745000,57,1,1,9,9,50,1,0,0,0,0,1,0,0
1,10000143,17,16980,031,440201,99.43,56136,106055,0.5293,109800,1035000,7,1,1,1,63.60,1,84,1,6.050,4205000,1615000,81,1,1,9,9,0,1,0,0,0,0,1,0,0
1,10000144,34,35620,031,181400,98.52,59926,113844,0.5264,119300,2005000,2,1,1,1,64.80,1,120,1,5.770,22605000,3105000,117,1,1,9,9,0,1,0,0,0,0,1,0,0
1,10000145,29,28140,095,015701,24.38,185493,99766,1.8593,103000,14005000,7,1,1,1,57.60,1,84,5,5.770,14005000,24305000,81,1,1,9,9,0,1,0,0,0,0,0,0,0
1,10000146,51,16820,540,000700,22.67,222375,111204,1.9997,124200,6005000,7,1,1,1,45.50,1,120,3,5.640,6005000,13205000,117,1,1,9,9,0,1,0,0,0,0,0,0,0
1,10000147,12,36100,083,002002,45.44,50104,66666,0.7516,73700,24665000,7,1,1,1,62.60,1,60,5,6.010,24665000,39405000,57,1,1,9,9,0,1,0,0,0,0,1,0,0
1,10000148,06,47300,107,001306,66.82,85732,67525,1.2696,72000,3805000,7,1,1,1,29.80,1,120,3,5.450,3805000,12745000,117,1,1,9,9,0,1,0,0,0,0,0,0,0
1,10000149,42,10900,077,009400,47.14,67045,96828,0.6924,101400,26305000,2,1,1,1,63.00,1,84,5,5.210,214035000,41405000,81,1,1,9,9,89,1,0,0,0,0,0,0,0
1,10000150,42,37980,091,200502,29.88,66895,108977,0.6139,114700,855000,9,1,1,2,69.90,1,75,2,7.510,2265000,4805000,72,1,9,9,9,0,2,0,0,0,0,0,0,0
1,10000151,13,12020,059,140400,74.98,60938,85162,0.7156,90900,33495000,1,1,1,1,65.00,1,60,5,5.820,33495000,51535000,57,1,1,9,9,0,1,0,0,0,0,1,0,0
1,10000152,51,40060,041,100300,71.52,41509,104391,0.3976,110000,4275000,7,1,1,1,65.30,1,120,2,6.090,4275000,6555000,117,1,1,9,9,0,1,0,0,0,0,1,0,0
1,10000153,08,14500,013,013306,41.18,83947,136591,0.6146,148400,10725000,1,1,1,1,71.50,1,120,3,5.365,10725000,15005000,117,1,1,9,9,0,1,0,0,0,0,1,0,0
1,10000154,13,12060,247,060203,77.35,67250,98569,0.6823,106100,48725000,7,1,1,1,63.40,1,60,5,4.950,48725000,76905000,57,1,1,9,9,0,1,0,0,0,0,1,0,0
1,10000155,10,37980,003,014000,54.14,80625,108977,0.7398,114700,39895000,2,1,1,1,62.30,1,84,5,5.210,233465000,64605000,81,1,1,9,9,100,1,0,0,0,0,0,0,0
1,10000156,24,12580,005,403402,71.20,80125,118479,0.6763,122200,24835000,2,1,1,1,64.90,1,120,5,5.100,24835000,38305000,117,1,1,9,9,0,1,0,0,0,0,0,0,0
1,10000157,48,19100,113,014146,90.30,59675,99957,0.5970,107300,43005000,2,1,1,1,65.00,1,60,5,5.610,43005000,66205000,57,1,1,9,9,80,1,0,0,0,0,0,0,0
1,10000158,48,26420,201,553602,75.21,53202,92750,0.5736,95200,13105000,1,1,1,1,80.00,1,60,4,5.840,13105000,16375000,57,1,1,9,9,50,1,0,0,0,0,0,0,0
1,10000159,21,31140,029,020703,11.15,105635,88819,1.1893,95900,6405000,7,1,1,1,72.30,1,84,3,5.830,6405000,8855000,81,1,1,9,9,0,1,0,0,0,0,0,0,0
1,10000160,41,38900,051,009204,51.52,83229,110489,0.7533,116900,5075000,7,1,1,1,70.90,1,60,3,6.390,5075000,7155000,57,1,1,9,9,100,1,0,0,0,0,1,0,0
1,10000161,06,42220,097,151406,67.16,44881,119780,0.3747,128400,59655000,7,1,1,1,64.20,1,84,5,5.480,59655000,92985000,81,1,1,9,9,0,1,0,0,0,0,1,0,0
1,10000162,13,12060,247,060310,79.62,52481,98569,0.5324,106100,11575000,7,1,1,1,67.70,1,120,4,6.070,11575000,17105000,117,1,1,9,9,0,1,0,0,0,0,1,0,0
1,10000163,36,35620,081,122704,78.31,100491,113844,0.8827,119300,36425000,7,3,1,1,37.40,1,120,5,5.400,36425000,108005000,117,1,1,9,9,0,1,0,0,0,0,0,0,0
1,10000164,37,49180,057,061300,39.37,55481,76701,0.7233,81900,2255000,7,1,1,1,54.40,2,84,2,6.430,2255000,4155000,81,1,1,9,9,0,1,0,0,0,0,1,0,0
1,10000165,12,15980,071,040108,19.03,106896,81979,1.3039,88800,15005000,7,1,1,1,34.60,1,60,5,5.280,15005000,43405000,57,1,1,9,9,0,1,0,0,0,0,0,1,0
1,10000166,27,33460,053,109100,15.93,131748,119274,1.1046,123700,19885000,9,1,1,1,64.60,1,120,3,5.675,48425000,30805000,117,1,1,9,9,0,1,0,0,0,0,0,1,0
1,10000167,32,39900,031,940200,83.02,58750,98707,0.5952,101200,995000,9,1,1,2,55.00,1,108,3,7.880,995000,4875000,105,1,1,9,9,0,2,1,0,0,0,1,0,0
1,10000168,06,23420,019,007802,97.29,37344,76092,0.4908,84300,8985000,1,1,1,1,61.20,1,120,3,5.400,8985000,14675000,117,1,1,9,9,97,1,1,0,0,1,1,0,0
1,10000169,42,25420,043,021901,30.54,154306,96556,1.5981,97900,17025000,2,1,1,1,64.50,1,84,4,5.550,17025000,26405000,81,1,9,9,9,0,1,0,0,0,0,0,0,0
1,10000170,04,38060,013,815601,31.94,178750,93191,1.9181,101300,38505000,1,1,1,1,48.10,2,120,5,5.760,38505000,80005000,117,1,1,9,9,0,1,0,0,0,0,0,1,0
1,10000171,09,14860,190,044200,56.33,95841,135149,0.7092,145700,795000,1,1,1,1,54.10,2,60,1,5.870,795000,1475000,57,1,1,9,9,0,1,0,0,0,0,1,0,0
1,10000172,12,36740,095,017024,47.42,56364,83343,0.6763,90400,38855000,2,5,1,1,61.00,1,60,5,5.550,38855000,63705000,57,1,1,9,9,0,1,0,0,0,0,0,1,0
1,10000173,37,99999,167,930200,32.24,63688,78623,0.8100,83500,3405000,1,1,1,1,72.60,1,360,2,6.510,3405000,5975000,357,1,9,9,9,100,1,1,0,0,0,0,0,0
1,10000174,36,15380,029,014208,9.68,132188,90767,1.4563,96900,32855000,7,1,1,1,66.10,1,120,5,5.520,32855000,49705000,117,1,9,9,9,0,1,0,0,0,0,0,1,0
1,10000175,27,33460,053,126202,16.59,159457,119274,1.3369,123700,33285000,1,1,1,1,65.00,1,60,5,5.195,33285000,51205000,57,1,1,9,9,0,1,0,0,0,0,0,0,0
1,10000176,42,29540,071,010502,9.68,100386,97622,1.0283,106700,30055000,7,1,1,1,66.30,1,120,5,5.570,30055000,45305000,117,1,1,9,9,0,1,0,0,0,0,0,0,0
1,10000177,37,24660,081,012617,83.19,59706,76183,0.7837,80700,10045000,1,1,1,1,65.00,2,84,4,5.670,10045000,15455000,81,1,1,9,9,0,1,0,0,0,0,0,0,0
1,10000178,06,31080,037,206051,53.80,171875,101056,1.7008,105700,53235000,2,1,1,1,35.30,1,60,5,5.495,53235000,151005000,57,1,1,9,9,0,1,0,0,0,0,0,0,0
1,10000179,11,47900,001,003000,61.67,80769,144539,0.5588,152900,37735000,1,5,1,1,64.70,1,120,4,5.550,37735000,60605000,117,1,1,9,9,100,1,0,0,0,0,1,0,0
1,10000180,12,27260,031,013906,13.63,138154,88994,1.5524,98000,75865000,7,3,1,1,57.90,1,60,5,5.550,75865000,131105000,57,1,1,9,9,0,1,0,0,0,0,0,1,0
1,10000181,48,12420,453,040700,80.93,23984,115204,0.2082,126000,14125000,1,1,1,1,65.00,2,60,5,5.750,14125000,21735000,57,1,1,9,9,0,1,0,0,0,0,1,0,0
1,10000182,37,39580,101,040303,81.35,40550,113293,0.3579,122300,425000,1,1,1,1,67.80,1,360,1,6.510,425000,1655000,357,1,9,9,9,100,1,1,0,0,0,1,0,0
1,10000183,45,16700,015,020718,55.79,62500,96573,0.6472,105100,31115000,1,1,1,1,52.70,1,60,5,4.950,31115000,59005000,57,1,1,9,9,0,1,0,0,0,0,0,0,0
1,10000184,48,19100,121,021304,38.25,74107,99957,0.7414,107300,27935000,7,1,1,1,70.00,1,60,5,5.410,27935000,39905000,57,1,1,9,9,20,1,0,0,0,0,0,0,0
1,10000185,26,19820,099,230300,15.71,85481,93779,0.9115,97300,20005000,7,1,1,1,61.60,1,120,4,5.390,20005000,32505000,117,1,1,9,9,0,1,0,0,0,0,0,0,0
1,10000186,18,29200,157,001900,24.46,89500,80868,1.1067,83100,15225000,7,1,1,1,69.20,1,84,5,5.370,15225000,22005000,81,1,1,9,9,50,1,0,0,0,0,1,0,0
1,10000187,25,49340,027,739202,40.15,168214,109247,1.5398,111400,11905000,1,1,1,2,65.00,1,57,5,6.335,11905000,96005000,54,1,1,9,9,10,1,0,0,0,0,0,1,0
1,10000188,48,19100,439,121702,66.55,99728,99957,0.9977,107300,19285000,7,1,1,1,62.20,1,60,5,5.425,19285000,31005000,57,1,1,9,9,100,1,0,0,0,0,1,0,0
1,10000189,37,11700,021,001602,14.91,84855,83126,1.0208,86300,67475000,7,1,1,1,64.70,1,120,5,6.670,67475000,104305000,117,1,1,9,9,0,1,0,0,0,0,0,0,0
1,10000190,51,47260,810,044004,24.51,111214,95214,1.1680,100000,1765000,7,3,1,1,65.30,1,120,1,5.880,9405000,2705000,117,1,1,9,9,0,1,1,0,0,0,0,0,0
1,10000191,13,16860,295,020200,21.50,56515,82235,0.6872,92100,1215000,9,1,1,2,66.50,1,100,4,7.590,1215000,11125000,97,1,1,9,9,20,1,0,0,0,0,1,0,0
1,10000192,22,29340,019,001302,26.44,106667,79667,1.3389,79000,6045000,7,1,1,1,65.00,1,60,4,4.860,6045000,9305000,57,1,1,9,9,0,1,0,0,0,0,0,0,0
1,10000193,40,46140,143,007629,36.51,96979,83507,1.1613,85300,15955000,2,1,1,1,40.70,1,120,5,5.210,15955000,39195000,117,1,9,9,9,0,1,0,0,0,0,0,0,0
1,10000194,41,38900,051,002102,25.40,124236,110489,1.1244,116900,29325000,2,1,1,1,60.60,1,60,5,5.630,29325000,48405000,57,1,1,9,9,0,1,0,0,0,0,0,0,0
1,10000195,06,40140,065,045117,36.15,77905,90585,0.8600,97500,8285000,1,1,1,1,59.20,1,120,3,6.060,8285000,14005000,117,1,1,9,9,0,1,0,0,0,0,0,0,0
1,10000196,48,26420,201,313902,76.81,74940,92750,0.8080,95200,13585000,1,1,1,1,73.20,1,60,5,5.700,13585000,18555000,57,1,1,9,9,0,1,0,0,0,0,0,0,0
1,10000197,51,47260,810,040406,81.61,75500,95214,0.7930,100000,14175000,7,1,1,1,65.00,1,60,4,5.680,14175000,21805000,57,1,1,9,9,20,1,0,0,0,0,0,0,0
1,10000198,13,12060,077,170307,60.90,51871,98569,0.5262,106100,44345000,7,1,1,1,60.00,1,84,5,5.100,44345000,73905000,81,1,1,9,9,0,1,0,0,0,0,1,0,0
1,10000199,48,12420,453,002451,62.38,91633,115204,0.7954,126000,43615000,1,1,1,1,65.00,1,60,5,5.270,43615000,67105000,57,1,1,9,9,0,1,0,0,0,0,0,0,0
1,10000200,17,16980,031,031501,66.07,49527,106055,0.4670,109800,16615000,2,1,1,1,57.30,1,60,5,5.590,16615000,28975000,57,1,1,9,9,0,1,0,0,0,0,1,0,0
1,10000201,06,31080,037,209402,95.54,38014,101056,0.3762,105700,13115000,7,5,1,1,55.10,1,120,3,4.510,13115000,23815000,117,1,1,9,9,99,1,0,0,0,0,1,0,0
1,10000202,29,28140,095,011501,34.70,51923,99766,0.5205,103000,3805000,2,3,1,1,22.10,1,120,5,6.560,3805000,17205000,117,1,9,9,9,0,1,0,0,0,0,1,0,0
1,10000203,09,25540,110,510600,80.80,52819,115967,0.4555,122400,6025000,7,1,1,1,59.30,1,84,4,6.160,8925000,10155000,81,1,9,9,9,0,1,0,0,0,0,1,0,0
1,10000204,47,28940,001,020201,20.39,150098,84160,1.7835,89000,23505000,7,1,1,1,58.90,1,60,5,5.660,23505000,39905000,57,1,1,9,9,0,1,0,0,0,0,0,0,0
1,10000205,48,12420,453,002437,59.75,69286,115204,0.6014,126000,54495000,1,1,1,1,75.00,1,120,5,5.405,54495000,72675000,117,1,1,9,9,50,1,0,0,0,0,0,0,0
1,10000206,06,23420,019,001202,97.64,53000,76092,0.6965,84300,3685000,9,1,1,2,70.00,1,88,4,8.050,3685000,18405000,85,1,9,9,9,0,1,0,0,0,0,0,0,0
1,10000207,19,19780,153,011114,31.28,69000,102398,0.6738,111800,17285000,1,1,1,1,52.70,1,60,5,5.565,17285000,32785000,57,1,1,9,9,0,1,0,0,0,0,0,1,0
1,10000208,17,16980,031,150200,49.57,109118,106055,1.0289,109800,2995000,7,1,1,1,51.60,1,84,2,5.290,8635000,5805000,81,1,1,9,9,0,1,0,0,0,0,0,0,0
1,10000209,51,47260,650,012100,28.68,103347,95214,1.0854,100000,10155000,2,1,1,1,64.20,1,120,3,5.690,10155000,15805000,117,1,1,9,9,0,1,0,0,0,0,0,1,0
1,10000210,48,33260,329,000302,49.32,110880,107796,1.0286,91500,6585000,7,5,1,1,56.80,1,60,3,5.545,6585000,11605000,57,1,1,9,9,0,1,0,0,0,0,0,0,0
1,10000211,42,37980,091,206400,20.82,139688,108977,1.2818,114700,9255000,7,1,1,1,69.60,1,120,3,4.860,9255000,13305000,117,1,1,9,9,0,1,0,0,0,0,0,1,0
1,10000212,48,19100,113,019013,94.94,37216,99957,0.3723,107300,9965000,7,1,1,1,63.50,1,60,4,5.445,9965000,15705000,57,1,1,9,9,0,1,0,0,0,0,1,0,0
1,10000213,12,33100,011,060117,83.36,51282,80554,0.6366,87600,11005000,2,1,1,1,64.60,1,60,3,5.220,11005000,17055000,57,1,1,9,9,0,1,0,0,0,0,0,0,0
1,10000214,06,41940,085,504505,91.12,230313,172303,1.3367,180400,55005000,1,1,1,1,50.00,1,60,5,5.220,55005000,110005000,57,1,1,9,9,0,1,0,0,0,0,0,1,0
1,10000215,48,19100,121,021611,59.68,111914,99957,1.1196,107300,29665000,7,1,1,1,63.50,1,60,5,5.520,29665000,46705000,57,1,1,9,9,0,1,0,0,0,0,0,0,0
1,10000216,21,99999,009,950401,28.82,33988,63335,0.5366,65600,2335000,1,1,1,1,63.10,1,60,3,6.330,2335000,3705000,57,1,1,9,9,0,1,1,0,0,0,1,0,0
1,10000217,48,19100,113,019040,75.23,88611,99957,0.8865,107300,25755000,1,1,1,1,71.10,1,120,5,5.540,25755000,36205000,117,1,1,9,9,0,1,0,0,0,0,0,0,0
1,10000218,53,28420,021,020606,47.78,94057,92746,1.0141,99900,29125000,1,5,1,1,70.00,1,120,5,5.240,29125000,41605000,117,1,1,9,9,100,1,0,0,0,0,0,0,0
1,10000219,48,19100,113,013615,82.92,60523,99957,0.6055,107300,7415000,7,1,1,1,62.10,1,60,3,5.390,7415000,11955000,57,1,1,9,9,0,1,0,0,0,0,1,0,0
1,10000220,21,31140,111,004301,78.69,29611,88819,0.3334,95900,6645000,1,3,1,1,74.20,1,84,5,6.300,6645000,8965000,81,1,1,9,9,21,1,0,0,0,0,1,0,0
1,10000221,37,99999,045,951200,45.51,46941,67542,0.6950,73300,8635000,7,3,1,1,73.20,1,120,3,5.980,8635000,11805000,117,1,1,9,9,0,1,1,0,0,0,0,0,0
1,10000222,06,31080,059,099412,39.84,128490,101056,1.2715,105700,68725000,1,1,1,1,54.10,1,60,5,6.150,68725000,127005000,57,1,1,9,9,0,1,0,0,0,0,0,1,0
1,10000223,12,37860,033,001002,16.70,77247,82863,0.9322,92200,10925000,2,1,1,1,65.00,1,120,3,5.315,10925000,16805000,117,1,1,9,9,0,1,0,0,0,0,0,0,0
1,10000224,08,14500,013,013207,19.43,115682,136591,0.8469,148400,31575000,1,3,1,1,75.00,1,84,5,5.120,84375000,42105000,81,1,1,9,9,0,1,0,0,0,0,0,0,0
1,10000225,37,49180,067,000900,46.78,74762,76701,0.9747,81900,1355000,1,1,1,1,79.60,2,84,1,6.510,2135000,1695000,81,1,9,9,9,0,1,0,0,0,0,1,0,0
1,10000226,24,41540,047,951000,38.85,81512,97408,0.8368,100600,6155000,1,1,1,1,78.90,1,60,3,6.210,6155000,7805000,57,1,1,9,9,0,1,1,0,0,0,0,0,0
1,10000227,37,39580,183,054220,44.36,112067,113293,0.9892,122300,41935000,7,1,1,1,59.20,1,84,5,5.190,41935000,70805000,81,1,1,9,9,0,1,0,0,0,0,0,0,0
1,10000228,37,27340,133,000405,17.97,98019,67237,1.4578,76200,39835000,1,1,1,1,65.00,1,60,5,4.950,39835000,61285000,57,1,1,9,9,0,1,0,0,0,0,0,0,0
1,10000229,01,33860,101,005407,57.72,75774,77591,0.9766,82500,48355000,1,1,1,1,78.60,1,120,5,5.160,48355000,61505000,117,1,1,9,9,0,1,0,0,0,0,0,1,0
1,10000230,06,12540,029,000914,62.03,92130,71065,1.2964,78600,12175000,7,1,1,1,63.40,1,120,4,6.195,12175000,19205000,117,1,1,9,9,0,1,0,0,0,0,0,0,0
1,10000231,17,16980,031,440201,99.43,56136,106055,0.5293,109800,1565000,7,1,1,1,65.00,1,84,1,6.250,2145000,2415000,81,1,1,9,9,0,1,0,0,0,0,1,0,0
1,10000232,24,12580,027,605401,57.25,138598,118479,1.1698,122200,30705000,1,1,1,1,75.00,1,84,5,6.370,30705000,40935000,81,1,1,9,9,0,1,0,0,0,0,0,0,0
1,10000233,39,18140,049,007215,24.74,107670,97262,1.1070,103300,32345000,1,1,1,1,73.10,1,84,5,5.405,32345000,44255000,81,1,1,9,9,0,1,0,0,0,0,0,1,0
1,10000234,48,12420,453,002007,30.25,172333,115204,1.4959,126000,16985000,2,5,1,1,52.80,1,84,5,5.540,28045000,42605000,81,1,1,9,9,0,1,0,0,0,0,1,0,0
1,10000235,01,26620,089,002923,24.18,80588,99604,0.8091,113600,8535000,2,1,1,1,69.40,1,84,3,5.790,8535000,12305000,81,1,1,9,9,100,1,0,0,0,0,0,0,0
1,10000236,48,19100,439,121613,55.10,105924,99957,1.0597,107300,4885000,7,1,1,1,64.50,1,60,3,4.850,13425000,7565000,57,1,1,9,9,100,1,0,0,0,0,0,0,0
1,10000237,51,49020,069,050600,16.00,116853,97945,1.1931,110000,18185000,1,1,1,1,75.00,1,120,3,6.220,18185000,24255000,117,1,1,9,9,0,1,0,0,0,0,0,0,0
1,10000238,12,36740,095,017111,43.76,124943,83343,1.4991,90400,63155000,1,1,1,1,64.80,1,60,5,5.380,63155000,97405000,57,1,1,9,9,0,1,0,0,0,0,0,1,0
1,10000239,45,16740,091,060901,53.65,69083,93744,0.7369,100300,11305000,7,3,1,1,56.30,1,120,5,5.290,11305000,20105000,117,1,9,9,9,0,1,0,0,0,0,1,0,0
1,10000240,48,12420,453,000803,40.66,168250,115204,1.4605,126000,29125000,2,1,1,1,33.90,1,60,5,5.310,29125000,85805000,57,1,1,9,9,0,1,0,0,0,0,0,0,0
1,10000241,36,35620,061,013604,24.86,250001,113844,2.1960,119300,6005000,2,1,1,1,62.50,2,60,1,6.650,6005000,9605000,57,1,9,9,9,0,1,0,0,0,0,0,1,0
1,10000242,21,30460,113,060103,21.82,51313,89904,0.5708,95200,9735000,7,5,1,1,68.80,1,120,4,5.160,9735000,14155000,117,1,1,9,9,100,1,0,0,0,0,0,0,0
1,10000243,35,10740,001,000907,80.09,15438,79295,0.1947,86400,1085000,9,1,1,2,62.90,1,97,3,7.490,1085000,4505000,94,1,9,9,9,0,2,0,0,0,0,1,0,0
1,10000244,24,12580,025,301401,33.92,110060,118479,0.9289,122200,8005000,7,1,1,1,37.20,1,60,5,5.190,8005000,21505000,57,1,1,9,9,20,1,0,0,0,0,0,0,0
1,10000245,42,10900,077,002100,74.10,53880,96828,0.5565,101400,26135000,2,1,1,1,63.00,1,84,5,5.210,214035000,40155000,81,1,1,9,9,85,1,0,0,0,0,1,0,0
1,10000246,30,33540,063,000206,13.63,93571,89466,1.0459,90200,33985000,7,5,1,1,54.10,1,60,5,6.120,33985000,62805000,57,1,1,9,9,0,1,1,0,0,0,0,0,0
1,10000247,36,35620,047,012200,88.59,48046,113844,0.4220,119300,16485000,1,1,1,1,80.00,1,84,4,6.030,16485000,20605000,81,1,1,9,9,0,1,0,0,0,0,1,0,0
1,10000248,13,31420,021,013900,64.68,34743,71239,0.4877,76000,3905000,1,3,1,1,70.00,1,120,2,6.780,3905000,5575000,117,1,1,9,9,0,1,1,0,0,0,1,0,0
1,10000249,09,35300,170,175900,16.90,122273,105763,1.1561,110400,17325000,7,1,1,1,55.00,1,60,5,5.590,17325000,31505000,57,1,1,9,9,0,1,0,0,0,0,0,1,0
1,10000250,51,47900,107,610603,48.87,89409,144539,0.6186,152900,9435000,1,1,1,2,64.80,1,53,5,6.770,9435000,83905000,50,1,9,9,9,0,1,0,0,0,0,1,0,0
1,10000251,06,31080,037,120400,82.36,74792,101056,0.7401,105700,7035000,7,1,1,1,46.80,1,120,3,5.670,7035000,15025000,117,1,1,9,9,0,1,0,0,0,0,0,0,0
1,10000252,08,99999,081,000300,14.18,102994,85298,1.2075,94200,3135000,1,1,1,1,63.40,1,60,3,6.350,3135000,4955000,57,1,1,9,9,0,1,1,0,0,0,0,0,0
1,10000253,56,16220,025,000200,28.50,56042,88465,0.6335,85900,1265000,7,5,1,1,63.10,1,120,2,5.495,1265000,2005000,117,1,1,9,9,100,1,1,0,0,0,1,0,0
1,10000254,13,12060,089,021301,78.20,70132,98569,0.7115,106100,25375000,2,1,1,1,60.30,2,84,5,5.545,25375000,42105000,81,1,1,9,9,0,1,0,0,0,0,0,1,0
1,10000255,12,36740,095,013406,84.87,54707,83343,0.6564,90400,40365000,7,1,1,1,65.00,1,60,5,4.900,40365000,62105000,57,1,1,9,9,0,1,0,0,0,0,1,0,0
1,10000256,45,34820,051,040102,28.30,67250,75945,0.8855,82900,37005000,7,1,1,1,63.20,1,120,5,5.360,37005000,58505000,117,1,1,9,9,0,1,0,0,0,0,0,0,0
1,10000257,53,28420,005,011702,50.11,64816,92746,0.6989,99900,1125000,9,3,1,2,65.70,1,60,2,7.500,1125000,5515000,57,1,9,9,9,0,2,1,0,0,0,0,0,0
1,10000258,36,35620,103,124500,18.60,186688,113844,1.6399,119300,1595000,2,1,1,1,67.70,1,180,1,5.600,7485000,2355000,177,1,1,9,9,0,1,0,0,0,0,0,1,0
1,10000259,21,31140,111,011111,28.85,105000,88819,1.1822,95900,9245000,1,1,1,1,70.00,1,84,3,5.625,9245000,13205000,81,1,1,9,9,0,1,0,0,0,0,0,1,0
1,10000260,48,41700,029,121404,87.15,47792,85469,0.5592,89300,2275000,1,3,1,2,73.10,1,97,5,7.740,2275000,16905000,94,1,9,9,9,0,1,0,0,0,0,1,0,0
1,10000261,06,31080,037,197420,67.74,60500,101056,0.5987,105700,15935000,7,1,1,1,57.10,1,60,3,5.975,15935000,27905000,57,1,1,9,9,10,1,0,0,0,0,0,0,0
1,10000262,53,48300,017,950700,45.35,74356,86553,0.8591,100300,3335000,1,1,1,1,62.80,1,60,2,6.160,3335000,5305000,57,1,1,9,9,0,1,0,0,0,0,0,0,0
1,10000263,37,48900,129,012300,10.73,153155,91984,1.6650,102100,10665000,7,1,1,1,65.00,1,84,2,5.560,10665000,16405000,81,1,1,9,9,0,1,0,0,0,0,0,1,0
1,10000264,36,45060,067,003602,74.63,73421,90955,0.8072,94800,9455000,7,1,1,1,75.00,1,84,3,5.390,9455000,12605000,81,1,9,9,9,0,1,0,0,0,0,0,0,0
1,10000265,34,35620,003,023100,82.14,79079,113844,0.6946,119300,55645000,1,1,1,1,65.00,1,60,5,5.625,55645000,85605000,57,1,1,9,9,0,1,0,0,0,0,0,0,0
1,10000266,54,25180,003,971901,19.02,87024,86810,1.0025,84200,25805000,7,1,1,1,65.00,1,120,5,6.050,25805000,39705000,117,1,1,9,9,0,1,0,0,0,0,0,0,0
1,10000267,27,33460,053,026514,38.87,142824,119274,1.1974,123700,12925000,2,3,1,1,46.30,1,120,5,5.360,12925000,27905000,117,1,9,9,9,0,1,0,0,0,0,0,0,0
1,10000268,27,33460,025,110301,11.26,132917,119274,1.1144,123700,6225000,1,5,1,1,67.70,1,120,4,6.185,6225000,9205000,117,1,1,9,9,50,1,0,0,0,0,0,0,0
1,10000269,28,25060,047,003213,43.76,59210,72242,0.8196,76800,5575000,2,3,1,1,70.50,1,120,4,6.360,5575000,7905000,117,1,1,9,9,0,1,0,0,0,0,0,0,0
1,10000270,48,19100,113,009604,51.05,180308,99957,1.8039,107300,38415000,1,1,1,1,76.40,1,84,5,6.320,38415000,50305000,81,1,1,9,9,0,1,0,0,0,0,0,0,0
1,10000271,37,49180,067,000801,97.14,0,76701,0.0000,81900,695000,9,1,1,2,84.40,1,167,5,7.700,695000,14855000,164,1,1,9,9,100,1,0,0,0,0,1,0,0
1,10000272,35,42140,049,001002,64.07,43224,84058,0.5142,91500,9625000,1,1,1,1,74.80,1,120,4,5.550,17335000,13805000,117,1,1,9,9,100,1,0,0,0,0,1,0,0
1,10000273,48,12420,491,020332,48.17,86314,115204,0.7492,126000,7085000,7,1,1,1,65.00,1,84,2,5.370,7085000,10905000,81,1,1,9,9,0,1,0,0,0,0,0,1,0
1,10000274,53,42660,033,010502,25.78,145237,127870,1.1358,136600,27875000,2,5,1,1,55.80,2,60,4,5.600,27875000,50005000,57,1,1,9,9,20,1,0,0,0,0,0,0,0
1,10000275,42,37980,101,025600,50.06,146429,108977,1.3437,114700,2395000,1,1,1,1,69.80,1,60,1,6.680,5045000,3425000,57,1,1,9,9,0,1,0,0,0,0,0,0,0
1,10000276,13,12060,121,004400,97.45,29725,98569,0.3016,106100,20255000,1,1,1,1,61.70,2,192,5,5.710,20255000,32805000,189,1,9,9,9,100,1,0,0,0,0,1,0,0
1,10000277,20,28140,091,053415,32.22,141563,99766,1.4190,103000,44525000,1,1,1,1,65.00,1,60,5,5.540,44525000,68495000,57,1,1,9,9,0,1,0,0,0,0,0,0,0
1,10000278,16,14260,001,001702,27.49,65875,91708,0.7183,98000,10005000,2,5,1,1,39.70,1,120,5,4.880,10005000,25205000,117,1,1,9,9,77,1,0,0,0,0,1,0,0
1,10000279,06,41940,085,509801,50.52,208488,172303,1.2100,180400,7005000,7,1,1,1,32.00,1,120,3,5.140,7005000,21855000,117,1,9,9,9,0,1,0,0,0,0,0,1,0
1,10000280,39,18140,049,008167,41.07,55214,97262,0.5677,103300,31005000,1,1,1,1,65.00,1,120,5,5.410,31005000,47695000,117,1,1,9,9,0,1,0,0,0,0,0,0,0
1,10000281,04,39150,025,000407,14.72,108917,78461,1.3882,85300,10705000,7,1,1,1,62.90,1,60,3,6.500,10705000,17005000,57,1,9,9,9,0,1,0,0,0,0,0,0,0
1,10000282,53,42660,053,073128,45.70,100744,127870,0.7879,136600,12755000,1,1,1,1,60.00,1,60,3,5.790,12755000,21255000,57,1,1,9,9,0,1,0,0,0,0,0,1,0
1,10000283,20,48620,173,007102,53.86,71073,84050,0.8456,91200,1725000,9,1,1,2,68.00,1,88,3,7.460,1725000,5505000,85,1,9,9,9,0,1,0,0,0,0,1,0,0
1,10000284,04,22380,005,001103,48.56,76897,86862,0.8853,85900,8505000,7,1,1,1,26.30,1,120,5,5.490,8505000,32305000,117,1,1,9,9,0,1,0,0,0,0,0,0,0
1,10000285,37,24660,081,014502,73.02,45417,76183,0.5962,80700,8325000,7,1,1,1,61.70,1,60,4,5.700,8325000,13485000,57,1,1,9,9,0,1,0,0,0,0,0,0,0
1,10000286,12,33100,086,000505,95.75,44732,80554,0.5553,87600,12655000,7,1,1,1,58.60,1,120,3,6.170,12655000,21605000,117,1,1,9,9,0,1,0,0,0,0,1,0,0
1,10000287,40,99999,097,040200,38.21,58083,68826,0.8439,73100,6175000,7,1,1,1,56.80,1,60,4,6.040,6175000,10875000,57,1,1,9,9,0,1,1,0,0,0,1,0,0
1,10000288,28,27140,049,010806,43.63,136118,76033,1.7903,80100,4095000,9,1,1,2,61.60,1,88,5,7.790,4095000,45555000,85,1,9,9,9,0,1,0,0,0,0,1,0,0
1,10000289,47,34980,037,018303,32.53,104670,96905,1.0801,104700,55545000,1,1,1,1,63.00,1,120,5,5.360,55545000,88205000,117,1,1,9,9,0,1,0,0,0,0,0,0,0
1,10000290,53,42660,033,031908,48.66,103629,127870,0.8104,136600,69845000,1,5,1,1,65.00,2,84,5,5.935,69845000,107445000,81,1,1,9,9,0,1,0,0,0,0,0,1,0
1,10000291,08,19740,001,008535,56.37,120928,119980,1.0079,130400,18595000,1,1,1,1,56.60,1,120,5,5.780,18595000,32875000,117,1,1,9,9,0,1,0,0,0,0,1,1,0
1,10000292,13,42340,051,010901,69.88,44292,87035,0.5089,92400,5525000,2,1,1,1,67.40,1,120,2,5.600,37245000,8205000,117,1,1,9,9,0,1,0,0,0,0,1,0,0
1,10000293,13,12060,121,002900,42.23,163438,98569,1.6581,106100,2595000,7,1,1,1,63.00,1,60,1,5.550,6175000,4115000,57,1,1,9,9,0,1,0,0,0,0,0,0,0
1,10000294,53,44060,063,011302,18.71,105662,88647,1.1919,98100,28365000,7,3,1,1,60.80,1,60,5,5.660,28365000,46665000,57,1,1,9,9,0,1,0,0,0,0,0,0,0
1,10000295,10,37980,003,014809,51.56,132895,108977,1.2195,114700,15005000,9,1,1,2,50.20,1,83,5,6.860,15005000,221305000,80,1,1,9,9,0,1,0,0,0,0,0,1,0
1,10000296,06,31080,037,576602,50.94,99708,101056,0.9867,105700,7905000,2,3,1,1,38.10,1,60,3,5.550,7905000,20755000,57,1,1,9,9,0,1,0,0,0,0,0,0,0
1,10000297,09,25540,110,514103,64.02,106283,115967,0.9165,122400,7395000,7,1,1,1,65.00,2,84,2,5.355,59805000,11385000,81,1,1,9,9,0,1,0,0,0,0,0,0,0
1,10000298,44,39300,009,050103,19.49,99583,103773,0.9596,113200,23755000,1,1,1,1,79.00,1,60,4,7.100,23755000,30065000,57,1,1,9,9,0,1,0,0,0,0,0,0,0
1,10000299,13,12060,135,050520,72.30,67702,98569,0.6869,106100,4715000,1,5,1,1,68.00,1,60,2,7.100,4715000,6945000,57,1,9,9,9,0,1,0,0,0,0,0,0,0
1,10000300,15,46520,003,003801,82.58,84409,117769,0.7167,120100,8285000,9,3,1,2,67.20,1,178,5,5.830,8285000,79885000,175,1,1,9,9,100,1,0,0,0,0,0,0,0
1,10000301,34,35620,013,023200,97.21,45658,113844,0.4011,119300,2935000,7,1,1,1,72.90,1,60,1,6.040,2935000,4025000,57,1,1,9,9,0,1,0,0,0,0,1,0,0
1,10000302,19,43580,193,000300,33.32,98555,86858,1.1347,92500,4175000,7,1,1,1,65.00,1,120,3,6.020,4175000,6425000,117,1,1,9,9,0,1,0,0,0,0,0,0,0
1,10000303,45,16700,015,020721,38.33,145595,96573,1.5076,105100,28845000,2,5,1,1,70.00,1,67,5,6.400,14545000,41205000,64,1,1,9,9,0,1,0,0,0,0,0,0,0
1,10000304,48,19100,439,113635,53.77,125980,99957,1.2603,107300,7075000,9,1,1,2,60.50,1,107,4,7.390,7075000,22575000,104,1,9,9,9,0,2,0,0,0,0,0,0,0
1,10000305,26,19820,125,170300,12.66,139563,93779,1.4882,97300,8315000,2,1,1,1,57.30,1,84,3,6.160,8315000,14505000,81,1,1,9,9,0,1,0,0,0,0,0,0,0
1,10000306,49,36260,011,125502,32.24,93935,102427,0.9171,109800,16335000,7,1,1,1,65.00,1,84,4,4.950,16335000,25135000,81,1,1,9,9,0,1,0,0,0,0,0,0,0
1,10000307,48,19100,113,000606,17.38,226563,99957,2.2666,107300,74255000,1,1,1,1,51.20,2,84,5,5.535,74255000,145005000,81,1,1,9,9,0,1,0,0,0,0,0,1,0
1,10000308,26,19820,163,515400,45.43,206923,93779,2.2065,97300,11005000,7,1,1,1,47.50,1,84,5,5.880,11005000,23155000,81,1,9,9,9,0,1,0,0,0,0,0,0,0
1,10000309,06,40140,065,044701,45.54,67902,90585,0.7496,97500,9205000,7,1,1,1,32.20,1,120,5,5.480,9205000,28605000,117,1,9,9,9,0,1,0,0,0,0,0,0,0
1,10000310,06,31080,059,099307,28.42,147125,101056,1.4559,105700,22005000,7,3,1,1,48.40,1,120,3,5.400,22005000,45455000,117,1,1,9,9,0,1,0,0,0,0,0,1,0
1,10000311,06,31080,037,670407,64.10,122257,101056,1.2098,105700,12115000,2,3,1,1,42.90,1,60,3,5.550,12115000,28205000,57,1,1,9,9,0,1,0,0,0,0,0,1,0
1,10000312,12,36740,097,040806,44.37,83603,83343,1.0031,90400,10765000,7,1,1,1,63.00,1,60,3,6.220,10765000,17105000,57,1,1,9,9,0,1,0,0,0,0,0,0,0
1,10000313,47,16860,065,010432,16.00,103897,82235,1.2634,92100,26085000,9,1,1,1,53.20,1,120,5,5.190,26085000,49005000,117,1,1,9,9,0,1,0,0,0,0,0,0,0
1,10000314,29,28140,095,013410,48.06,39079,99766,0.3917,103000,6105000,7,3,1,1,73.50,1,120,3,5.300,6105000,8305000,117,1,1,9,9,0,1,0,0,0,0,0,0,0
1,10000315,12,33100,011,042502,43.44,154327,80554,1.9158,87600,80005000,2,1,1,1,44.60,1,60,5,5.490,175005000,177005000,57,1,1,9,9,0,1,0,0,0,0,1,0,0
1,10000316,27,33460,037,060737,40.37,97738,119274,0.8194,123700,24775000,7,1,1,1,54.10,1,120,5,4.940,24775000,45805000,117,1,1,9,9,0,1,0,0,0,0,1,0,0
1,10000317,47,28700,163,040800,15.25,39141,70079,0.5585,70300,18435000,1,1,1,1,64.90,1,60,5,6.220,18435000,28405000,57,1,1,9,9,0,1,0,0,0,0,1,0,0
1,10000318,12,33100,011,020104,63.16,71830,80554,0.8917,87600,54795000,7,5,1,1,65.00,1,84,5,4.970,54795000,84305000,81,1,1,9,9,0,1,0,0,0,0,0,0,0
1,10000319,13,99999,261,950200,74.16,0,66121,0.0000,70500,6785000,7,3,1,1,75.00,1,120,3,5.670,6785000,9055000,117,1,1,9,9,0,1,1,0,0,1,1,0,0
1,10000320,37,24660,081,012619,60.82,65845,76183,0.8643,80700,19765000,7,3,1,1,58.00,1,120,5,5.450,19765000,34105000,117,1,1,9,9,0,1,0,0,0,0,0,0,0
1,10000321,17,16980,031,070300,18.81,250001,106055,2.3573,109800,4165000,7,1,1,1,57.30,1,60,2,5.800,39285000,7275000,57,1,1,9,9,0,1,0,0,0,0,0,0,0
1,10000322,32,16180,510,000400,29.57,77957,82109,0.9494,88900,9195000,2,5,1,1,63.40,1,120,3,5.670,9195000,14505000,117,1,1,9,9,0,1,0,0,0,0,0,0,0
1,10000323,48,26420,201,211700,98.47,45333,92750,0.4888,95200,2905000,7,1,1,1,61.70,1,120,2,6.070,2905000,4705000,117,1,1,9,9,0,1,0,0,0,0,1,0,0
1,10000324,36,35620,061,002202,47.43,130150,113844,1.1432,119300,7085000,7,1,1,1,65.00,1,60,1,5.865,7085000,10905000,57,1,1,9,9,0,1,0,0,0,0,0,0,0
1,10000325,47,34980,037,015405,38.05,76364,96905,0.7880,104700,12605000,7,5,1,1,62.30,1,120,3,4.900,12605000,20255000,117,1,1,9,9,0,1,0,0,0,0,0,0,0
1,10000326,17,14010,113,005800,26.39,82083,105528,0.7778,109400,16565000,1,1,1,1,80.00,1,84,5,5.870,16565000,20705000,81,1,1,9,9,0,1,0,0,0,0,1,1,0
1,10000327,24,12580,510,280403,77.31,79286,118479,0.6692,122200,18815000,7,1,1,1,50.20,1,120,5,5.260,18815000,37505000,117,1,1,9,9,0,1,0,0,0,0,0,0,0
1,10000328,36,35620,081,072300,51.48,238167,113844,2.0921,119300,6255000,7,3,1,1,10.70,1,120,5,5.910,6255000,63205000,117,1,9,9,9,0,1,0,0,0,0,0,1,0
1,10000329,19,19780,153,011114,31.28,69000,102398,0.6738,111800,22695000,2,1,1,1,70.90,1,84,5,5.090,22695000,32005000,81,1,1,9,9,0,1,0,0,0,0,0,1,0
1,10000330,12,33100,011,031001,40.62,56744,80554,0.7044,87600,114405000,9,1,1,1,65.00,1,120,5,5.565,114405000,176005000,117,1,1,9,9,15,1,0,0,0,0,0,0,0
1,10000331,45,43900,083,022202,23.26,69307,75197,0.9217,72500,885000,1,1,1,1,71.90,1,120,1,6.580,885000,1235000,117,1,9,9,9,0,1,0,0,0,0,1,0,0
1,10000332,06,31080,037,407001,97.88,82279,101056,0.8142,105700,15635000,7,1,1,1,60.60,1,60,4,5.420,15635000,25805000,57,1,1,9,9,0,1,0,0,0,0,0,1,0
1,10000333,48,17780,041,001801,40.05,73111,82943,0.8815,93400,11475000,7,1,1,1,60.70,1,84,5,5.130,11475000,18905000,81,1,1,9,9,0,1,0,0,0,0,0,0,0
1,10000334,08,19740,059,010308,20.07,129474,119980,1.0791,130400,64195000,7,5,1,1,59.70,1,120,5,4.920,64195000,107505000,117,1,1,9,9,0,1,0,0,0,0,0,0,0
1,10000335,36,10580,093,033500,26.48,97679,109385,0.8930,117800,455000,7,1,1,1,70.40,1,120,1,5.700,6905000,645000,117,1,1,9,9,0,1,0,0,0,0,0,0,0
1,10000336,09,35300,170,140102,52.53,0,105763,0.0000,110400,24005000,7,3,1,1,51.40,1,84,5,5.045,24005000,46705000,81,1,9,9,9,0,1,0,0,0,0,1,0,0
1,10000337,42,37980,017,104800,12.17,147361,108977,1.3522,114700,36465000,7,1,1,1,63.90,1,120,4,5.400,36465000,57105000,117,1,1,9,9,0,1,0,0,0,0,0,1,0
1,10000338,13,12060,089,022205,57.17,94951,98569,0.9633,106100,34005000,7,1,1,1,64.30,1,60,5,5.360,34005000,52905000,57,1,1,9,9,0,1,0,0,0,0,0,0,0
1,10000339,39,17140,061,022602,29.77,120208,97826,1.2288,103700,9005000,7,1,1,1,64.40,1,60,3,4.985,9005000,13975000,57,1,1,9,9,0,1,0,0,0,0,0,1,0
1,10000340,06,41860,001,450606,51.26,250001,154003,1.6234,166600,15005000,7,1,1,1,44.20,1,60,3,4.720,15005000,33905000,57,1,1,9,9,0,1,0,0,0,0,0,1,0
1,10000341,34,35620,017,015100,87.67,49500,113844,0.4348,119300,4815000,7,1,1,1,59.50,1,120,1,6.305,4815000,8105000,117,1,1,9,9,0,1,0,0,0,0,0,0,0
1,10000342,08,19740,035,014504,23.89,101944,119980,0.8497,130400,2255000,9,3,1,2,34.70,2,120,3,7.660,2255000,11805000,117,1,9,9,9,0,1,0,0,0,0,0,1,0
1,10000343,13,12060,067,030240,40.32,122917,98569,1.2470,106100,29335000,1,1,1,1,65.00,1,84,5,5.370,29335000,45145000,81,1,1,9,9,0,1,0,0,0,0,0,0,0
1,10000344,48,12420,453,040700,80.93,23984,115204,0.2082,126000,4785000,1,1,1,1,61.90,1,84,3,5.450,4785000,7725000,81,1,1,9,9,91,1,0,0,0,0,1,0,0
1,10000345,29,28140,095,012703,39.10,102641,99766,1.0288,103000,1065000,9,1,1,2,68.70,1,117,3,8.050,3115000,9805000,114,1,9,9,9,0,1,0,0,0,0,0,0,0
1,10000346,01,13820,073,012918,62.78,75350,87341,0.8627,94200,17785000,2,1,1,1,69.20,1,120,5,5.110,17785000,25715000,117,1,1,9,9,0,1,0,0,0,0,0,0,0
1,10000347,36,35620,047,075800,17.51,60667,113844,0.5329,119300,6285000,2,1,1,1,64.10,1,60,3,5.540,6285000,9805000,57,1,1,9,9,0,1,0,0,0,0,0,1,0
1,10000348,06,31080,037,302104,56.47,80560,101056,0.7972,105700,46185000,7,3,1,1,52.00,1,60,5,5.870,46185000,88855000,57,1,1,9,9,0,1,0,0,0,0,0,0,0
1,10000349,06,41940,085,505015,80.48,172694,172303,1.0023,180400,143325000,7,1,1,1,57.50,1,60,5,5.925,143325000,249235000,57,1,1,9,9,0,1,0,0,0,0,0,1,0
1,10000350,48,99999,223,950402,33.27,77614,78350,0.9906,83200,2675000,2,5,1,1,63.70,1,60,2,6.110,12805000,4205000,57,1,1,9,9,0,1,1,0,0,0,0,0,0
1,10000351,18,29200,157,001501,36.56,72044,80868,0.8909,83100,7235000,1,1,1,1,74.40,1,84,3,5.310,7235000,9715000,81,1,1,9,9,0,1,0,0,0,0,1,0,0
1,10000352,42,37980,045,401103,26.41,130737,108977,1.1997,114700,25265000,7,1,1,1,60.80,1,60,5,5.780,25265000,41575000,57,1,1,9,9,20,1,0,0,0,0,0,0,0
1,10000353,17,16980,031,032100,43.43,115323,106055,1.0874,109800,10445000,2,1,1,1,53.00,1,60,4,5.590,10445000,19705000,57,1,1,9,9,0,1,0,0,0,0,0,0,0
1,10000354,48,19100,113,010805,95.34,63393,99957,0.6342,107300,30005000,2,1,1,1,75.00,1,207,5,3.260,30005000,40005000,204,1,1,9,9,90,1,0,0,0,0,1,0,0
1,10000355,06,31080,037,120106,95.52,40466,101056,0.4004,105700,3375000,7,5,1,1,40.00,1,120,2,4.510,3375000,8455000,117,1,1,9,9,97,1,0,0,0,0,1,0,0
1,10000356,40,36420,109,108520,23.54,209821,84302,2.4889,89100,12005000,7,3,1,1,53.10,1,120,5,5.640,12005000,22605000,117,1,1,9,9,0,1,0,0,0,0,0,1,0
1,10000357,48,12420,491,020334,43.73,92428,115204,0.8023,126000,60475000,1,1,1,1,75.00,1,120,5,5.660,60475000,80625000,117,1,1,9,9,50,1,0,0,0,0,0,0,0
1,10000358,27,33460,141,031500,36.94,57202,119274,0.4796,123700,6005000,1,1,1,1,56.60,1,60,3,5.310,6005000,10605000,57,1,1,9,9,0,1,0,0,0,0,1,0,0
1,10000359,45,44940,085,000800,92.91,29522,67621,0.4366,72500,5215000,7,1,1,1,70.00,1,84,4,6.060,5215000,7455000,81,1,1,9,9,0,1,0,0,0,0,1,0,0
1,10000360,24,47900,033,800103,80.03,75809,144539,0.5245,152900,23005000,7,1,1,1,71.90,1,60,4,4.830,23005000,32005000,57,1,1,9,9,0,1,0,0,0,0,1,0,0
1,10000361,48,11100,375,011800,40.64,68177,82962,0.8218,87600,22395000,7,1,1,1,65.00,1,120,5,4.990,22395000,34455000,117,1,1,9,9,0,1,0,0,0,0,0,0,0
1,10000362,12,36740,095,015501,34.81,92102,83343,1.1051,90400,41085000,7,1,1,1,65.00,1,84,5,5.390,41085000,63205000,81,1,1,9,9,0,1,0,0,0,0,0,1,0
1,10000363,29,28140,095,012502,41.30,72783,99766,0.7295,103000,965000,9,1,1,2,68.70,1,117,2,8.050,3115000,8855000,114,1,9,9,9,0,1,0,0,0,0,0,0,0
1,10000364,49,30860,005,000501,31.81,49614,81869,0.6060,95800,7745000,2,1,1,1,58.10,1,120,2,5.760,7745000,13335000,117,1,1,9,9,0,1,0,0,0,0,1,0,0
1,10000365,48,19100,113,016518,79.44,63613,99957,0.6364,107300,13305000,1,1,1,1,73.60,1,60,5,5.450,13305000,18075000,57,1,1,9,9,100,1,0,0,0,0,1,0,0
1,10000366,11,47900,001,004300,40.04,250001,144539,1.7296,152900,33255000,7,1,1,1,54.30,1,60,5,6.160,33255000,61205000,57,1,1,9,9,99,1,0,0,0,0,0,0,0
1,10000367,36,35620,081,085300,96.81,39363,113844,0.3458,119300,8005000,7,3,1,1,19.10,1,60,5,6.500,8005000,44405000,57,1,9,9,9,0,1,0,0,0,0,1,0,0
1,10000368,42,38300,129,801300,7.38,82188,96434,0.8523,100600,8025000,7,1,1,1,68.30,2,120,3,5.330,8025000,11765000,117,1,1,9,9,98,1,0,0,0,0,0,0,0
1,10000369,47,34980,037,019003,70.83,45098,96905,0.4654,104700,13505000,7,1,1,1,61.40,1,60,4,4.570,13505000,22005000,57,1,1,9,9,0,1,0,0,0,0,1,0,0
1,10000370,48,19100,113,019026,56.13,96103,99957,0.9614,107300,22635000,1,1,1,1,71.80,1,216,5,5.830,22635000,31505000,213,1,9,9,9,100,1,0,0,0,0,0,0,0
1,10000371,48,26420,201,410102,58.97,44489,92750,0.4797,95200,46985000,1,5,1,1,63.80,1,60,5,5.720,46985000,73695000,57,1,1,9,9,0,1,0,0,0,0,0,0,0
1,10000372,47,34980,037,019402,22.86,154632,96905,1.5957,104700,3025000,1,1,1,2,55.00,2,53,5,7.580,3025000,78005000,50,1,1,9,9,0,1,0,0,0,0,1,0,0
1,10000373,48,12420,209,010305,59.00,50972,115204,0.4425,126000,9075000,7,1,1,1,55.00,1,60,5,5.880,9075000,16505000,57,1,1,9,9,100,1,0,0,0,0,1,0,0
1,10000374,42,37980,091,200301,32.79,97206,108977,0.8920,114700,92895000,1,1,1,1,64.10,1,60,5,5.510,92895000,144955000,57,1,1,9,9,0,1,0,0,0,0,0,0,0
1,10000375,13,12060,151,070507,64.79,94650,98569,0.9602,106100,39375000,1,1,1,1,60.00,1,60,5,5.460,119345000,62405000,57,1,1,9,9,0,1,0,0,0,0,0,0,0
1,10000376,42,37980,101,020900,22.65,130682,108977,1.1992,114700,1075000,9,1,1,2,69.90,1,80,2,7.830,1075000,10205000,77,1,9,9,9,0,1,0,0,0,0,0,0,0
1,10000377,47,16860,065,010308,7.70,92560,82235,1.1256,92100,8125000,1,1,1,1,70.00,1,120,3,5.040,8125000,11605000,117,1,1,9,9,0,1,0,0,0,0,0,0,0
1,10000378,48,19100,113,009001,95.50,56078,99957,0.5610,107300,15565000,1,1,1,1,73.50,1,120,5,6.100,15565000,21165000,117,1,1,9,9,100,1,0,0,0,0,1,0,0
1,10000379,45,16700,015,020506,47.15,63860,96573,0.6613,105100,1425000,1,1,1,2,65.00,1,93,3,8.250,1425000,11805000,90,1,1,9,9,0,1,0,0,0,0,0,0,0
1,10000380,48,45500,037,010500,76.33,27900,68983,0.4045,67800,1375000,7,1,1,1,62.60,1,60,2,7.180,1375000,2205000,57,1,9,9,9,0,1,0,0,0,0,1,0,0
1,10000381,39,18140,049,010202,50.04,78547,97262,0.8076,103300,39375000,1,1,1,1,70.00,1,84,5,5.490,39375000,56255000,81,1,1,9,9,0,1,0,0,0,0,0,0,0
1,10000382,49,41620,035,101600,24.40,125125,106248,1.1777,115400,3005000,7,1,1,1,38.00,2,120,2,5.800,3005000,7905000,117,1,1,9,9,0,1,0,0,0,0,1,0,0
1,10000383,18,21780,163,003600,30.33,42232,82873,0.5096,81400,5915000,1,5,1,1,53.40,1,60,5,5.835,5915000,11075000,57,1,1,9,9,0,1,0,0,0,0,1,0,0
1,10000384,17,16980,089,850706,9.68,145625,106055,1.3731,109800,17695000,1,1,1,1,75.00,1,60,3,5.970,17695000,23605000,57,1,1,9,9,0,1,0,0,0,0,0,1,0
1,10000385,06,41860,001,437300,89.07,87750,154003,0.5698,166600,22505000,1,1,1,1,64.20,1,84,5,5.430,22505000,35025000,81,1,1,9,9,100,1,0,0,0,0,0,0,0
1,10000386,12,33100,011,041900,26.14,153846,80554,1.9099,87600,72705000,2,1,1,1,44.70,1,60,5,5.195,72705000,162505000,57,1,1,9,9,0,1,0,0,0,0,0,1,0
1,10000387,21,30460,067,003000,28.36,78034,89904,0.8680,95200,4885000,1,1,1,1,73.60,2,120,3,5.930,9005000,6645000,117,1,1,9,9,0,1,0,0,0,0,0,0,0
1,10000388,48,19100,085,031624,61.07,0,99957,0.0000,107300,19435000,2,1,1,1,64.60,1,60,5,5.520,19435000,30105000,57,1,1,9,9,0,1,0,0,0,0,0,0,0
1,10000389,42,37980,101,038900,96.32,79375,108977,0.7284,114700,2655000,1,1,1,1,69.80,1,60,2,6.680,5045000,3795000,57,1,1,9,9,0,1,0,0,0,0,1,0,0
1,10000390,48,19100,085,031627,35.91,133229,99957,1.3329,107300,15165000,2,1,1,1,64.80,1,60,5,5.520,15165000,23405000,57,1,1,9,9,0,1,0,0,0,0,0,0,0
1,10000391,08,14500,013,013003,16.91,159861,136591,1.1704,148400,55105000,7,5,1,1,68.00,1,120,5,4.800,55105000,81005000,117,1,1,9,9,0,1,0,0,0,0,0,0,0
1,10000392,25,14460,009,206500,81.35,47621,134646,0.3537,142000,435000,9,1,1,2,58.30,1,269,1,8.820,435000,2105000,266,1,9,9,9,0,1,0,0,0,0,1,0,0
1,10000393,37,99999,195,000601,71.57,34732,68993,0.5034,73300,41815000,7,1,1,1,73.90,1,60,5,6.050,41815000,56605000,57,1,1,9,9,0,1,1,0,0,0,0,0,0
1,10000394,38,22020,017,040501,21.83,116034,104548,1.1099,105900,14055000,1,1,1,1,65.00,1,60,5,5.635,14055000,21635000,57,1,1,9,9,0,1,0,0,0,0,0,0,0
1,10000395,27,33460,053,020201,74.20,42463,119274,0.3560,123700,11575000,1,1,1,1,66.80,1,84,4,5.890,11575000,17345000,81,1,1,9,9,0,1,0,0,0,0,1,0,0
1,10000396,30,33540,063,001303,15.10,78125,89466,0.8732,90200,4805000,7,1,1,1,65.00,1,60,3,6.090,4805000,7395000,57,1,1,9,9,0,1,0,0,0,0,1,0,0
1,10000397,36,35620,119,004600,23.93,178705,113844,1.5697,119300,655000,7,3,1,1,6.40,1,120,1,6.510,655000,10105000,117,1,9,9,9,0,1,0,0,0,0,0,1,0
1,10000398,06,31080,059,088502,88.14,87262,101056,0.8635,105700,13015000,7,1,1,1,26.70,1,120,4,5.280,13015000,48805000,117,1,1,9,9,0,1,0,0,0,0,0,0,0
1,10000399,18,26900,063,210106,26.83,136225,93688,1.4540,101200,8505000,1,5,1,1,42.50,1,120,5,5.690,8505000,20005000,96,1,1,9,9,40,1,0,0,0,0,0,1,0
1,10000400,51,40060,085,321202,31.92,86420,104391,0.8279,110000,30005000,7,1,1,1,69.90,1,120,5,5.510,30005000,42905000,117,1,1,9,9,0,1,0,0,0,0,0,0,0
1,10000401,06,46700,095,253105,63.74,99783,110159,0.9058,113200,53965000,2,1,1,1,65.00,1,84,5,4.960,53965000,83035000,81,1,1,9,9,0,1,0,0,0,0,0,0,0
1,10000402,49,41100,053,271300,30.00,63229,89507,0.7064,101200,9755000,7,5,1,1,65.00,1,60,3,4.700,9755000,15005000,57,1,1,9,9,0,1,0,0,0,0,1,0,0
1,10000403,08,99999,007,974202,24.65,78836,85298,0.9242,94200,3325000,1,1,1,1,64.60,1,60,2,6.260,3325000,5155000,57,1,1,9,9,0,1,1,0,0,0,0,1,0
1,10000404,39,18140,049,002200,21.99,153618,97262,1.5794,103300,2355000,7,1,1,1,61.80,1,60,1,6.200,2355000,3805000,57,1,1,9,9,0,1,0,0,0,0,0,0,0
1,10000405,36,10580,093,033500,26.48,97679,109385,0.8930,117800,575000,7,1,1,1,70.40,1,120,1,5.700,6905000,815000,117,1,1,9,9,0,1,0,0,0,0,0,0,0
1,10000406,13,12060,067,030511,58.59,111042,98569,1.1265,106100,21705000,7,1,1,1,70.00,1,84,5,5.490,21705000,31005000,81,1,1,9,9,0,1,0,0,0,0,0,0,0
1,10000407,05,30780,119,002203,37.14,84470,81609,1.0351,86400,8805000,1,1,1,1,80.00,1,180,5,5.650,8805000,11005000,177,1,1,9,9,0,1,0,0,0,0,0,0,0
1,10000408,09,25540,110,503000,94.12,68482,115967,0.5905,122400,615000,7,1,1,1,70.00,1,60,1,7.740,1225000,875000,57,1,1,9,9,0,1,0,0,0,0,1,0,0
1,10000409,06,40140,071,002023,64.25,68118,90585,0.7520,97500,2155000,9,5,1,2,63.30,1,59,5,7.245,2155000,88205000,56,1,1,9,9,0,1,0,0,0,0,0,0,0
1,10000410,08,19740,005,081002,77.84,56484,119980,0.4708,130400,48325000,7,1,1,1,56.70,1,60,5,5.550,48325000,85205000,57,1,1,9,9,0,1,0,0,0,0,1,0,0
1,10000411,39,99999,043,040900,25.82,57656,82540,0.6985,94400,2175000,7,1,1,1,72.60,1,180,2,5.370,7875000,3005000,177,1,1,9,9,0,1,1,0,0,0,0,1,0
1,10000412,36,10580,093,033500,26.48,97679,109385,0.8930,117800,535000,7,1,1,1,70.40,1,120,1,5.700,6905000,755000,117,1,1,9,9,0,1,0,0,0,0,0,0,0
1,10000413,48,12420,453,045300,55.68,151333,115204,1.3136,126000,50055000,1,1,1,1,70.00,1,84,5,5.640,50055000,71505000,81,1,1,9,9,90,1,0,0,0,0,0,0,0
1,10000414,30,13740,111,000708,27.95,53462,91749,0.5827,100000,4535000,1,1,1,2,51.60,1,94,5,8.030,4535000,32355000,91,1,9,9,9,0,2,0,0,0,0,0,0,0
1,10000415,37,24780,147,001403,40.69,79526,73970,1.0751,84700,15715000,7,1,1,1,64.40,1,60,4,5.250,15715000,24405000,57,1,1,9,9,0,1,0,0,0,0,0,0,0
1,10000416,26,12980,025,004000,11.57,75789,74187,1.0216,77200,4805000,1,1,1,1,50.50,1,120,4,5.530,4805000,9505000,117,1,9,9,9,100,1,1,0,0,0,0,0,0
1,10000417,06,41860,041,103200,43.27,120983,154003,0.7856,166600,2655000,9,1,1,2,59.70,1,49,2,7.830,2655000,19505000,46,1,1,9,9,0,1,0,0,0,0,0,1,0
1,10000418,17,16980,031,030706,45.31,0,106055,0.0000,109800,15075000,2,1,1,1,53.40,1,60,5,5.580,15075000,28205000,57,1,1,9,9,0,1,0,0,0,0,1,0,0
1,10000419,06,31080,037,234902,96.39,42978,101056,0.4253,105700,8075000,7,5,1,1,50.90,1,120,2,4.510,8075000,15885000,117,1,1,9,9,98,1,0,0,0,0,1,0,0
1,10000420,37,99999,045,950702,40.12,99833,67542,1.4781,73300,11255000,1,3,1,1,82.10,1,192,4,5.120,9255000,13705000,180,1,9,9,9,100,1,1,0,0,0,0,1,0
1,10000421,08,19740,059,011807,35.34,74831,119980,0.6237,130400,52015000,1,5,1,1,69.60,1,120,5,5.470,52015000,74725000,117,1,1,9,9,0,1,0,0,0,0,0,0,0
1,10000422,05,30780,119,004220,76.46,75344,81609,0.9232,86400,6675000,7,5,1,1,68.20,1,120,3,5.810,6675000,9805000,117,1,1,9,9,0,1,0,0,0,0,0,0,0
1,10000423,34,35620,025,803601,30.56,250001,113844,2.1960,119300,18655000,7,1,1,1,58.10,1,60,3,5.610,18655000,32105000,57,1,1,9,9,0,1,0,0,0,0,0,0,0
1,10000424,39,18140,045,031300,10.23,97717,97262,1.0047,103300,1545000,2,1,1,1,49.90,1,120,3,5.840,1545000,3085000,117,1,9,9,9,99,1,1,0,0,0,1,0,0
1,10000425,48,11100,375,011500,39.56,69155,82962,0.8336,87600,485000,1,1,1,1,62.10,1,120,1,6.660,4275000,785000,117,1,1,9,9,0,1,0,0,0,0,0,0,0
1,10000426,06,40900,067,008508,54.51,190951,106925,1.7858,113700,58355000,7,1,1,1,57.70,1,60,5,5.360,58355000,101105000,57,1,1,9,9,0,1,0,0,0,0,0,1,0
1,10000427,08,22660,069,001714,15.76,171043,112985,1.5139,118800,46625000,2,5,1,1,64.90,1,84,5,4.905,46625000,71805000,81,1,1,9,9,0,1,0,0,0,0,0,0,0
1,10000428,42,37980,101,009200,78.84,48125,108977,0.4416,114700,4995000,2,1,1,1,64.50,1,60,2,6.040,4995000,7755000,57,1,1,9,9,0,1,0,0,0,0,1,0,0
1,10000429,24,47900,017,851004,55.64,127817,144539,0.8843,152900,7495000,1,1,1,1,65.00,1,84,3,5.750,7495000,11525000,81,1,1,9,9,0,1,0,0,0,0,0,0,0
1,10000430,48,12420,453,000305,28.78,129792,115204,1.1266,126000,4515000,2,5,1,1,52.80,1,84,3,5.540,28045000,10305000,81,1,1,9,9,30,1,0,0,0,0,0,0,0
1,10000431,33,99999,005,970200,7.98,109823,99846,1.0999,104500,3195000,7,1,1,1,72.70,1,120,2,5.960,3195000,4405000,117,1,1,9,9,100,1,1,0,0,0,0,1,0
1,10000432,39,19430,113,165200,60.47,115547,87717,1.3173,92900,4365000,7,1,1,1,52.90,1,60,3,5.550,4365000,8255000,57,1,1,9,9,0,1,0,0,0,0,1,0,0
1,10000433,49,36260,057,210518,18.31,98293,102427,0.9596,109800,18025000,7,1,1,1,61.30,1,60,4,5.010,18025000,29425000,57,1,1,9,9,0,1,0,0,0,0,0,0,0
1,10000434,41,41420,047,001605,72.71,32847,85870,0.3825,91300,13755000,7,1,1,1,61.20,1,120,4,5.760,13755000,22455000,117,1,1,9,9,0,1,0,0,0,0,1,0,0
1,10000435,04,38060,013,111800,31.91,181375,93191,1.9463,101300,55255000,1,1,1,1,65.00,1,84,5,5.230,55255000,85005000,81,1,1,9,9,0,1,0,0,0,0,0,0,0
1,10000436,36,35620,119,002202,26.48,176761,113844,1.5527,119300,32955000,7,1,1,1,64.20,1,60,3,5.820,32955000,51305000,57,1,1,9,9,0,1,0,0,0,0,0,1,0
1,10000437,06,31080,037,207902,66.09,124915,101056,1.2361,105700,31035000,7,1,1,1,63.90,1,120,4,5.030,31035000,48575000,117,1,1,9,9,30,1,0,0,0,0,0,0,0
1,10000438,09,25540,110,514500,48.45,82299,115967,0.7097,122400,1545000,7,1,1,1,65.00,2,84,1,5.355,59805000,2375000,81,1,1,9,9,0,1,0,0,0,0,0,0,0
1,10000439,48,99999,265,960601,48.03,49292,81491,0.6049,86500,7075000,7,3,1,1,70.00,1,120,3,6.050,7075000,10105000,117,1,1,9,9,0,1,1,0,0,0,0,0,0
1,10000440,48,99999,471,790700,57.06,57729,71129,0.8116,76100,4165000,7,1,1,1,59.40,1,60,2,6.480,4165000,7005000,57,1,1,9,9,0,1,1,0,0,0,1,0,0
1,10000441,48,12420,453,030200,29.22,156477,115204,1.3583,126000,12615000,2,1,1,1,57.90,1,84,4,4.650,12615000,21805000,81,1,1,9,9,76,1,0,0,0,0,0,0,0
1,10000442,31,30700,109,003728,15.65,100888,95060,1.0613,102200,8945000,7,1,1,1,61.00,1,120,3,5.810,8945000,14655000,117,1,1,9,9,0,1,0,0,0,0,0,0,0
1,10000443,36,35620,005,029700,41.65,158750,113844,1.3945,119300,3005000,9,3,1,2,29.10,2,75,4,7.520,3005000,53105000,72,1,1,9,9,0,1,0,0,0,0,0,1,0
1,10000444,53,48300,007,960700,18.25,128516,86553,1.4848,100300,24665000,2,3,1,1,65.00,1,120,5,4.940,24665000,37955000,117,1,9,9,9,0,1,1,0,0,0,0,0,0
1,10000445,27,33460,123,032400,70.80,60096,119274,0.5039,123700,6505000,2,1,1,1,79.60,1,192,4,3.780,6505000,8165000,189,1,9,9,9,100,1,0,0,0,0,1,0,0
1,10000446,53,38900,011,041500,16.47,90227,110489,0.8166,116900,6905000,7,5,1,1,69.80,1,84,3,5.625,6905000,9905000,81,1,1,9,9,100,1,0,0,0,0,0,0,0
1,10000447,48,99999,299,970402,13.31,115502,78092,1.4791,82900,1905000,7,1,1,1,56.70,1,60,2,6.550,1905000,3355000,57,1,1,9,9,0,1,1,0,0,0,0,0,0
1,10000448,54,25180,003,971402,29.96,70060,86810,0.8071,84200,17935000,7,1,1,1,65.50,1,60,4,5.680,17935000,27405000,57,1,1,9,9,0,1,0,0,0,0,0,0,0
1,10000449,18,21780,163,000204,21.63,68224,82873,0.8232,81400,5675000,2,1,1,1,70.00,1,120,3,5.380,19985000,8105000,117,1,1,9,9,0,1,0,0,0,0,0,0,0
1,10000450,48,19100,121,021737,63.28,155122,99957,1.5519,107300,38565000,7,1,1,1,62.50,1,60,5,5.520,38565000,61705000,57,1,1,9,9,0,1,0,0,0,0,0,0,0
1,10000451,48,11100,381,022001,40.23,103841,82962,1.2517,87600,24345000,7,1,1,1,68.20,2,120,5,5.880,24345000,35705000,117,1,1,9,9,0,1,0,0,0,0,0,0,0
1,10000452,36,28880,027,140302,53.93,119076,113377,1.0503,114800,3135000,7,1,1,1,59.10,1,120,2,6.130,3135000,5305000,117,1,1,9,9,0,1,0,0,0,0,0,0,0
1,10000453,41,38900,051,000101,16.20,149318,110489,1.3514,116900,4945000,1,1,1,1,60.40,1,120,2,6.345,4945000,8205000,117,1,1,9,9,0,1,0,0,0,0,0,1,0
1,10000454,39,17140,061,026500,39.71,132381,97826,1.3532,103700,59405000,7,1,1,1,55.00,1,60,5,5.800,59405000,108005000,57,1,1,9,9,0,1,0,0,0,0,0,0,0
1,10000455,39,17410,035,107701,35.59,103149,90488,1.1399,97200,11255000,2,1,1,1,65.50,1,120,3,6.165,11255000,17205000,117,1,9,9,9,0,1,0,0,0,0,0,0,0
1,10000456,37,16740,179,020602,60.32,70658,93744,0.7537,100300,7645000,2,5,1,1,63.70,2,60,3,5.990,7645000,12005000,57,1,1,9,9,0,1,0,0,0,0,1,0,0
1,10000457,09,47930,140,125200,47.33,72196,105763,0.6826,110400,3265000,7,1,1,1,71.80,1,120,1,5.650,7185000,4545000,117,1,1,9,9,0,1,0,0,0,0,1,0,0
1,10000458,13,12060,135,050235,69.27,131387,98569,1.3329,106100,25535000,2,1,1,1,54.80,1,60,5,5.630,25535000,46605000,57,1,1,9,9,0,1,0,0,0,0,0,0,0
1,10000459,33,99999,005,971402,9.62,103378,99846,1.0354,104500,5535000,7,1,1,1,69.20,1,120,3,5.960,5535000,8005000,117,1,1,9,9,100,1,1,0,0,0,0,1,0
1,10000460,53,38900,011,041317,35.56,78139,110489,0.7072,116900,11395000,7,1,1,1,56.20,2,108,3,5.605,11395000,20255000,105,1,1,9,9,0,1,0,0,0,0,0,0,0
1,10000461,12,27260,031,014414,56.70,63333,88994,0.7117,98000,26155000,7,1,1,1,55.10,1,60,5,5.400,26155000,47505000,57,1,1,9,9,0,1,0,0,0,0,0,0,0
1,10000462,34,35620,003,019104,71.46,115690,113844,1.0162,119300,755000,7,3,1,1,2.70,2,120,4,7.100,755000,27305000,117,9,9,9,9,0,1,0,0,0,0,0,0,0
1,10000463,08,17820,041,003705,21.31,138702,98394,1.4097,103700,51355000,7,5,1,1,65.00,1,60,5,5.810,51355000,79005000,57,1,1,9,9,0,1,0,0,0,0,1,0,0
1,10000464,49,36260,011,125413,14.09,149091,102427,1.4556,109800,10905000,7,1,1,1,54.20,1,84,3,5.560,10905000,20105000,81,1,1,9,9,0,1,0,0,0,0,0,1,0
1,10000465,11,47900,001,008803,69.45,53457,144539,0.3698,152900,47195000,2,1,1,1,65.00,1,60,5,5.330,47195000,72605000,57,1,1,9,9,0,1,0,0,0,0,1,0,0
1,10000466,17,16980,031,150200,49.57,109118,106055,1.0289,109800,1185000,7,1,1,1,51.60,1,84,1,5.290,8635000,2305000,81,1,1,9,9,0,1,0,0,0,0,0,0,0
1,10000467,06,44700,077,003110,71.95,69654,91565,0.7607,103800,9955000,7,1,1,1,62.90,1,120,4,5.580,9955000,15845000,117,1,1,9,9,0,1,0,0,0,0,1,0,0
1,10000468,45,43900,083,023302,69.41,40383,75197,0.5370,72500,31675000,1,1,1,1,64.30,1,60,5,5.490,31675000,49255000,57,1,1,9,9,0,1,0,0,0,0,0,0,0
1,10000469,27,33460,037,060747,39.37,118347,119274,0.9922,123700,32605000,7,1,1,1,65.00,2,60,5,5.465,32605000,50165000,57,1,1,9,9,0,1,0,0,0,0,0,1,0
1,10000470,53,28420,005,010902,48.43,65496,92746,0.7062,99900,8485000,7,1,1,1,65.00,1,120,3,5.075,8485000,13055000,117,1,1,9,9,50,1,0,0,0,0,1,0,0
1,10000471,06,40900,113,010902,67.89,66167,106925,0.6188,113700,5885000,1,5,1,1,73.60,1,120,3,5.720,5885000,7995000,117,1,1,9,9,97,1,0,0,0,0,0,0,0
1,10000472,37,16740,119,002910,17.96,159620,93744,1.7027,100300,55165000,1,1,1,1,60.80,1,60,5,5.580,55165000,90715000,57,1,1,9,9,0,1,0,0,0,0,0,0,0
1,10000473,12,29460,105,012414,21.21,60278,69667,0.8652,76400,40885000,2,5,1,1,64.50,1,60,5,5.550,40885000,63405000,57,1,1,9,9,0,1,0,0,0,0,0,1,0
1,10000474,53,42660,061,040800,28.58,123977,127870,0.9696,136600,9775000,7,1,1,1,61.50,1,60,3,5.470,9775000,15905000,57,1,1,9,9,0,1,0,0,0,0,1,0,0
1,10000475,06,41860,041,125000,32.51,245114,154003,1.5916,166600,42725000,7,1,1,1,48.40,1,60,5,5.620,42725000,88205000,57,1,1,9,9,0,1,0,0,0,0,0,0,0
1,10000476,48,21340,141,010203,93.91,47000,61466,0.7647,63100,955000,2,1,1,1,78.30,1,120,2,5.110,18925000,1225000,117,1,1,9,9,100,1,1,0,0,0,0,0,1
1,10000477,18,26900,097,350300,76.42,19196,93688,0.2049,101200,9625000,7,1,1,1,62.90,1,60,5,4.990,9625000,15305000,57,1,1,9,9,0,1,0,0,0,0,1,0,0
1,10000478,42,37980,091,206202,23.41,71250,108977,0.6538,114700,1335000,1,1,1,1,65.00,1,60,1,6.580,1335000,2065000,57,1,1,9,9,0,1,0,0,0,0,0,0,0
1,10000479,17,16980,043,846410,59.83,131601,106055,1.2409,109800,70985000,1,1,1,1,65.00,1,60,5,4.870,70985000,109205000,57,1,1,9,9,0,1,0,0,0,0,0,1,0
1,10000480,01,99999,047,956300,92.06,42669,64305,0.6635,66100,3915000,7,1,1,1,63.10,1,120,3,5.770,3915000,6205000,117,1,1,9,9,0,1,1,1,0,0,1,0,0
1,10000481,49,41620,035,113308,66.34,67621,106248,0.6364,115400,2215000,7,1,1,1,33.70,1,120,2,5.230,2215000,6585000,117,1,9,9,9,100,1,0,0,0,0,0,0,0
1,10000482,40,36420,109,108230,40.76,66477,84302,0.7886,89100,13265000,1,1,1,1,63.20,1,60,5,4.980,13265000,21005000,57,1,1,9,9,0,1,0,0,0,0,0,0,0
1,10000483,48,41700,013,960403,62.10,84922,85469,0.9936,89300,5525000,7,1,1,1,49.80,1,60,3,5.660,5525000,11105000,57,1,1,9,9,0,1,0,0,0,0,0,0,0
1,10000484,48,19100,113,002001,71.35,93451,99957,0.9349,107300,29635000,7,1,1,1,49.30,1,60,5,5.235,29635000,60055000,57,1,1,9,9,0,1,0,0,0,0,1,0,0
1,10000485,28,27140,049,000400,70.06,72614,76033,0.9550,80100,3085000,1,5,1,1,79.20,1,60,3,6.140,3085000,3895000,57,1,9,9,9,100,1,0,0,0,0,0,0,0
1,10000486,39,17410,035,175110,19.48,71573,90488,0.7910,97200,39935000,7,1,1,1,64.40,1,120,5,5.350,39935000,62005000,117,1,1,9,9,0,1,0,0,0,0,0,0,0
1,10000487,13,12060,063,040302,89.32,37961,98569,0.3851,106100,10715000,2,1,1,1,61.20,1,60,4,5.740,10715000,17505000,57,1,1,9,9,0,1,0,0,0,0,1,0,0
1,10000488,08,17820,041,005121,35.09,99205,98394,1.0082,103700,66625000,1,1,1,1,65.00,1,60,5,4.900,66625000,102505000,57,1,1,9,9,0,1,0,0,0,0,0,1,0
1,10000489,27,33460,163,071010,27.86,155556,119274,1.3042,123700,33005000,1,1,1,1,63.50,1,84,5,5.510,33005000,52005000,81,1,1,9,9,0,1,0,0,0,0,0,1,0
1,10000490,36,35620,061,004500,37.05,180000,113844,1.5811,119300,1805000,2,3,1,1,10.10,1,60,1,6.920,1805000,19305000,57,1,1,9,9,0,1,0,0,0,0,0,1,0
1,10000491,39,18140,049,008311,49.98,55744,97262,0.5731,103300,12925000,1,1,1,1,69.10,1,120,5,5.300,12925000,18705000,117,1,1,9,9,0,1,0,0,0,0,1,0,0
1,10000492,36,28880,027,140302,53.93,119076,113377,1.0503,114800,10805000,7,1,1,1,61.00,1,120,4,6.130,10805000,17705000,117,1,1,9,9,0,1,0,0,0,0,0,0,0
1,10000493,37,16740,119,005913,73.16,89142,93744,0.9509,100300,14255000,1,1,1,1,71.30,1,120,4,5.590,14255000,20005000,117,1,1,9,9,40,1,0,0,0,0,0,0,0
1,10000494,24,47900,031,700838,57.03,135190,144539,0.9353,152900,59945000,2,3,1,1,54.10,1,60,5,4.385,237755000,108205000,57,1,1,9,9,0,1,0,0,0,0,0,1,0
1,10000495,51,47260,700,031200,69.35,68750,95214,0.7221,100000,1935000,7,1,1,1,70.30,1,120,2,6.670,1935000,2765000,117,1,9,9,9,0,1,0,0,0,0,1,0,0
1,10000496,29,41180,189,211700,72.68,71587,97901,0.7312,103200,9315000,1,1,1,1,75.00,1,84,4,5.290,9315000,12415000,81,1,1,9,9,0,1,0,0,0,0,0,0,0
1,10000497,42,37980,101,033900,37.48,103517,108977,0.9499,114700,8585000,7,1,1,1,66.90,1,60,3,5.800,10165000,12835000,57,1,1,9,9,0,1,0,0,0,0,0,0,0
1,10000498,53,14740,035,092400,28.73,91659,109621,0.8361,119700,1605000,1,3,1,2,56.70,1,81,3,7.650,1605000,16005000,78,1,9,9,9,0,1,0,0,0,0,0,0,0
1,10000499,36,35620,061,016001,15.03,250001,113844,2.1960,119300,755000,7,3,1,1,6.70,1,120,2,6.800,755000,17805000,117,1,9,9,9,0,1,0,0,0,0,0,1,0
1,10000500,34,35620,031,182302,98.04,57063,113844,0.5012,119300,1365000,2,1,1,1,67.30,1,120,1,5.310,13655000,2025000,117,1,1,9,9,0,1,0,0,0,0,1,0,0
1,10000501,06,41940,085,508503,76.06,198508,172303,1.1521,180400,16665000,7,5,1,1,59.20,1,84,3,4.645,16665000,28125000,81,1,1,9,9,0,1,0,0,0,0,0,1,0
1,10000502,42,37980,017,100103,26.06,75400,108977,0.6919,114700,25965000,2,1,1,1,62.30,1,84,5,5.210,233465000,40755000,81,1,1,9,9,100,1,0,0,0,0,0,0,0
1,10000503,36,35620,081,098700,40.94,133790,113844,1.1752,119300,2005000,7,3,1,1,16.20,1,180,3,6.760,2005000,13605000,177,1,9,9,9,0,1,0,0,0,0,0,1,0
1,10000504,55,22540,039,041000,15.63,67903,93158,0.7289,95700,6405000,7,1,1,1,64.60,1,120,4,5.560,6405000,9905000,117,1,1,9,9,0,1,0,0,0,0,0,1,0
1,10000505,48,99999,053,960701,40.01,81875,87136,0.9396,92500,6115000,7,1,1,1,65.00,1,84,3,5.650,6115000,9405000,81,1,1,9,9,0,1,1,0,0,0,0,0,0
1,10000506,37,16740,119,005519,63.27,79977,93744,0.8531,100300,43255000,1,1,1,1,63.40,1,60,5,5.520,43255000,68255000,57,1,1,9,9,0,1,0,0,0,0,0,0,0
1,10000507,09,25540,110,514500,48.45,82299,115967,0.7097,122400,8015000,7,1,1,1,65.00,2,84,3,5.355,59805000,12325000,81,1,1,9,9,0,1,0,0,0,0,0,0,0
1,10000508,09,25540,110,514400,52.15,84676,115967,0.7302,122400,14795000,7,1,1,1,65.00,2,84,3,5.355,59805000,22765000,81,1,1,9,9,0,1,0,0,0,0,0,0,0
1,10000509,13,12060,117,130410,40.08,136830,98569,1.3882,106100,5485000,1,1,1,1,64.20,1,60,3,6.140,5485000,8545000,57,1,1,9,9,0,1,0,0,0,0,0,0,0
1,10000510,06,31080,059,011715,47.73,151429,101056,1.4985,105700,45855000,2,3,1,1,54.10,1,60,5,4.385,237755000,93205000,57,1,1,9,9,0,1,0,0,0,0,0,0,0
1,10000511,17,16980,031,710200,99.46,0,106055,0.0000,109800,1375000,1,1,1,1,64.60,1,84,1,5.740,10855000,2125000,81,1,1,9,9,31,1,0,0,0,0,1,0,0
1,10000512,39,18140,049,006396,30.94,101934,97262,1.0480,103300,11105000,7,1,1,1,67.30,1,120,4,5.345,11105000,16505000,117,1,1,9,9,0,1,0,0,0,0,0,0,0
1,10000513,12,45300,057,013503,80.94,55845,84454,0.6613,92000,14235000,7,1,1,1,65.00,1,60,4,5.480,14235000,21905000,57,1,1,9,9,0,1,0,0,0,0,1,0,0
1,10000514,49,36260,003,960302,22.28,68154,87041,0.7830,109800,39435000,7,1,1,1,60.10,1,120,5,5.250,39435000,65605000,117,1,1,9,9,0,1,1,0,0,0,0,0,0
1,10000515,45,16700,019,005800,29.41,111364,96573,1.1532,105100,45395000,2,3,1,1,61.10,1,60,5,5.230,137635000,75705000,57,1,1,9,9,0,1,0,0,0,0,0,0,0
1,10000516,42,37980,101,010800,86.94,33070,108977,0.3035,114700,4465000,7,1,1,1,69.70,2,60,2,6.300,4465000,6405000,57,1,1,9,9,0,1,0,0,0,0,1,0,0
1,10000517,06,46700,095,252611,82.67,98839,110159,0.8972,113200,2815000,1,1,1,1,54.60,2,60,2,5.670,2815000,5155000,57,1,1,9,9,0,1,0,0,0,0,0,0,0
1,10000518,24,47900,033,802804,98.66,62324,144539,0.4312,152900,11455000,1,1,1,1,64.10,1,84,3,5.370,206065000,18105000,81,1,9,9,9,96,1,0,0,0,0,0,0,0
1,10000519,53,42660,033,031206,49.80,100346,127870,0.7848,136600,25855000,7,5,1,1,62.70,1,84,5,5.590,25855000,41205000,81,1,1,9,9,20,1,0,0,0,0,0,0,0
1,10000520,42,37980,101,017800,81.43,31054,108977,0.2850,114700,765000,7,1,1,1,54.70,1,60,1,6.210,765000,1405000,57,1,1,9,9,0,1,0,0,0,0,1,0,0
1,10000521,53,42660,053,072314,44.11,101711,127870,0.7954,136600,28185000,7,1,1,1,34.20,1,84,5,4.810,28185000,82515000,81,1,1,9,9,0,1,0,0,0,0,0,0,0
1,10000522,09,47930,140,130102,24.77,120903,105763,1.1432,110400,4965000,7,1,1,1,68.50,1,120,2,6.290,4965000,7255000,117,1,1,9,9,0,1,0,0,0,0,0,1,0
1,10000523,55,99999,127,000600,23.78,83273,94281,0.8832,101200,11405000,7,1,1,1,64.80,1,120,5,5.630,11405000,17605000,117,1,1,9,9,0,1,1,0,0,0,0,0,0
1,10000524,49,36260,057,200302,53.03,58933,102427,0.5754,109800,18255000,7,1,1,1,53.70,1,60,3,5.410,18255000,34015000,57,1,1,9,9,0,1,0,0,0,0,0,0,0
1,10000525,17,16980,031,030800,28.06,172685,106055,1.6283,109800,2145000,7,1,1,1,52.60,1,120,2,5.730,7555000,4085000,117,1,1,9,9,0,1,0,0,0,0,0,0,0
1,10000526,34,35620,031,175301,96.16,50781,113844,0.4461,119300,6005000,7,1,1,1,37.70,1,120,4,5.640,6005000,15905000,117,1,1,9,9,0,1,0,0,0,0,1,0,0
1,10000527,29,41180,189,220448,15.30,94293,97901,0.9632,103200,9305000,9,1,1,2,56.00,2,153,5,7.820,9305000,54105000,150,1,9,9,9,0,1,0,0,0,0,0,0,0
1,10000528,34,37980,005,700407,66.54,0,108977,0.0000,114700,117855000,7,1,1,1,51.50,1,120,5,4.950,117855000,229005000,117,1,1,9,9,0,1,0,0,0,0,0,0,0
1,10000529,48,12420,453,002314,62.43,71900,115204,0.6241,126000,30305000,7,5,1,1,60.00,1,84,5,5.330,30305000,50505000,81,1,1,9,9,50,1,0,0,0,0,1,0,0
1,10000530,34,35620,017,001000,76.30,86818,113844,0.7626,119300,1015000,1,1,1,1,64.40,1,60,1,5.880,1015000,1575000,57,1,1,9,9,0,1,0,0,0,0,0,0,0
1,10000531,17,16980,089,852203,35.98,84734,106055,0.7990,109800,22705000,2,1,1,1,58.50,1,84,5,5.940,22705000,38805000,81,1,1,9,9,0,1,0,0,0,0,0,1,0
1,10000532,12,27260,031,014604,62.91,58424,88994,0.6565,98000,18245000,2,1,1,1,59.10,1,84,4,6.030,18245000,30905000,81,1,1,9,9,0,1,0,0,0,0,0,0,0
1,10000533,36,35620,047,050600,82.00,65833,113844,0.5783,119300,20505000,7,1,1,1,58.90,1,120,4,5.740,20505000,34805000,117,1,1,9,9,0,1,0,0,0,0,1,0,0
1,10000534,21,31140,111,010103,26.73,76575,88819,0.8622,95900,4675000,2,1,1,1,65.00,1,120,3,5.480,56055000,7505000,117,1,1,9,9,0,1,0,0,0,0,0,0,0
1,10000535,06,41740,073,015407,34.88,46673,111734,0.4177,119500,11135000,7,1,1,1,58.10,1,60,3,5.830,11135000,19155000,57,1,1,9,9,59,1,0,0,0,0,1,0,0
1,10000536,51,47900,059,460503,50.61,217273,144539,1.5032,152900,69975000,2,1,1,1,47.00,1,84,5,5.510,130705000,141705000,81,1,1,9,9,0,1,0,0,0,0,0,1,0
1,10000537,47,28940,093,004615,28.10,64868,84160,0.7708,89000,12205000,7,5,1,1,63.20,1,120,3,5.280,12205000,19305000,117,1,1,9,9,0,1,0,0,0,0,1,0,0
1,10000538,12,45300,057,012702,44.25,61875,84454,0.7327,92000,5005000,1,1,1,1,45.00,1,60,3,6.800,5005000,11105000,57,1,1,9,9,99,1,0,0,0,0,0,0,0
1,10000539,36,40380,051,030204,11.44,101016,93554,1.0798,96500,7775000,9,1,1,2,56.60,1,67,5,7.100,7775000,29445000,64,1,9,9,9,0,2,1,0,0,0,1,1,0
1,10000540,34,35620,017,007300,51.58,238250,113844,2.0928,119300,185785000,7,1,1,1,64.10,1,60,5,5.090,185785000,289975000,57,1,1,9,9,0,1,0,0,0,0,0,1,0
1,10000541,06,31080,037,127804,72.46,71250,101056,0.7051,105700,17805000,2,1,1,1,48.20,1,120,3,6.110,17805000,36895000,117,1,1,9,9,8,1,0,0,0,0,0,0,0
1,10000542,26,19820,125,140800,49.84,103250,93779,1.1010,97300,7285000,7,1,1,1,54.00,1,120,3,5.990,7285000,13505000,117,1,1,9,9,0,1,0,0,0,0,0,0,0
1,10000543,26,35660,021,011102,12.04,82471,79042,1.0434,85700,2565000,7,3,1,1,65.00,1,120,2,6.830,2565000,3955000,117,1,1,9,9,0,1,0,0,0,0,0,0,0
1,10000544,11,47900,001,007603,94.07,123099,144539,0.8517,152900,3075000,7,3,1,1,66.20,1,120,1,6.330,3075000,4655000,117,1,1,9,9,0,1,0,0,0,0,1,0,0
1,10000545,51,47260,710,004900,39.79,98333,95214,1.0328,100000,17205000,1,1,1,1,78.40,1,120,4,6.200,17205000,21935000,117,1,1,9,9,0,1,0,0,0,0,1,0,0
1,10000546,38,99999,093,967402,10.21,88320,94967,0.9300,101500,1005000,2,1,1,1,63.30,1,120,1,6.050,5345000,1585000,117,1,1,9,9,0,1,1,0,0,0,0,0,0
1,10000547,36,15380,063,022300,17.42,86300,90767,0.9508,96900,6795000,7,1,1,1,63.00,1,84,4,5.490,6795000,10805000,81,1,1,9,9,0,1,0,0,0,0,0,0,0
1,10000548,34,35620,013,002000,98.64,42356,113844,0.3721,119300,2475000,7,1,1,1,72.70,2,120,1,6.190,2475000,3405000,117,1,1,9,9,0,1,0,0,0,0,1,0,0
1,10000549,47,28940,001,020500,27.99,57109,84160,0.6786,89000,3265000,1,1,1,1,74.40,1,120,3,6.130,3265000,4385000,117,1,1,9,9,100,1,0,0,0,0,1,0,0
1,10000550,39,17410,085,201900,9.90,90193,90488,0.9967,97200,12045000,1,1,1,1,66.00,1,120,5,5.555,12045000,18235000,117,1,1,9,9,0,1,0,0,0,0,0,0,0
1,10000551,39,17140,061,005000,14.81,163125,97826,1.6675,103700,2395000,7,1,1,1,58.10,1,84,2,6.110,3445000,4125000,81,1,1,9,9,0,1,0,0,0,0,0,1,0
1,10000552,06,40140,065,040503,74.50,72188,90585,0.7969,97500,150005000,7,1,1,1,60.60,1,120,5,5.060,150005000,247705000,117,1,1,9,9,0,1,0,0,0,0,0,0,0
1,10000553,31,36540,153,010207,28.03,128942,102337,1.2600,109700,8435000,1,5,1,1,64.30,1,120,4,5.840,8435000,13125000,117,1,1,9,9,0,1,0,0,0,0,0,0,0
1,10000554,45,44940,085,002000,53.52,63531,67621,0.9395,72500,2135000,1,1,1,1,70.00,1,120,2,5.890,2135000,3055000,117,1,1,9,9,0,1,0,0,0,0,1,0,0
1,10000555,31,99999,053,963800,17.61,75781,85936,0.8818,91200,2325000,2,1,1,1,60.70,1,120,3,6.020,2325000,3825000,117,1,1,9,9,0,1,1,0,0,0,0,0,0
1,10000556,17,16980,031,802402,49.38,95033,106055,0.8961,109800,51025000,1,1,1,1,65.00,1,120,5,5.815,51025000,78505000,117,1,1,9,9,0,1,0,0,0,0,0,0,0
1,10000557,32,39900,031,003002,57.54,57440,98707,0.5819,101200,9885000,7,3,1,1,49.20,1,84,4,5.885,9885000,20105000,81,1,1,9,9,0,1,0,0,0,0,1,0,0
1,10000558,10,37980,003,001100,29.30,106903,108977,0.9810,114700,43355000,1,3,1,1,73.00,2,203,5,5.382,43355000,59405000,179,1,9,9,9,100,1,0,0,0,0,0,1,0
1,10000559,37,49180,067,002704,72.87,41313,76701,0.5386,81900,20855000,1,1,1,1,72.50,1,120,5,5.370,20855000,28755000,117,1,1,9,9,0,1,0,0,0,0,1,0,0
1,10000560,12,33100,086,010622,96.83,61140,80554,0.7590,87600,71105000,1,1,1,1,56.50,1,84,5,5.250,71105000,125805000,81,1,1,9,9,0,1,0,0,0,0,0,0,0
1,10000561,06,40900,067,005505,64.53,59740,106925,0.5587,113700,19525000,1,1,1,1,68.60,1,192,3,4.870,17755000,28455000,189,1,9,9,9,97,1,0,0,0,0,1,0,0
1,10000562,53,42660,033,005202,68.26,115204,127870,0.9010,136600,11055000,2,1,1,1,65.00,1,60,3,5.480,11055000,17005000,57,1,9,9,9,80,1,0,0,0,0,1,0,0
1,10000563,36,35620,061,010601,15.35,250001,113844,2.1960,119300,7755000,7,1,1,1,20.60,2,120,4,5.670,7755000,37605000,117,1,9,9,9,0,1,0,0,0,0,0,1,0
1,10000564,42,10900,077,002304,29.79,129764,96828,1.3402,101400,16145000,2,1,1,1,63.00,1,84,4,5.210,214035000,25605000,81,1,1,9,9,85,1,0,0,0,0,0,0,0
1,10000565,42,10900,077,001502,61.76,58667,96828,0.6059,101400,20825000,1,1,1,1,58.40,1,60,5,5.510,20825000,35665000,57,1,1,9,9,0,1,0,0,0,0,0,0,0
1,10000566,37,24660,081,016007,32.08,105750,76183,1.3881,80700,1205000,7,1,1,1,38.70,1,120,1,5.340,1205000,3105000,117,1,1,9,9,0,1,0,0,0,0,0,0,0
1,10000567,34,35620,017,011300,58.22,69191,113844,0.6078,119300,34265000,7,1,1,1,71.50,1,120,4,5.690,34265000,47905000,117,1,1,9,9,99,1,0,0,0,0,0,0,0
1,10000568,12,45300,057,013323,66.25,73094,84454,0.8655,92000,24175000,1,1,1,1,65.00,1,84,5,5.080,64475000,37195000,81,1,1,9,9,0,1,0,0,0,0,0,1,0
1,10000569,39,17140,061,010201,46.21,55417,97826,0.5665,103700,3175000,7,1,1,1,75.00,1,120,3,6.170,5165000,4225000,117,1,1,9,9,0,1,0,0,0,0,1,0,0
1,10000570,13,12060,121,000100,20.18,227610,98569,2.3091,106100,23945000,2,1,1,1,64.00,1,120,5,5.880,23945000,43905000,117,1,1,9,9,0,1,0,0,0,0,0,0,0
1,10000571,04,38060,013,093105,80.88,67568,93191,0.7251,101300,28995000,2,1,1,1,65.00,1,60,5,5.690,28995000,44605000,57,1,1,9,9,0,1,0,0,0,0,1,0,0
1,10000572,48,21340,141,000301,92.34,29453,61466,0.4792,63100,14185000,7,1,1,1,61.80,1,60,5,5.470,14185000,22955000,57,1,1,9,9,0,1,0,0,0,0,1,0,0
1,10000573,48,19100,113,017806,81.91,72143,99957,0.7217,107300,12005000,7,1,1,1,30.90,1,120,5,5.730,12005000,38805000,117,1,9,9,9,0,1,0,0,0,0,1,0,0
1,10000574,37,24780,147,001301,51.87,85259,73970,1.1526,84700,1255000,1,1,1,1,64.30,1,360,2,6.510,1255000,3125000,357,1,9,9,9,100,1,0,0,0,0,0,0,0
1,10000575,48,19100,439,122401,69.75,37831,99957,0.3785,107300,1465000,2,1,1,1,72.80,1,120,1,5.930,2765000,2015000,117,1,9,9,9,0,1,0,0,0,0,1,0,0
1,10000576,41,41420,047,001000,44.07,61786,85870,0.7195,91300,5995000,2,1,1,1,55.00,2,120,3,5.660,5995000,10905000,117,1,1,9,9,0,1,0,0,0,0,1,0,0
1,10000577,17,16980,031,070103,24.28,119286,106055,1.1248,109800,10475000,7,1,1,1,64.70,1,84,3,5.140,10475000,16205000,81,1,1,9,9,0,1,0,0,0,0,0,0,0
1,10000578,18,21780,163,003300,16.31,38771,82873,0.4678,81400,14315000,2,1,1,1,70.00,1,120,5,5.380,19985000,20455000,117,1,1,9,9,0,1,0,0,0,0,1,0,0
1,10000579,48,19100,113,019013,94.94,37216,99957,0.3723,107300,24455000,7,1,1,1,64.90,1,84,5,5.670,24455000,37705000,81,1,1,9,9,0,1,0,0,0,0,1,0,0
1,10000580,48,18580,355,002001,87.28,46667,77127,0.6051,75300,4045000,1,1,1,1,65.00,1,84,4,6.280,4045000,6225000,81,1,1,9,9,0,1,0,0,0,0,1,0,0
1,10000581,06,41740,073,019502,88.67,57500,111734,0.5146,119500,29925000,7,1,1,1,43.70,1,84,4,5.345,29925000,68405000,81,1,1,9,9,0,1,0,0,0,0,1,0,0
1,10000582,08,19740,031,006701,27.79,117109,119980,0.9761,130400,77955000,1,1,1,1,61.50,1,60,5,5.230,77955000,126705000,57,1,1,9,9,0,1,0,0,0,0,0,1,0
1,10000583,36,35620,119,012202,27.46,213333,113844,1.8739,119300,775000,7,3,1,1,15.60,1,120,2,6.900,775000,6905000,117,1,9,9,9,0,1,0,0,0,0,0,1,0
1,10000584,13,46660,185,010301,40.46,93500,68178,1.3714,70000,19575000,1,1,1,1,75.00,1,120,5,5.560,19575000,26105000,117,1,1,9,9,0,1,0,0,0,0,0,0,0
1,10000585,38,99999,093,967402,10.21,88320,94967,0.9300,101500,1005000,2,1,1,1,63.30,1,120,1,6.050,5345000,1585000,117,1,1,9,9,0,1,1,0,0,0,0,0,0
1,10000586,13,12060,135,050574,77.38,45877,98569,0.4654,106100,53455000,2,5,1,1,59.70,1,60,5,5.550,53455000,89605000,57,1,1,9,9,0,1,0,0,0,0,0,0,0
1,10000587,09,25540,110,500500,81.87,50179,115967,0.4327,122400,30665000,1,1,1,1,79.70,1,120,5,5.510,30665000,38495000,117,1,1,9,9,0,1,0,0,0,0,1,0,0
1,10000588,24,47900,017,850709,88.81,114033,144539,0.7889,152900,51305000,7,1,1,1,60.60,2,120,5,5.610,51305000,84605000,117,1,1,9,9,0,1,0,0,0,0,0,1,0
1,10000589,39,19430,109,365002,14.71,102745,87717,1.1713,92900,25055000,7,1,1,1,75.00,1,120,5,5.320,25055000,33405000,117,1,1,9,9,0,1,0,0,0,0,0,0,0
1,10000590,18,99999,085,962101,22.24,81034,87637,0.9247,90700,6405000,7,1,1,1,64.60,1,84,3,5.120,6405000,9905000,81,1,1,9,9,0,1,1,0,0,0,0,0,0
1,10000591,48,19100,439,105206,63.37,43365,99957,0.4338,107300,12075000,7,1,1,1,75.00,1,84,5,5.205,12075000,16105000,81,1,1,9,9,51,1,0,0,0,0,1,0,0
1,10000592,12,45300,057,005301,29.90,150947,84454,1.7873,92000,76805000,7,1,1,1,58.00,1,60,5,5.980,76805000,132505000,57,1,1,9,9,0,1,0,0,0,0,0,1,0
1,10000593,48,19100,367,140101,27.18,71014,99957,0.7105,107300,6065000,9,5,1,2,65.60,1,77,5,7.570,6065000,29105000,74,1,1,9,9,100,1,1,0,0,0,0,0,0
1,10000594,48,12420,021,950403,38.65,112552,115204,0.9770,126000,1165000,9,3,1,2,69.30,2,95,3,7.550,1165000,10225000,92,1,1,9,9,0,1,1,0,0,0,0,0,0
1,10000595,36,35620,047,031900,66.60,94615,113844,0.8311,119300,7675000,7,1,1,1,60.40,2,60,3,5.830,7675000,12705000,57,1,1,9,9,0,1,0,0,0,0,0,0,0
1,10000596,36,10580,093,033500,26.48,97679,109385,0.8930,117800,6105000,7,1,1,1,58.70,1,120,4,5.920,6105000,10405000,117,1,9,9,9,0,1,0,0,0,0,0,0,0
1,10000597,42,37980,029,301402,10.90,126164,108977,1.1577,114700,22275000,2,1,1,1,62.30,1,84,5,5.210,233465000,37705000,81,1,1,9,9,99,1,0,0,0,0,0,0,0
1,10000598,48,19100,121,021654,74.73,168542,99957,1.6862,107300,39255000,1,1,1,1,56.10,1,120,5,5.205,39255000,70005000,117,1,9,9,9,0,1,0,0,0,0,0,0,0
1,10000599,05,22900,131,001101,29.35,57167,65873,0.8678,66700,6485000,7,1,1,1,57.70,1,84,4,5.910,6485000,11255000,81,1,1,9,9,0,1,0,0,0,0,0,0,0
1,10000600,36,35620,081,005300,50.18,133750,113844,1.1749,119300,6005000,7,1,1,1,53.60,1,60,3,5.190,6005000,11205000,57,1,1,9,9,0,1,0,0,0,0,0,0,0
1,10000601,02,11260,170,001201,27.26,86116,110687,0.7780,117200,2075000,7,1,1,1,74.10,1,120,1,6.600,2075000,2805000,117,1,9,9,9,0,1,1,0,0,0,0,0,0
1,10000602,55,31540,025,013202,12.68,144688,112276,1.2887,121200,7625000,1,1,1,1,65.00,1,60,3,5.030,7625000,11735000,57,1,1,9,9,0,1,0,0,0,0,0,1,0
1,10000603,49,39340,049,000703,37.19,81458,100078,0.8140,109500,26005000,7,1,1,1,52.90,1,120,5,5.520,26005000,49145000,117,1,1,9,9,0,1,0,0,0,0,1,0,0
1,10000604,26,24340,139,021802,9.03,107917,93131,1.1588,98500,20005000,7,1,1,1,53.80,1,120,5,6.030,20005000,37205000,117,1,1,9,9,0,1,0,0,0,0,0,0,0
1,10000605,41,38900,051,009701,46.95,70917,110489,0.6419,116900,1455000,2,1,1,1,56.80,1,60,1,6.500,1455000,2575000,57,1,1,9,9,0,1,0,0,0,0,1,0,0
1,10000606,37,16740,109,070201,38.58,59167,93744,0.6312,100300,5545000,1,1,1,2,74.60,1,98,5,7.680,5545000,38245000,95,1,1,9,9,0,1,1,0,0,0,1,0,0
1,10000607,45,43900,083,021200,19.11,171429,75197,2.2797,72500,15785000,7,1,1,1,53.00,1,60,4,5.840,15785000,29805000,57,1,1,9,9,10,1,0,0,0,0,0,0,0
1,10000608,08,22660,069,002508,23.12,111379,112985,0.9858,118800,8695000,7,1,1,1,58.30,1,60,3,5.755,8695000,14905000,57,1,9,9,9,0,1,1,0,0,0,0,0,0
1,10000609,17,16980,031,825000,39.43,87565,106055,0.8257,109800,6375000,1,1,1,1,75.00,1,84,3,6.100,6375000,8495000,81,1,1,9,9,0,1,0,0,0,0,0,0,0
1,10000610,37,39580,183,052407,43.54,93374,113293,0.8242,122300,41035000,1,1,1,1,55.70,1,84,5,5.270,41035000,73655000,81,1,1,9,9,0,1,0,0,0,0,1,0,0
1,10000611,53,42660,061,053511,24.12,112083,127870,0.8765,136600,23625000,7,1,1,1,70.00,1,84,4,5.130,23625000,33755000,81,1,1,9,9,0,1,0,0,0,0,0,0,0
1,10000612,06,40140,065,050901,68.93,88500,90585,0.9770,97500,30145000,1,1,1,1,60.30,1,60,5,5.340,30145000,50005000,57,1,1,9,9,0,1,0,0,0,0,0,0,0
1,10000613,12,99999,023,110800,20.92,75827,70757,1.0717,73600,1145000,2,1,1,1,39.90,1,120,2,6.770,1145000,2875000,117,1,1,9,9,0,1,1,0,0,0,0,1,0
1,10000614,36,35620,059,517201,67.41,0,113844,0.0000,119300,10925000,7,1,1,1,61.40,1,120,3,5.870,10925000,17805000,117,1,1,9,9,98,1,0,0,0,0,0,0,0
1,10000615,33,99999,005,971100,11.84,89447,99846,0.8959,104500,5255000,7,1,1,1,74.00,1,120,3,5.960,5255000,7105000,117,1,1,9,9,100,1,1,0,0,0,0,1,0
1,10000616,24,12580,025,301401,33.92,110060,118479,0.9289,122200,8755000,7,1,1,1,38.50,1,60,5,5.190,8755000,22705000,57,1,1,9,9,0,1,0,0,0,0,0,0,0
1,10000617,35,10740,001,004715,87.94,51547,79295,0.6501,86400,16005000,2,1,1,1,78.80,1,177,5,3.150,16005000,20305000,174,1,1,9,9,100,1,0,0,0,0,1,0,0
1,10000618,06,44700,077,005220,68.55,104926,91565,1.1459,103800,63105000,7,1,1,1,64.80,1,84,5,4.960,63105000,97415000,81,1,1,9,9,100,1,0,0,0,0,0,1,0
1,10000619,17,16980,031,060800,35.39,108813,106055,1.0260,109800,8655000,7,1,1,1,64.60,1,120,4,5.160,8655000,13405000,117,1,1,9,9,0,1,0,0,0,0,0,1,0
1,10000620,34,47220,011,020600,75.21,64125,75895,0.8449,75800,10545000,1,1,1,1,74.90,1,84,4,6.220,10545000,14075000,81,1,1,9,9,0,1,1,0,0,0,1,0,0
1,10000621,39,99999,077,915800,16.02,65238,77016,0.8471,81500,7535000,1,5,1,1,75.40,1,192,3,5.310,7535000,9985000,168,1,9,9,9,100,1,1,0,0,0,0,0,0
1,10000622,04,22380,005,000200,29.46,123700,86862,1.4241,85900,8775000,2,1,1,1,65.00,1,60,2,5.540,8775000,13505000,57,1,1,9,9,0,1,0,0,0,0,1,0,0
1,10000623,39,99999,043,040700,39.26,74801,82540,0.9062,94400,1235000,7,1,1,1,72.60,1,180,1,5.370,7875000,1705000,177,1,1,9,9,0,1,1,0,0,0,0,0,0
1,10000624,48,12420,453,000302,29.84,141705,115204,1.2300,126000,1405000,7,1,1,1,43.60,1,84,1,6.350,1405000,3225000,81,1,1,9,9,0,1,0,0,0,0,0,0,0
1,10000625,05,22900,131,000300,53.81,41622,65873,0.6319,66700,2735000,1,1,1,1,79.90,1,84,2,6.010,9115000,3425000,81,1,1,9,9,0,1,0,0,0,0,1,0,0
1,10000626,48,21340,141,000110,83.93,62723,61466,1.0205,63100,5595000,7,1,1,1,65.00,1,60,3,5.520,9295000,8605000,57,1,1,9,9,0,1,0,0,0,0,0,0,0
1,10000627,29,41180,189,210924,74.84,85313,97901,0.8714,103200,27905000,1,1,1,1,80.00,1,120,5,5.380,27905000,34875000,117,1,1,9,9,0,1,0,0,0,0,0,0,0
1,10000628,06,41860,013,321101,38.40,156472,154003,1.0160,166600,1695000,9,1,1,2,53.30,1,76,5,7.310,1695000,63275000,73,1,1,9,9,20,1,0,0,0,0,0,1,0
1,10000629,17,16980,043,842603,26.68,142632,106055,1.3449,109800,20945000,9,1,1,2,66.60,1,73,5,7.230,20945000,174805000,70,1,1,9,9,0,1,0,0,0,0,0,1,0
1,10000630,48,33260,329,001300,67.61,96689,107796,0.8970,91500,36325000,7,1,1,1,55.00,1,84,5,5.420,36325000,66055000,81,1,1,9,9,0,1,0,0,0,0,0,0,0
1,10000631,06,41860,081,608600,63.12,220625,154003,1.4326,166600,67835000,7,3,1,1,62.80,1,60,5,5.230,67835000,108005000,57,1,1,9,9,15,1,0,0,0,0,0,1,0
1,10000632,12,36100,083,001600,47.98,51576,66666,0.7737,73700,8415000,1,1,1,1,75.00,1,120,3,5.665,8415000,11225000,117,1,1,9,9,0,1,0,0,0,0,1,0,0
1,10000633,42,37980,101,032900,57.03,53393,108977,0.4900,114700,1585000,7,1,1,1,66.90,1,60,1,5.800,10165000,2365000,57,1,1,9,9,0,1,0,0,0,0,1,0,0
1,10000634,22,35380,071,014300,95.30,29079,81500,0.3568,87100,5725000,7,1,1,1,60.90,1,84,3,6.010,5725000,9405000,81,1,1,9,9,99,1,0,0,0,0,1,0,0
1,10000635,28,99999,105,950102,49.63,81146,76076,1.0666,80800,7235000,7,1,1,1,68.60,1,120,4,5.730,7235000,10555000,117,1,9,9,9,0,1,1,0,0,1,1,0,0
1,10000636,48,12420,453,002323,53.49,45553,115204,0.3954,126000,23625000,1,1,1,1,51.60,1,60,5,5.580,23625000,45755000,57,1,1,9,9,0,1,0,0,0,0,1,0,0
1,10000637,26,27100,075,005601,22.94,68261,79374,0.8600,84300,5735000,9,1,1,2,54.60,1,63,5,7.290,5735000,28005000,60,1,9,9,9,0,2,0,0,0,0,0,0,0
1,10000638,34,37980,033,022000,86.74,39697,108977,0.3643,114700,7145000,1,1,1,1,75.00,2,84,3,5.690,7145000,9525000,81,1,1,9,9,0,1,0,0,0,0,1,0,0
1,10000639,47,34980,037,015404,40.13,58750,96905,0.6063,104700,17545000,7,1,1,1,62.00,1,84,4,5.250,17545000,28305000,81,1,1,9,9,0,1,0,0,0,0,0,0,0
1,10000640,12,33100,011,060402,98.10,53514,80554,0.6643,87600,12075000,7,1,1,1,62.40,1,60,3,5.680,12075000,19355000,57,1,1,9,9,0,1,0,0,0,0,0,0,0
1,10000641,37,48900,129,011300,23.98,143750,91984,1.5628,102100,57965000,2,1,1,1,61.30,1,84,5,5.640,57965000,94505000,81,1,1,9,9,0,1,0,0,0,0,1,0,0
1,10000642,29,28140,095,011407,30.66,61340,99766,0.6148,103000,4005000,2,1,1,1,23.00,1,360,5,6.560,4005000,17405000,357,9,9,9,9,0,1,0,0,0,0,0,0,0
1,10000643,01,13820,117,030345,28.51,117729,87341,1.3479,94200,21095000,7,1,1,1,60.80,1,84,5,5.695,21095000,34705000,81,1,1,9,9,0,1,0,0,0,0,0,1,0
1,10000644,51,99999,590,000200,62.87,40865,69927,0.5844,73300,2265000,7,1,1,1,63.50,1,60,2,5.470,7145000,3575000,57,1,1,9,9,100,1,1,0,0,0,0,0,0
1,10000645,13,23580,139,000901,31.45,100893,86127,1.1714,92700,6805000,1,1,1,1,79.10,1,84,3,5.680,6805000,8605000,81,1,1,9,9,0,1,0,0,0,0,0,0,0
1,10000646,17,16980,031,063400,24.95,213750,106055,2.0155,109800,3365000,2,1,1,1,63.40,1,120,2,5.500,9515000,5305000,117,1,1,9,9,0,1,0,0,0,0,0,0,0
1,10000647,48,26420,201,251300,25.90,122864,92750,1.3247,95200,10265000,1,1,1,1,65.00,1,60,5,5.210,10265000,15785000,57,1,1,9,9,0,1,0,0,0,0,0,0,0
1,10000648,06,31080,037,199002,89.43,69007,101056,0.6829,105700,14585000,7,1,1,1,56.70,1,60,3,6.115,14585000,25705000,57,1,1,9,9,0,1,0,0,0,0,1,0,0
1,10000649,36,35620,103,169800,66.14,82460,113844,0.7243,119300,2365000,2,1,1,1,67.70,1,180,1,5.600,7485000,3505000,177,1,1,9,9,0,1,0,0,0,0,0,0,0
1,10000650,25,14460,017,321200,42.80,105625,134646,0.7845,142000,6005000,7,1,1,1,11.40,1,60,5,4.930,6005000,52705000,57,1,1,9,9,0,1,0,0,0,0,0,1,0
1,10000651,48,19100,113,001400,55.70,135938,99957,1.3600,107300,1505000,7,1,1,1,37.90,1,60,2,6.460,1505000,3965000,57,1,1,9,9,0,1,0,0,0,0,0,0,0
1,10000652,48,19100,113,019028,73.36,75536,99957,0.7557,107300,20515000,7,1,1,1,74.30,1,84,5,5.085,20515000,27605000,81,1,1,9,9,0,1,0,0,0,0,0,0,0
1,10000653,33,31700,011,002901,15.42,131509,118936,1.1057,126000,52655000,1,1,1,1,65.00,1,72,5,6.120,52655000,81005000,69,1,1,9,9,0,1,0,0,0,0,0,1,0
1,10000654,26,28020,077,005502,45.37,62946,91978,0.6844,102500,2505000,7,1,1,1,24.20,1,120,4,5.910,2505000,10325000,117,1,1,9,9,0,1,0,0,0,0,1,0,0
1,10000655,17,16980,031,150200,49.57,109118,106055,1.0289,109800,2065000,7,1,1,1,51.60,1,84,2,5.290,8635000,4005000,81,1,1,9,9,0,1,0,0,0,0,0,0,0
1,10000656,37,16740,119,000102,32.30,166898,93744,1.7804,100300,40715000,1,1,1,1,46.00,1,84,5,5.490,40715000,88505000,81,1,1,9,9,0,1,0,0,0,0,0,1,0
1,10000657,53,36500,067,011721,30.06,118810,106190,1.1188,116700,21125000,2,1,1,1,60.00,1,120,4,5.590,21125000,35205000,117,1,1,9,9,0,1,0,0,0,0,0,0,0
1,10000658,06,40900,067,005301,58.70,0,106925,0.0000,113700,40665000,7,1,1,1,62.40,1,120,5,4.820,40665000,65135000,117,1,1,9,9,0,1,0,0,0,0,1,1,0
1,10000659,32,39900,031,002207,32.08,122358,98707,1.2396,101200,57515000,2,1,1,1,57.70,1,84,5,5.810,57515000,99705000,81,1,1,9,9,0,1,0,0,0,0,0,1,0
1,10000660,48,31180,303,001716,38.97,128201,80497,1.5926,85800,21525000,9,3,1,1,61.80,1,180,5,5.510,21525000,34855000,177,1,1,9,9,0,1,0,0,0,0,0,0,0
1,10000661,48,19100,121,020507,38.66,82313,99957,0.8235,107300,9205000,1,1,1,1,65.00,1,60,4,5.455,9205000,14165000,57,1,1,9,9,50,1,0,0,0,0,1,0,0
1,10000662,36,40380,055,001800,62.05,66060,93554,0.7061,96500,1635000,7,1,1,1,60.70,1,120,1,6.700,1635000,2705000,117,1,1,9,9,0,1,0,0,0,0,1,0,0
1,10000663,48,36220,135,002900,39.89,130985,81404,1.6091,82000,10215000,2,5,1,1,50.30,1,60,5,5.610,10215000,20305000,57,1,1,9,9,35,1,0,0,0,0,0,0,0
1,10000664,08,99999,037,000401,35.98,116131,114344,1.0156,121400,48605000,7,1,1,1,63.90,1,60,5,5.490,48605000,76105000,57,1,1,9,9,100,1,1,0,0,0,0,1,0
1,10000665,27,20260,137,000301,15.00,88352,90299,0.9784,95600,10045000,7,1,1,1,65.00,1,60,3,5.040,10045000,15455000,57,1,1,9,9,0,1,0,0,0,0,0,0,0
1,10000666,48,19100,113,006200,90.30,68361,99957,0.6839,107300,12275000,7,1,1,1,62.00,1,84,4,5.520,12275000,19805000,81,1,1,9,9,50,1,0,0,0,0,1,0,0
1,10000667,45,16700,019,003104,76.43,42500,96573,0.4401,105100,3635000,9,1,1,2,69.60,1,70,5,8.560,3635000,31705000,67,1,9,9,9,0,1,0,0,0,0,1,0,0
1,10000668,53,44060,063,013101,15.78,92647,88647,1.0451,98100,19205000,7,1,1,1,57.50,1,120,4,5.980,19205000,33405000,117,1,9,9,9,0,1,0,0,0,0,0,0,0
1,10000669,20,28140,091,051910,41.22,91545,99766,0.9176,103000,53605000,1,1,1,1,65.40,1,120,5,5.060,53605000,82005000,117,1,1,9,9,0,1,0,0,0,0,0,0,0
1,10000670,49,36260,011,125409,16.16,124519,102427,1.2157,109800,59905000,1,1,1,1,61.50,1,84,5,4.840,59905000,97475000,81,1,1,9,9,0,1,0,0,0,0,0,1,0
1,10000671,31,36540,055,001900,55.03,59018,102337,0.5767,109700,29905000,7,1,1,1,55.50,1,120,5,5.530,29905000,53905000,117,1,1,9,9,0,1,0,0,0,0,1,0,0
1,10000672,12,45300,057,013320,60.11,86010,84454,1.0184,92000,47505000,7,1,1,1,58.60,1,120,5,5.820,47505000,81005000,117,1,1,9,9,0,1,0,0,0,0,0,0,0
1,10000673,48,26420,201,532200,90.78,18889,92750,0.2037,95200,24095000,7,1,1,1,68.80,1,60,5,5.310,24095000,35005000,57,1,9,9,9,0,1,0,0,0,0,1,0,0
1,10000674,34,35620,023,002901,57.19,148042,113844,1.3004,119300,10705000,2,1,1,1,63.70,2,60,3,6.070,10705000,16805000,57,1,1,9,9,0,1,0,0,0,0,0,1,0
1,10000675,34,35620,031,180204,95.29,66474,113844,0.5839,119300,885000,7,1,1,1,58.70,1,60,1,5.910,6285000,1505000,57,1,1,9,9,0,1,0,0,0,0,1,0,0
1,10000676,53,42660,033,007303,53.48,175329,127870,1.3712,136600,17835000,7,1,1,1,49.60,1,60,4,5.360,17835000,36005000,57,1,1,9,9,20,1,0,0,0,0,0,0,0
1,10000677,06,41940,085,508509,78.16,155094,172303,0.9001,180400,233915000,2,5,1,1,64.80,1,60,5,5.090,233915000,360805000,57,1,1,9,9,20,1,0,0,0,0,0,0,0
1,10000678,29,41180,189,215600,72.65,85208,97901,0.8704,103200,36265000,7,1,1,1,70.00,1,60,5,5.910,36265000,51805000,57,1,1,9,9,0,1,0,0,0,0,0,0,0
1,10000679,49,36260,057,202000,20.72,152793,102427,1.4917,109800,20725000,7,1,1,1,67.70,1,120,4,5.390,20725000,30615000,117,1,1,9,9,0,1,0,0,0,0,0,0,0
1,10000680,06,41740,073,016618,35.88,115575,111734,1.0344,119500,8545000,7,1,1,1,56.00,1,144,1,6.300,8545000,15255000,141,1,1,9,9,0,1,0,0,0,0,0,1,0
1,10000681,36,35620,061,009500,55.42,250001,113844,2.1960,119300,8405000,7,1,1,1,35.80,1,60,1,5.780,8405000,23455000,57,1,1,9,9,0,1,0,0,0,0,0,0,0
1,10000682,48,12420,491,020114,43.07,67298,115204,0.5842,126000,2565000,9,1,1,2,65.00,1,73,4,7.640,2565000,19705000,70,1,1,9,9,0,1,0,0,0,0,0,0,0
1,10000683,48,36220,135,000700,81.73,47988,81404,0.5895,82000,2115000,2,5,1,1,44.00,1,60,3,5.545,2115000,4805000,57,1,1,9,9,0,1,0,0,0,0,0,0,0
1,10000684,24,47900,033,801906,89.71,80446,144539,0.5566,152900,59555000,7,1,1,1,73.20,2,84,5,5.860,59555000,81405000,81,1,1,9,9,0,1,0,0,0,0,1,0,0
1,10000685,53,42660,033,027400,63.05,104750,127870,0.8192,136600,11705000,7,3,1,1,66.50,1,84,4,5.550,11705000,17605000,81,1,1,9,9,97,1,0,0,0,0,0,0,0
1,10000686,34,35620,013,006700,94.32,57262,113844,0.5030,119300,1185000,7,1,1,1,62.30,1,84,1,6.050,1185000,1905000,81,1,1,9,9,0,1,0,0,0,0,1,0,0
1,10000687,12,37860,033,000400,83.85,31667,82863,0.3822,92200,4095000,7,5,1,1,65.00,1,84,3,5.130,4095000,6305000,81,1,1,9,9,100,1,0,0,0,0,1,0,0
1,10000688,39,17140,061,020811,29.92,86537,97826,0.8846,103700,27715000,1,1,1,1,80.00,1,84,5,5.760,27715000,34645000,81,1,1,9,9,20,1,0,0,0,0,1,0,0
1,10000689,12,29460,105,014001,30.82,88075,69667,1.2642,76400,22545000,1,1,1,1,62.60,1,120,5,6.060,22545000,36005000,117,1,1,9,9,0,1,0,0,0,0,0,0,0
1,10000690,13,12060,097,080508,66.41,63856,98569,0.6478,106100,18695000,1,1,1,1,65.00,2,60,5,6.120,18695000,28765000,57,1,1,9,9,0,1,0,0,0,0,0,0,0
1,10000691,35,10740,001,000714,65.67,91133,79295,1.1493,86400,15005000,7,1,1,1,70.40,1,120,5,5.780,15005000,21305000,117,1,1,9,9,100,1,0,0,0,0,1,0,0
1,10000692,17,19340,161,020900,39.51,83939,87874,0.9552,89500,6605000,7,1,1,1,64.70,1,60,3,6.440,6605000,10205000,57,1,1,9,9,0,1,0,0,0,0,0,0,0
1,10000693,36,45060,067,011102,35.43,46019,90955,0.5060,94800,9975000,7,1,1,1,75.00,1,84,3,5.390,9975000,13305000,81,1,9,9,9,0,1,0,0,0,0,0,1,0
1,10000694,47,34980,037,018303,32.53,104670,96905,1.0801,104700,6405000,7,1,1,1,61.00,1,60,3,5.490,6405000,10505000,57,1,1,9,9,100,1,0,0,0,0,0,0,0
1,10000695,51,40060,087,200501,49.33,76620,104391,0.7340,110000,7955000,1,1,1,1,59.00,1,60,3,5.570,7955000,13475000,57,1,9,9,9,0,1,0,0,0,0,0,0,0
1,10000696,37,99999,047,930600,31.53,58160,67542,0.8611,73300,515000,1,1,1,1,72.90,1,360,1,6.510,515000,1765000,357,1,9,9,9,100,1,1,0,0,1,0,0,0
1,10000697,35,29740,013,001203,64.84,41453,58875,0.7041,65800,14905000,2,1,1,1,61.30,1,120,5,6.065,14905000,24305000,117,1,1,9,9,0,1,0,0,0,0,0,0,0
1,10000698,06,41860,001,441923,86.93,140533,154003,0.9125,166600,69305000,1,5,1,1,55.00,1,120,5,5.500,69305000,126005000,117,1,1,9,9,0,1,0,0,0,0,0,0,0
1,10000699,36,35620,061,008000,31.22,221593,113844,1.9465,119300,4955000,2,1,1,1,11.90,1,60,4,5.580,4955000,41505000,57,1,1,9,9,0,1,0,0,0,0,0,0,0
1,10000700,26,13020,017,285201,10.99,77676,75163,1.0334,79700,895000,9,1,1,2,69.80,1,100,5,7.560,895000,13205000,97,1,1,9,9,0,1,0,0,0,0,0,0,0
1,10000701,41,38900,051,009803,41.34,56204,110489,0.5087,116900,23145000,7,5,1,1,65.00,1,60,5,5.205,23145000,35605000,57,1,1,9,9,50,1,0,0,0,0,1,0,0
1,10000702,24,25180,043,000601,44.58,54042,86810,0.6225,84200,26705000,1,5,1,1,64.90,1,60,5,5.635,26705000,41115000,57,1,1,9,9,0,1,0,0,0,0,1,0,0
1,10000703,42,38300,003,460002,11.84,100156,96434,1.0386,100600,22545000,7,1,1,1,68.30,1,120,4,5.080,22545000,33005000,117,1,9,9,9,0,1,0,0,0,0,0,0,0
1,10000704,13,10500,095,000501,66.10,77667,65307,1.1893,64500,15595000,2,1,1,1,64.20,1,84,5,5.660,15595000,24305000,81,1,9,9,9,0,1,0,0,0,0,0,0,0
1,10000705,48,32580,215,020806,83.82,78056,54864,1.4227,57300,1545000,7,1,1,1,55.20,1,120,2,6.520,4745000,2805000,117,1,1,9,9,0,1,1,0,0,0,0,0,1
1,10000706,53,36500,067,012421,32.97,115688,106190,1.0894,116700,12875000,1,3,1,1,62.80,2,60,3,5.580,12875000,20505000,57,1,1,9,9,0,1,0,0,0,0,0,1,0
1,10000707,18,26900,081,610401,21.64,69055,93688,0.7371,101200,45305000,1,1,1,1,77.30,1,180,5,5.410,45305000,58575000,177,1,1,9,9,0,1,0,0,0,0,0,0,0
1,10000708,48,19100,113,018700,83.80,52150,99957,0.5217,107300,20475000,7,1,1,1,65.00,1,60,5,4.920,20475000,31505000,57,1,1,9,9,0,1,0,0,0,0,1,0,0
1,10000709,09,25540,110,504100,92.75,36397,115967,0.3139,122400,615000,7,1,1,1,70.00,1,60,1,7.740,1225000,875000,57,1,1,9,9,0,1,0,0,0,0,1,0,0
1,10000710,08,19740,059,060501,20.82,181071,119980,1.5092,130400,29015000,7,1,1,1,55.60,1,84,5,5.430,29015000,52205000,81,1,1,9,9,25,1,0,0,0,0,0,1,0
1,10000711,48,21340,141,000106,76.19,68750,61466,1.1185,63100,885000,2,1,1,1,78.30,1,120,1,5.110,18925000,1135000,117,1,1,9,9,100,1,0,0,0,0,0,0,0
1,10000712,39,49660,099,812301,19.83,67522,72376,0.9329,74900,11985000,7,1,1,1,68.10,2,120,5,5.330,11985000,17605000,117,1,1,9,9,100,1,0,0,0,0,0,0,0
1,10000713,49,36260,011,125809,32.68,89327,102427,0.8721,109800,55505000,7,1,1,1,53.40,2,60,5,5.970,55505000,103935000,57,1,1,9,9,0,1,0,0,0,0,0,0,0
1,10000714,47,32820,157,021620,60.19,76667,78701,0.9742,84000,4505000,7,3,1,1,75.00,1,60,2,6.340,4505000,6005000,57,1,9,9,9,0,1,0,0,0,0,0,0,0
1,10000715,17,16980,031,070400,21.42,250001,106055,2.3573,109800,5495000,7,1,1,1,57.30,1,60,2,5.800,39285000,9585000,57,1,1,9,9,0,1,0,0,0,0,0,0,0
1,10000716,11,47900,001,010601,48.73,0,144539,0.0000,152900,68505000,7,1,1,1,53.60,1,60,5,6.210,68505000,127705000,57,1,1,9,9,0,1,0,0,0,0,0,0,0
1,10000717,06,31080,037,192420,82.63,62422,101056,0.6177,105700,12595000,7,1,1,1,59.10,1,60,2,5.930,12595000,21305000,57,1,1,9,9,0,1,0,0,0,0,0,0,0
1,10000718,13,12060,057,090402,29.13,82250,98569,0.8344,106100,22815000,1,1,1,1,60.00,1,60,4,5.460,119345000,40805000,57,1,1,9,9,0,1,0,0,0,0,1,0,0
1,10000719,34,37980,007,608001,44.34,104844,108977,0.9621,114700,1505000,7,1,1,1,40.50,1,120,2,5.640,1505000,3705000,117,1,1,9,9,0,1,0,0,0,0,0,0,0
1,10000720,25,39300,005,630102,18.30,112595,103773,1.0850,113200,38175000,2,1,1,1,51.30,1,60,5,5.910,38175000,74405000,57,1,1,9,9,0,1,0,0,0,0,0,1,0
1,10000721,13,12060,085,970203,9.34,153606,98569,1.5584,106100,37455000,1,1,1,1,60.00,1,60,5,5.460,119345000,56905000,57,1,1,9,9,0,1,1,0,0,0,0,0,0
1,10000722,27,33460,037,060828,41.63,97344,119274,0.8161,123700,21245000,7,1,1,1,65.00,2,60,4,5.595,21245000,32695000,57,1,1,9,9,19,1,0,0,0,0,0,0,0
1,10000723,42,37980,029,302102,26.66,139000,108977,1.2755,114700,55395000,1,1,1,1,65.00,2,84,5,5.370,55395000,85235000,81,1,1,9,9,0,1,0,0,0,0,0,1,0
1,10000724,13,99999,299,950500,44.11,40864,66121,0.6180,70500,3195000,7,3,1,1,64.60,1,120,2,5.450,18575000,4955000,117,1,1,9,9,0,1,1,0,0,1,0,0,0
1,10000725,08,17820,041,008000,30.52,57063,98394,0.5799,103700,38415000,7,1,1,1,65.00,1,120,5,5.130,38415000,59105000,117,1,9,9,9,0,1,0,0,0,0,1,0,0
1,10000726,12,36740,117,021706,47.87,93274,83343,1.1192,90400,65005000,1,1,1,1,65.00,1,60,5,4.800,65005000,100005000,57,1,1,9,9,0,1,0,0,0,0,0,0,0
1,10000727,39,18140,049,006924,63.02,65227,97262,0.6706,103300,16275000,1,1,1,1,72.60,1,60,5,5.240,16275000,22405000,57,1,1,9,9,0,1,0,0,0,0,0,0,0
1,10000728,12,33100,086,000312,92.94,38577,80554,0.4789,87600,6495000,1,1,1,1,65.00,1,120,3,5.980,6495000,9995000,117,1,1,9,9,0,1,0,0,0,0,0,0,0
1,10000729,45,16740,091,060501,68.85,38634,93744,0.4121,100300,27915000,7,1,1,1,57.70,1,84,5,5.660,27915000,48405000,81,1,1,9,9,0,1,0,0,0,0,1,0,0
1,10000730,09,25540,110,514400,52.15,84676,115967,0.7302,122400,6475000,7,1,1,1,65.00,2,84,2,5.355,59805000,9955000,81,1,1,9,9,0,1,0,0,0,0,0,0,0
1,10000731,55,33340,133,201001,10.44,143289,97232,1.4737,102100,11025000,1,1,1,1,64.60,1,120,3,6.240,11025000,17065000,117,1,1,9,9,0,1,0,0,0,0,0,1,0
1,10000732,49,39340,049,002500,37.53,59426,100078,0.5938,109500,11545000,7,1,1,1,58.00,1,84,4,5.320,11545000,19905000,81,1,9,9,9,0,1,0,0,0,0,1,0,0
1,10000733,12,45300,057,011907,68.46,80943,84454,0.9584,92000,42635000,9,1,1,2,69.90,1,62,5,6.500,42635000,197905000,59,1,9,9,9,0,1,0,0,0,0,0,0,0
1,10000734,17,16980,097,861508,47.80,99175,106055,0.9351,109800,23505000,1,1,1,1,74.70,1,120,5,5.100,23505000,31445000,117,1,1,9,9,0,1,0,0,0,0,0,0,0
1,10000735,06,41740,073,015706,51.96,34307,111734,0.3070,119500,4365000,7,1,1,1,54.30,1,60,2,5.830,4365000,8045000,57,1,1,9,9,59,1,0,0,0,0,1,0,0
1,10000736,37,16740,119,005829,64.91,44390,93744,0.4735,100300,28625000,1,1,1,1,64.40,1,84,5,5.600,28625000,42855000,81,1,1,9,9,100,1,0,0,0,0,0,0,0
1,10000737,13,10500,095,000600,61.24,61581,65307,0.9430,64500,10965000,7,1,1,1,69.40,1,84,5,5.440,10965000,15805000,81,1,1,9,9,0,1,0,0,0,0,0,0,0
1,10000738,19,19780,153,010102,10.52,127460,102398,1.2448,111800,12655000,1,1,1,1,72.20,1,120,3,5.740,12655000,17525000,117,1,1,9,9,0,1,1,0,0,0,0,1,0
1,10000739,47,34980,037,010401,59.08,70521,96905,0.7277,104700,34055000,7,1,1,1,53.50,1,84,5,5.310,34055000,63705000,81,1,1,9,9,0,1,0,0,0,0,0,0,0
1,10000740,17,16980,031,252102,99.53,51945,106055,0.4898,109800,1545000,7,1,1,1,80.00,2,120,1,6.020,4225000,1935000,117,1,1,9,9,0,1,0,0,0,0,1,0,0
1,10000741,48,11100,381,021200,31.54,78438,82962,0.9455,87600,6875000,1,1,1,1,75.00,1,120,5,5.890,6875000,9165000,117,1,1,9,9,0,1,0,0,0,0,0,0,0
1,10000742,29,28140,095,012400,35.34,75870,99766,0.7605,103000,7385000,2,1,1,1,68.30,1,84,4,5.490,7385000,10825000,81,1,1,9,9,0,1,0,0,0,0,0,0,0
1,10000743,12,37460,005,002000,33.15,44688,77037,0.5801,85900,27345000,1,1,1,1,69.20,1,60,5,5.630,27345000,39505000,57,1,1,9,9,100,1,0,0,0,0,1,0,0
1,10000744,21,31140,111,005600,68.22,46910,88819,0.5282,95900,10025000,7,1,1,1,64.90,1,84,5,5.500,10025000,15455000,81,1,9,9,9,0,1,0,0,0,0,1,0,0
1,10000745,12,45300,101,032805,22.05,68095,84454,0.8063,92000,2655000,7,3,1,1,30.30,1,120,3,5.460,2655000,8755000,117,1,1,9,9,0,1,0,0,0,0,0,1,0
1,10000746,08,14500,013,060802,52.61,56843,136591,0.4162,148400,30005000,7,1,1,1,40.70,1,60,5,4.880,30005000,73705000,57,1,1,9,9,0,1,0,0,0,0,1,0,0
1,10000747,04,38060,013,092900,86.59,43844,93191,0.4705,101300,8445000,2,1,1,1,58.40,2,60,3,5.820,8445000,14455000,57,1,1,9,9,0,1,0,0,0,0,1,0,0
1,10000748,45,24860,045,003701,34.06,77446,82045,0.9440,84700,2775000,7,1,1,1,67.30,1,120,2,5.790,6195000,4125000,117,1,1,9,9,0,1,0,0,0,0,0,0,0
1,10000749,08,22660,069,002005,24.26,69150,112985,0.6120,118800,78655000,7,1,1,1,65.00,1,60,5,5.320,78655000,121005000,57,1,9,9,9,0,1,0,0,0,0,0,0,0
1,10000750,06,40900,067,009608,87.75,82719,106925,0.7736,113700,42735000,7,5,1,1,52.10,1,60,5,4.590,42735000,82015000,57,1,1,9,9,0,1,0,0,0,0,0,0,0
1,10000751,24,12580,005,420301,37.14,42974,118479,0.3627,122200,62735000,7,1,1,1,69.50,1,84,5,4.600,62735000,90275000,81,1,1,9,9,0,1,0,0,0,0,0,0,0
1,10000752,25,14460,017,368902,61.93,69194,134646,0.5139,142000,156105000,1,5,1,1,70.00,1,120,5,5.110,156105000,223005000,117,1,1,9,9,0,1,0,0,0,0,0,1,0
1,10000753,06,40900,067,006204,62.32,76006,106925,0.7108,113700,29715000,1,1,1,1,77.70,1,120,4,5.650,29715000,38255000,117,1,1,9,9,99,1,0,0,0,0,1,0,0
1,10000754,42,49620,133,010131,25.80,81582,95408,0.8551,105100,23805000,1,1,1,1,70.00,1,120,4,5.250,23805000,34005000,117,1,1,9,9,0,1,0,0,0,0,0,0,0
1,10000755,45,43900,083,021402,27.17,78284,75197,1.0411,72500,14105000,2,1,1,1,76.20,1,193,5,3.990,14105000,18505000,190,1,1,9,9,100,1,0,0,0,0,1,0,0
1,10000756,48,21340,141,010354,88.47,70081,61466,1.1402,63100,13375000,9,1,1,2,63.00,1,78,5,7.670,13375000,89505000,75,1,9,9,9,50,1,1,0,0,0,0,0,1
1,10000757,31,99999,141,965302,22.67,107625,90843,1.1847,96500,7475000,1,1,1,1,63.70,1,120,3,5.750,7475000,11725000,117,1,1,9,9,0,1,1,0,0,0,0,0,0
1,10000758,48,21340,141,004317,84.17,57384,61466,0.9336,63100,9155000,1,1,1,1,75.00,1,84,5,5.960,9155000,12205000,81,1,1,9,9,0,1,0,0,0,0,0,0,0
1,10000759,06,99999,057,000601,24.54,60512,100889,0.5998,104200,3615000,7,1,1,1,48.10,1,120,3,5.920,3615000,7505000,117,1,1,9,9,100,1,1,0,0,0,1,0,0
1,10000760,48,21340,141,010411,98.01,42596,61466,0.6930,63100,1325000,2,1,1,1,78.30,1,120,2,5.110,18925000,1695000,117,1,1,9,9,100,1,1,0,0,0,0,0,1
1,10000761,53,42660,061,051401,56.95,65810,127870,0.5147,136600,36305000,7,1,1,1,55.00,1,120,5,4.980,36305000,66005000,117,1,9,9,9,0,1,0,0,0,0,1,0,0
1,10000762,42,29540,071,012403,11.99,69915,97622,0.7162,106700,6105000,1,1,1,1,52.20,1,120,3,6.180,6105000,11705000,117,1,1,9,9,0,1,0,0,0,0,0,0,0
1,10000763,25,14460,017,317101,26.44,151604,134646,1.1260,142000,24125000,7,1,1,1,57.40,1,120,5,5.200,24125000,42005000,117,1,1,9,9,0,1,0,0,0,0,0,1,0
1,10000764,51,40060,760,070803,91.42,39087,104391,0.3744,110000,21905000,1,1,1,1,76.00,1,192,4,5.370,20005000,28805000,189,1,9,9,9,100,1,0,0,0,0,1,0,0
1,10000765,48,19100,439,122500,39.46,76473,99957,0.7651,107300,8545000,7,1,1,1,64.50,1,60,4,4.850,13425000,13235000,57,1,1,9,9,100,1,0,0,0,0,0,0,0
1,10000766,19,99999,191,950400,5.13,84693,88023,0.9622,93500,13395000,2,1,1,1,65.00,1,60,3,5.480,13395000,20605000,57,1,1,9,9,0,1,1,0,0,0,0,1,0
1,10000767,36,35620,081,001903,62.92,236111,113844,2.0740,119300,204945000,7,1,1,1,65.00,1,120,5,5.050,204945000,315305000,117,1,1,9,9,0,1,0,0,0,0,0,1,0
1,10000768,18,29020,067,001100,27.67,68636,79222,0.8664,74400,6335000,7,1,1,1,69.60,1,120,3,5.560,6335000,9105000,117,1,1,9,9,0,1,0,0,0,0,0,0,0
1,10000769,37,49180,057,061204,40.09,41039,76701,0.5351,81900,935000,1,1,1,1,80.00,1,120,1,6.740,3685000,1175000,117,1,9,9,9,0,1,0,0,0,0,0,0,0
1,10000770,13,12060,063,040308,85.11,54861,98569,0.5566,106100,8405000,1,1,1,1,73.60,1,120,4,6.560,8405000,11415000,117,1,1,9,9,0,1,0,0,0,0,1,0,0
1,10000771,48,26420,039,664400,74.80,43940,92750,0.4738,95200,4025000,7,1,1,1,64.80,1,60,3,7.050,4025000,6205000,57,1,1,9,9,0,1,1,0,0,0,1,0,0
1,10000772,04,22380,005,000200,29.46,123700,86862,1.4241,85900,19925000,1,1,1,1,70.00,1,60,4,5.460,19925000,28475000,57,1,1,9,9,0,1,0,0,0,0,1,0,0
1,10000773,36,28880,027,220901,63.55,80594,113377,0.7109,114800,6715000,7,1,1,1,73.00,1,84,3,6.350,6715000,9205000,81,1,9,9,9,0,1,0,0,0,0,0,0,0
1,10000774,18,21780,163,010101,38.39,55786,82873,0.6732,81400,19725000,7,1,1,1,67.50,1,84,5,5.740,19725000,29205000,81,1,1,9,9,0,1,0,0,0,0,0,0,0
1,10000775,06,42220,097,151403,58.19,94602,119780,0.7898,128400,57985000,9,1,1,1,65.00,1,80,5,5.350,57985000,89205000,77,1,1,9,9,0,1,0,0,0,0,0,1,0
1,10000776,45,99999,021,970201,44.97,58036,64216,0.9038,68200,14505000,7,1,1,1,60.20,1,60,5,5.090,14505000,24105000,57,1,1,9,9,0,1,1,0,0,0,0,0,0
1,10000777,08,19740,001,008555,42.99,66806,119980,0.5568,130400,67715000,7,3,1,1,62.60,1,120,5,5.430,67715000,108205000,117,1,1,9,9,0,1,0,0,0,0,0,1,0
1,10000778,34,35620,031,182800,96.85,39412,113844,0.3462,119300,885000,7,1,1,1,58.70,1,60,1,5.910,6285000,1505000,57,1,1,9,9,0,1,0,0,0,0,1,0,0
1,10000779,40,36420,027,201505,25.44,133583,84302,1.5846,89100,15005000,7,1,1,1,62.00,1,120,5,5.620,15005000,24205000,117,1,1,9,9,0,1,0,0,0,0,0,1,0
1,10000780,06,42220,097,150612,31.24,157016,119780,1.3109,128400,37755000,7,1,1,1,57.20,1,60,4,5.870,37755000,66005000,57,1,1,9,9,0,1,0,0,0,0,0,1,0
1,10000781,24,12580,025,301401,33.92,110060,118479,0.9289,122200,8855000,7,1,1,1,55.00,1,60,3,5.190,8855000,16105000,57,1,1,9,9,0,1,0,0,0,0,0,0,0
1,10000782,48,26420,201,550306,94.21,71157,92750,0.7672,95200,7005000,1,1,1,1,53.00,1,84,3,4.990,7005000,13205000,81,1,1,9,9,0,1,0,0,0,0,0,0,0
1,10000783,17,16980,197,883803,85.52,63077,106055,0.5948,109800,36375000,1,1,1,1,78.90,2,120,5,5.550,36375000,46075000,117,1,1,9,9,0,1,0,0,0,0,0,0,0
1,10000784,37,16740,119,005532,83.46,75055,93744,0.8006,100300,56005000,7,3,1,1,57.30,1,120,5,5.130,56005000,97805000,117,1,1,9,9,0,1,0,0,0,0,0,0,0
1,10000785,04,38060,013,112518,82.69,103344,93191,1.1090,101300,31355000,7,1,1,1,55.00,1,84,5,5.610,31355000,57005000,81,1,1,9,9,0,1,0,0,0,0,0,0,0
1,10000786,19,19340,163,010600,46.88,55139,87874,0.6275,89500,2935000,9,1,1,2,65.40,1,101,5,6.800,2935000,14005000,98,1,1,9,9,50,1,0,0,0,0,1,0,0
1,10000787,13,12060,297,110701,25.26,79435,98569,0.8059,106100,9615000,1,1,1,1,64.70,1,120,3,5.690,9615000,14855000,117,1,1,9,9,0,1,1,0,0,0,0,0,0
1,10000788,13,12060,063,040632,96.36,46948,98569,0.4763,106100,19955000,2,1,1,1,70.70,1,178,5,3.400,19955000,28205000,175,1,1,9,9,100,1,0,0,0,0,0,0,0
1,10000789,12,37860,033,000100,34.91,88958,82863,1.0736,92200,49465000,2,1,1,1,65.00,1,60,5,5.720,49465000,76105000,57,1,1,9,9,0,1,0,0,0,0,0,0,0
1,10000790,48,36220,135,001700,52.09,91097,81404,1.1191,82000,8665000,2,5,1,1,57.80,1,60,5,5.595,8665000,15005000,57,1,1,9,9,0,1,0,0,0,0,0,0,0
1,10000791,48,26420,201,533803,95.47,58620,92750,0.6320,95200,6635000,9,1,1,2,61.90,1,86,5,7.680,6635000,33705000,83,1,1,9,9,0,2,0,0,0,0,0,0,0
1,10000792,37,16740,097,061501,34.57,85855,93744,0.9159,100300,2325000,1,1,1,1,67.70,1,360,1,6.510,2325000,4245000,357,1,9,9,9,100,1,0,0,0,0,0,0,0
1,10000793,42,37980,101,033702,46.77,95697,108977,0.8781,114700,3005000,7,1,1,1,50.10,1,60,2,5.200,3005000,5995000,57,1,1,9,9,0,1,0,0,0,0,0,0,0
1,10000794,27,33460,003,051102,42.96,87708,119274,0.7354,123700,6805000,1,1,1,1,80.00,1,120,3,6.110,6805000,8505000,117,1,1,9,9,0,1,0,0,0,0,0,0,0
1,10000795,41,38900,051,010306,32.24,101233,110489,0.9162,116900,21565000,1,5,1,1,64.40,1,60,5,5.390,21565000,33465000,57,1,1,9,9,0,1,0,0,0,0,0,0,0
1,10000796,01,26620,089,010625,86.37,32374,99604,0.3250,113600,37965000,7,1,1,1,65.00,1,87,5,5.960,37965000,58405000,84,1,1,9,9,0,1,0,0,0,0,1,0,0
1,10000797,36,35620,047,025700,56.52,127857,113844,1.1231,119300,3685000,7,1,1,1,59.00,1,84,1,6.150,7285000,6255000,81,1,1,9,9,100,1,0,0,0,0,0,0,0
1,10000798,37,24660,081,012608,87.26,20030,76183,0.2629,80700,8235000,7,1,1,1,58.40,1,84,4,5.840,8235000,14105000,81,1,9,9,9,0,1,0,0,0,0,1,0,0
1,10000799,13,12060,135,050542,88.73,39391,98569,0.3996,106100,42975000,2,1,1,1,56.20,1,60,5,5.390,42975000,76505000,57,1,1,9,9,0,1,0,0,0,0,1,0,0
1,10000800,18,45460,167,010703,15.09,91007,73963,1.2304,76500,8105000,7,1,1,1,62.30,1,60,4,5.890,8105000,13005000,57,1,1,9,9,0,1,0,0,0,0,0,0,0
1,10000801,06,41860,075,026404,98.13,95000,154003,0.6169,166600,7275000,7,1,1,1,34.30,2,60,4,6.260,7275000,21205000,57,1,1,9,9,99,1,0,0,0,0,1,0,0
1,10000802,17,16980,031,032100,43.43,115323,106055,1.0874,109800,8065000,2,1,1,1,39.00,1,60,5,5.600,8065000,20705000,57,1,1,9,9,0,1,0,0,0,0,0,0,0
1,10000803,27,33460,123,034201,31.25,84315,119274,0.7069,123700,30315000,2,1,1,1,63.80,1,60,5,5.665,30315000,47505000,57,1,1,9,9,0,1,0,0,0,0,1,0,0
1,10000804,48,19100,085,031622,45.94,110703,99957,1.1075,107300,17835000,1,1,1,1,72.80,1,120,4,6.070,17835000,24505000,117,1,1,9,9,0,1,0,0,0,0,0,0,0
1,10000805,09,25540,110,510400,86.71,54614,115967,0.4709,122400,1295000,7,1,1,1,59.30,1,84,1,6.160,8925000,2175000,81,1,9,9,9,0,1,0,0,0,0,1,0,0
1,10000806,41,10540,043,020102,24.30,83977,81297,1.0330,84900,40505000,7,1,1,1,54.90,1,60,5,5.960,40505000,73755000,57,1,1,9,9,0,1,0,0,0,0,0,0,0
1,10000807,42,38300,003,030500,76.52,64904,96434,0.6730,100600,8545000,7,1,1,1,62.80,1,84,3,5.640,8545000,13605000,81,1,1,9,9,0,1,0,0,0,0,1,0,0
1,10000808,48,26420,201,552401,79.05,86645,92750,0.9342,95200,14015000,1,1,1,1,67.30,1,360,5,6.220,14015000,21005000,357,1,1,9,9,100,1,0,0,0,0,0,0,0
1,10000809,06,41940,085,508708,82.21,250001,172303,1.4509,180400,79845000,7,1,1,1,61.20,1,120,5,5.845,79845000,130505000,117,1,1,9,9,4,1,0,0,0,0,0,1,0
1,10000810,37,48900,129,011300,23.98,143750,91984,1.5628,102100,54485000,1,1,1,1,63.80,1,60,5,5.515,54485000,85355000,57,1,1,9,9,0,1,0,0,0,0,1,0,0
1,10000811,15,46520,003,003801,82.58,84409,117769,0.7167,120100,10645000,9,3,1,2,64.90,1,178,5,5.830,10645000,56385000,175,1,1,9,9,99,1,0,0,0,0,0,0,0
1,10000812,51,99999,171,040102,15.83,63355,76699,0.8260,81400,1445000,1,1,1,1,80.00,1,120,3,6.500,1445000,1805000,117,1,1,9,9,100,1,1,0,0,0,0,1,0
1,10000813,06,41860,001,435104,87.47,137904,154003,0.8955,166600,14955000,9,1,1,2,48.60,1,99,5,6.840,14955000,58785000,96,1,1,9,9,0,1,0,0,0,0,1,1,0
1,10000814,13,16860,295,020301,16.47,56315,82235,0.6848,92100,11305000,2,1,1,1,75.30,1,186,5,3.380,11305000,15005000,183,1,1,9,9,100,1,0,0,0,0,1,0,0
1,10000815,37,16740,119,005827,75.25,81771,93744,0.8723,100300,61205000,2,1,1,1,64.00,1,84,5,5.480,210705000,96205000,81,1,1,9,9,50,1,0,0,0,0,0,0,0
1,10000816,12,33100,099,001916,59.07,95742,80554,1.1885,87600,33205000,7,1,1,1,59.00,1,60,5,5.510,33205000,56305000,57,1,1,9,9,0,1,0,0,0,0,0,0,0
1,10000817,18,26900,081,610201,17.54,70313,93688,0.7505,101200,26005000,1,1,1,1,50.20,1,120,5,5.250,26005000,51805000,117,1,1,9,9,0,1,0,0,0,0,0,0,0
1,10000818,17,16980,031,061901,29.57,149803,106055,1.4125,109800,8685000,7,1,1,1,53.50,1,60,3,6.120,8685000,16255000,57,1,1,9,9,0,1,0,0,0,0,0,1,0
1,10000819,13,12060,121,010133,48.17,101188,98569,1.0266,106100,54055000,7,5,1,1,57.90,1,60,5,5.340,54055000,93405000,57,1,1,9,9,0,1,0,0,0,0,0,0,0
1,10000820,53,42660,033,006600,31.62,182361,127870,1.4261,136600,21265000,7,1,1,1,57.50,2,120,4,5.870,21265000,36995000,117,1,1,9,9,0,1,0,0,0,0,0,1,0
1,10000821,12,38940,111,380400,79.10,49338,81366,0.6064,87800,20725000,1,1,1,1,69.50,1,192,5,5.640,20725000,29805000,189,1,9,9,9,100,1,0,0,0,0,1,0,0
1,10000822,16,14260,027,020906,28.28,99276,91708,1.0825,98000,26185000,1,5,1,1,60.90,1,84,5,5.830,26185000,43005000,81,1,1,9,9,0,1,0,0,0,0,0,0,0
1,10000823,36,35620,047,027600,70.66,61135,113844,0.5370,119300,3735000,1,1,1,1,60.40,1,84,2,5.580,3735000,6185000,81,1,1,9,9,0,1,0,0,0,0,0,0,0
1,10000824,27,33460,123,030400,67.65,62820,119274,0.5267,123700,6005000,1,1,1,1,79.80,1,120,4,5.570,6005000,7515000,117,1,1,9,9,0,1,0,0,0,0,1,0,0
1,10000825,09,25540,130,542000,27.64,112596,115967,0.9709,122400,4025000,7,1,1,1,64.50,1,60,2,5.550,4935000,6245000,57,1,1,9,9,0,1,0,0,0,0,0,0,0
1,10000826,06,31080,037,127102,77.89,50518,101056,0.4999,105700,6995000,7,1,1,1,64.70,1,60,2,5.335,6995000,10805000,57,1,1,9,9,0,1,0,0,0,0,0,0,0
1,10000827,01,26620,089,001301,80.08,41067,99604,0.4123,113600,20075000,2,1,1,1,62.30,1,120,5,5.315,20075000,32205000,117,1,1,9,9,0,1,0,0,0,0,1,0,0
1,10000828,41,13460,017,000501,9.78,113750,99728,1.1406,105100,7105000,7,1,1,1,61.80,2,60,3,5.930,7105000,11505000,57,1,1,9,9,15,1,1,0,0,0,0,0,0
1,10000829,22,35380,051,029900,62.05,68438,81500,0.8397,87100,9165000,7,1,1,1,65.00,1,120,4,5.490,9165000,14105000,117,1,1,9,9,0,1,0,0,0,0,1,0,0
1,10000830,06,31080,037,190101,45.31,74107,101056,0.7333,105700,6065000,2,5,1,1,55.00,1,120,2,4.510,6065000,11025000,117,1,1,9,9,98,1,0,0,0,0,0,0,0
1,10000831,06,40900,061,022400,34.27,189018,106925,1.7678,113700,19175000,7,1,1,1,27.30,1,84,5,5.355,19175000,70105000,81,1,1,9,9,0,1,0,0,0,0,0,0,0
1,10000832,20,48620,173,006200,57.00,48605,84050,0.5783,91200,1345000,9,1,1,2,69.90,1,100,3,7.500,1345000,6755000,97,1,9,9,9,0,1,0,0,0,0,1,0,0
1,10000833,04,38060,013,420301,24.18,142250,93191,1.5264,101300,3775000,7,1,1,1,54.00,1,60,2,6.060,3775000,7005000,57,1,1,9,9,0,1,0,0,0,0,0,0,0
1,10000834,13,99999,299,950600,31.35,84929,66121,1.2845,70500,8265000,7,3,1,1,64.60,1,120,3,5.450,18575000,12795000,117,1,1,9,9,0,1,1,0,0,1,0,0,0
1,10000835,39,99999,101,000900,19.61,40175,77016,0.5216,80000,13425000,1,5,1,1,74.60,1,192,4,5.260,13425000,18005000,168,1,9,9,9,100,1,1,0,0,0,1,0,0
1,10000836,04,38060,013,061052,63.81,86680,93191,0.9301,101300,34045000,1,1,1,1,60.80,1,120,5,5.490,34045000,56005000,117,1,1,9,9,0,1,0,0,0,0,0,0,0
1,10000837,06,12540,029,002815,78.07,50660,71065,0.7129,78600,7235000,1,1,1,1,65.00,1,60,4,5.830,7235000,11125000,57,1,1,9,9,0,1,0,0,0,0,0,0,0
1,10000838,13,12060,085,970204,20.00,84766,98569,0.8600,106100,42925000,7,1,1,1,61.70,1,60,5,5.950,42925000,69605000,57,1,1,9,9,40,1,0,0,0,0,0,0,0
1,10000839,25,14460,025,010404,42.74,92250,134646,0.6851,142000,23405000,1,1,1,1,65.00,1,120,2,5.520,23405000,36005000,117,1,1,9,9,0,1,0,0,0,0,1,0,0
1,10000840,35,10740,001,000126,47.15,80592,79295,1.0164,86400,13605000,7,5,1,1,64.50,1,60,4,5.450,13605000,21105000,57,1,1,9,9,0,1,0,0,0,0,0,0,0
1,10000841,36,35620,061,019600,86.26,41484,113844,0.3644,119300,37125000,7,1,1,1,75.00,1,120,4,5.050,37125000,49505000,117,1,1,9,9,98,1,0,0,0,0,1,0,0
1,10000842,27,33460,053,025100,46.75,73409,119274,0.6155,123700,58745000,1,1,1,1,72.80,1,120,5,5.230,58745000,80735000,117,1,1,9,9,2,1,0,0,0,0,1,0,0
1,10000843,48,21340,141,004201,97.33,43514,61466,0.7079,63100,3705000,7,1,1,1,65.00,1,60,3,5.520,9295000,5705000,57,1,1,9,9,0,1,0,0,0,0,1,0,0
1,10000844,53,28420,005,011100,40.92,79417,92746,0.8563,99900,8005000,1,1,1,1,57.10,1,60,3,6.190,8005000,14005000,57,1,1,9,9,0,1,0,0,0,0,0,0,0
1,10000845,47,99999,131,965700,27.21,76250,66127,1.1531,70200,4085000,1,1,1,1,80.00,1,120,3,6.520,4085000,5105000,117,1,1,9,9,0,1,1,1,0,0,1,0,0
1,10000846,13,12060,121,002900,42.23,163438,98569,1.6581,106100,1485000,7,1,1,1,63.00,1,60,1,5.550,6175000,2355000,57,1,1,9,9,0,1,0,0,0,0,0,0,0
1,10000847,48,19100,251,130215,28.61,130649,99957,1.3071,107300,74575000,7,1,1,1,55.10,1,60,5,5.560,74575000,135405000,57,1,1,9,9,0,1,0,0,0,0,0,0,0
1,10000848,25,39300,005,600100,13.28,138750,103773,1.3371,113200,3435000,9,1,1,2,61.40,1,78,4,7.280,3435000,34605000,75,1,1,9,9,0,1,0,0,0,0,0,1,0
1,10000849,37,16740,119,000800,66.86,33468,93744,0.3570,100300,4565000,1,1,1,1,53.70,1,120,2,6.500,4565000,8505000,117,1,1,9,9,0,1,0,0,0,0,1,0,0
1,10000850,36,35620,081,122703,72.37,76629,113844,0.6731,119300,15605000,2,3,1,1,31.40,1,120,5,5.400,15605000,59005000,117,1,1,9,9,0,1,0,0,0,0,0,0,0
1,10000851,06,41740,073,017033,56.95,169583,111734,1.5177,119500,12825000,7,1,1,1,58.80,1,84,2,5.210,12825000,21805000,81,1,1,9,9,29,1,0,0,0,0,0,1,0
1,10000852,12,27260,031,014417,43.03,91738,88994,1.0308,98000,47165000,1,1,1,1,60.00,1,60,5,5.370,47165000,78605000,57,1,1,9,9,0,1,0,0,0,0,0,1,0
1,10000853,51,40060,087,200407,47.78,85568,104391,0.8197,110000,8225000,7,1,1,1,35.00,1,180,5,5.140,8225000,23505000,177,9,9,9,9,0,1,0,0,0,0,0,0,0
1,10000854,47,16860,065,010700,20.16,100487,82235,1.2220,92100,3225000,2,1,1,1,60.80,1,60,2,5.450,3225000,5305000,57,1,1,9,9,0,1,0,0,0,0,1,0,0
1,10000855,48,46340,423,002200,25.18,84016,83564,1.0054,87300,1605000,7,1,1,1,62.10,2,120,1,6.920,1605000,2585000,117,1,1,9,9,0,1,0,0,0,0,0,1,0
1,10000856,12,23540,001,001605,43.99,86587,82126,1.0543,92700,14455000,2,1,1,1,69.20,1,183,5,3.650,14455000,20905000,180,1,1,9,9,100,1,0,0,0,0,1,1,0
1,10000857,51,47260,700,032128,68.90,57446,95214,0.6033,100000,27285000,7,3,1,1,55.10,1,120,5,6.230,27285000,49505000,117,1,1,9,9,0,1,0,0,0,0,0,0,0
1,10000858,04,38060,013,523103,51.29,85770,93191,0.9204,101300,30225000,2,1,1,1,65.00,1,60,5,5.490,30225000,46505000,57,1,1,9,9,0,1,0,0,0,0,0,0,0
1,10000859,06,41860,001,427700,52.91,180833,154003,1.1742,166600,11695000,1,1,1,1,65.00,1,60,3,5.450,11695000,17995000,57,1,1,9,9,0,1,0,0,0,0,0,1,0
1,10000860,51,40060,730,811100,83.90,82208,104391,0.7875,110000,73195000,1,1,1,1,75.00,2,84,5,5.920,73195000,97595000,81,1,1,9,9,0,1,0,0,0,0,0,0,0
1,10000861,51,47260,199,050306,29.90,102829,95214,1.0800,100000,26035000,7,3,1,1,55.20,1,120,5,6.230,26035000,47205000,117,1,1,9,9,0,1,0,0,0,0,0,0,0
1,10000862,06,31080,037,461400,46.24,108500,101056,1.0737,105700,28805000,2,5,1,1,47.90,1,60,5,6.420,28805000,60105000,57,1,1,9,9,0,1,0,0,0,0,0,1,0
1,10000863,12,36740,097,040806,44.37,83603,83343,1.0031,90400,6195000,7,1,1,1,48.00,1,110,3,6.470,6195000,12905000,107,1,1,9,9,0,1,0,0,0,0,0,0,0
1,10000864,39,18140,049,010900,42.77,96588,97262,0.9931,103300,1535000,9,1,1,2,65.00,1,61,4,7.190,1535000,19005000,58,1,9,9,9,0,1,0,0,0,0,0,1,0
1,10000865,08,19740,059,010402,35.15,79628,119980,0.6637,130400,1875000,1,1,1,1,54.40,1,84,1,6.130,1875000,3445000,81,1,1,9,9,0,1,0,0,0,0,1,0,0
1,10000866,25,14460,021,456102,41.72,103309,134646,0.7673,142000,6655000,7,1,1,1,55.00,1,120,2,5.080,6655000,12105000,117,1,1,9,9,0,1,0,0,0,0,0,1,0
1,10000867,13,12060,013,180501,44.24,89194,98569,0.9049,106100,18555000,2,3,1,1,82.80,1,187,5,3.170,18555000,22405000,184,1,1,9,9,100,1,0,0,0,0,0,0,0
1,10000868,31,36540,055,007471,21.94,131274,102337,1.2828,109700,18145000,2,3,1,1,65.70,1,120,5,7.582,5275000,22165000,117,1,1,9,9,90,1,0,0,0,0,0,0,0
1,10000869,36,35620,119,009000,64.63,98875,113844,0.8685,119300,4605000,7,1,1,1,15.40,1,84,4,6.160,4605000,29905000,81,1,9,9,9,0,1,0,0,0,0,0,0,0
1,10000870,45,44940,085,000901,66.95,52411,67621,0.7751,72500,1005000,9,1,1,2,70.80,1,101,2,8.260,1005000,3975000,98,1,9,9,9,0,1,0,0,0,0,0,0,0
1,10000871,27,33460,053,122500,28.57,112633,119274,0.9443,123700,20895000,7,1,1,1,54.70,2,60,5,5.760,20895000,38205000,57,1,1,9,9,0,1,0,0,0,0,0,1,0
1,10000872,37,39580,183,052813,49.10,57253,113293,0.5054,122300,46085000,7,1,1,1,65.00,1,120,5,5.040,46085000,70905000,117,1,1,9,9,0,1,0,0,0,0,0,0,0
1,10000873,13,12060,067,031306,72.37,88281,98569,0.8956,106100,4405000,2,3,1,1,61.10,1,120,2,6.460,4405000,7205000,117,1,1,9,9,0,1,0,0,0,0,0,0,0
1,10000874,51,40060,075,400101,16.88,186083,104391,1.7826,110000,34635000,7,1,1,1,61.60,1,120,4,6.490,34635000,56205000,117,1,1,9,9,0,1,1,0,0,0,0,1,0
1,10000875,42,37980,045,403502,27.41,96268,108977,0.8834,114700,21235000,2,1,1,1,62.30,1,84,5,5.210,233465000,34105000,81,1,1,9,9,100,1,0,0,0,0,0,0,0
1,10000876,48,32580,215,020804,82.52,74028,54864,1.3493,57300,3205000,7,1,1,1,55.20,1,120,3,6.520,4745000,5805000,117,1,1,9,9,0,1,0,0,0,0,0,0,0
1,10000877,01,19460,103,005106,34.57,82334,76812,1.0719,82500,7525000,2,1,1,1,70.00,1,120,4,5.380,17045000,10755000,117,1,1,9,9,0,1,0,0,0,0,0,1,0
1,10000878,06,31080,059,011601,86.93,61034,101056,0.6040,105700,1995000,9,1,1,2,55.00,1,71,3,7.930,1995000,35105000,68,1,1,9,9,0,1,0,0,0,0,1,0,0
1,10000879,08,19740,031,003703,23.20,125762,119980,1.0482,130400,735000,9,3,1,2,34.30,2,120,2,7.770,735000,6705000,117,1,9,9,9,0,1,0,0,0,0,0,0,0
1,10000880,37,22180,051,003304,74.04,61629,70670,0.8721,73500,5115000,7,1,1,1,59.50,1,60,3,6.250,5115000,8605000,57,1,1,9,9,0,1,0,0,0,0,0,0,0
1,10000881,47,34980,149,041406,46.84,69158,96905,0.7137,104700,24505000,1,1,1,1,75.00,1,84,5,5.890,24505000,32675000,81,1,1,9,9,0,1,0,0,0,0,1,0,0
1,10000882,09,25540,110,496100,74.21,79625,115967,0.6866,122400,7015000,7,1,1,1,62.50,1,84,3,5.170,12135000,11215000,81,1,1,9,9,0,1,0,0,0,0,1,0,0
1,10000883,34,35620,013,018300,97.41,45866,113844,0.4029,119300,2085000,1,1,1,1,85.00,1,69,4,6.220,2085000,7755000,66,9,9,9,9,100,1,0,0,0,0,1,0,0
1,10000884,39,19430,113,165200,60.47,115547,87717,1.3173,92900,12785000,1,5,1,1,72.60,1,192,4,5.190,12785000,17605000,168,1,9,9,9,100,1,0,0,0,0,1,0,0
1,10000885,48,12420,453,032100,46.28,102736,115204,0.8918,126000,36555000,1,1,1,1,65.00,1,60,5,5.630,36555000,56255000,57,1,1,9,9,0,1,0,0,0,0,0,0,0
1,10000886,48,19100,113,018403,84.53,47589,99957,0.4761,107300,14305000,1,1,1,1,67.60,2,84,5,5.990,14305000,21155000,81,1,1,9,9,51,1,0,0,0,0,0,0,0
1,10000887,26,19820,163,591700,23.03,117471,93779,1.2526,97300,3485000,9,1,1,2,67.60,1,60,4,8.140,3485000,27305000,57,1,9,9,9,0,1,0,0,0,0,0,0,0
1,10000888,04,38060,013,110801,58.69,56681,93191,0.6082,101300,7525000,7,1,1,1,60.20,1,60,3,5.520,7525000,12505000,57,1,1,9,9,0,1,0,0,0,0,1,0,0
1,10000889,06,40900,067,007604,41.90,77083,106925,0.7209,113700,13995000,2,1,1,1,61.10,1,60,3,5.710,13995000,22895000,57,1,1,9,9,0,1,0,0,0,0,0,0,0
1,10000890,26,99999,047,970800,12.35,83221,84810,0.9813,90000,34405000,7,1,1,1,70.80,1,120,5,5.640,34405000,48605000,117,1,1,9,9,0,1,1,0,0,0,0,0,0
1,10000891,48,12420,209,010305,59.00,50972,115204,0.4425,126000,16595000,2,3,1,1,62.40,1,84,5,4.670,16595000,26605000,81,1,1,9,9,0,1,0,0,0,0,1,0,0
1,10000892,36,35620,059,416401,12.46,175536,113844,1.5419,119300,5075000,2,1,1,1,66.80,1,180,2,5.600,6745000,7605000,177,1,1,9,9,0,1,0,0,0,0,0,1,0
1,10000893,27,33460,053,020303,65.86,93401,119274,0.7831,123700,3455000,1,1,1,1,64.10,1,84,3,6.520,3455000,5395000,81,1,1,9,9,0,1,0,0,0,0,1,0,0
1,10000894,27,33460,123,033000,76.67,85288,119274,0.7151,123700,5115000,1,1,1,1,56.80,1,60,2,6.080,5115000,9005000,57,1,1,9,9,0,1,0,0,0,0,1,0,0
1,10000895,48,19100,113,014405,82.37,78750,99957,0.7878,107300,12605000,7,1,1,1,70.00,1,84,4,5.445,12605000,18005000,81,1,1,9,9,51,1,0,0,0,0,0,0,0
1,10000896,17,16980,031,081000,32.93,219338,106055,2.0682,109800,24235000,1,3,1,1,76.90,1,84,5,5.420,24235000,31505000,81,1,1,9,9,0,1,0,0,0,0,0,0,0
1,10000897,17,16980,031,832100,36.66,73750,106055,0.6954,109800,4315000,7,1,1,1,57.30,1,60,2,5.800,39285000,7535000,57,1,1,9,9,0,1,0,0,0,0,0,0,0
1,10000898,51,40060,041,101012,36.40,104000,104391,0.9963,110000,37015000,1,1,1,1,62.00,1,60,5,5.710,37015000,59735000,57,1,1,9,9,0,1,0,0,0,0,0,0,0
1,10000899,17,16980,031,691300,99.16,56326,106055,0.5311,109800,1035000,7,1,1,1,63.60,1,84,1,6.050,4205000,1615000,81,1,1,9,9,0,1,0,0,0,0,0,0,0
1,10000900,36,45060,067,011012,25.76,99500,90955,1.0940,94800,7905000,7,1,1,1,74.50,1,84,3,5.390,12075000,10605000,81,1,9,9,9,0,1,0,0,0,0,0,1,0
1,10000901,53,42660,033,008102,41.90,169539,127870,1.3259,136600,40465000,2,1,1,1,47.90,1,120,5,6.190,40465000,84405000,117,1,1,9,9,0,1,0,0,0,0,0,0,0
1,10000902,20,28140,091,053712,19.82,110595,99766,1.1085,103000,27005000,7,1,1,1,50.30,1,60,5,5.410,27005000,53635000,57,1,1,9,9,0,1,1,0,0,0,0,1,0
1,10000903,04,38060,013,421303,64.96,63008,93191,0.6761,101300,1355000,1,1,1,1,48.20,2,120,1,6.640,1355000,2805000,117,1,1,9,9,0,1,0,0,0,0,1,0,0
1,10000904,48,12420,453,001602,35.96,155163,115204,1.3469,126000,3425000,2,5,1,1,52.80,1,84,2,5.540,28045000,6805000,81,1,1,9,9,0,1,0,0,0,0,0,0,0
1,10000905,48,33260,329,000402,51.83,85598,107796,0.7941,91500,7455000,7,5,1,1,56.10,1,60,3,5.545,7455000,13305000,57,1,1,9,9,0,1,0,0,0,0,0,0,0
1,10000906,18,26900,011,810606,12.09,184336,93688,1.9676,101200,9465000,7,1,1,1,61.40,1,120,4,5.490,9465000,15405000,117,1,1,9,9,0,1,0,0,0,0,0,1,0
1,10000907,13,12060,135,050218,68.81,86765,98569,0.8803,106100,62165000,1,1,1,1,64.70,1,60,5,4.990,62165000,96035000,57,1,1,9,9,0,1,0,0,0,0,0,0,0
1,10000908,06,46700,095,252106,43.74,144554,110159,1.3122,113200,41935000,7,1,1,1,53.90,1,120,5,5.580,41935000,77805000,117,1,1,9,9,0,1,0,0,0,0,0,0,0
1,10000909,17,16980,031,411000,58.46,81835,106055,0.7716,109800,7205000,7,1,1,1,55.00,1,60,4,5.530,7205000,13105000,57,1,1,9,9,0,1,0,0,0,0,0,0,0
1,10000910,24,12580,510,020300,27.75,164792,118479,1.3909,122200,56705000,1,1,1,1,70.00,1,120,5,5.200,56705000,81005000,117,1,1,9,9,0,1,0,0,0,0,0,0,0
1,10000911,13,12060,045,910708,38.80,46998,98569,0.4768,106100,2205000,7,1,1,1,60.00,1,120,3,6.070,2205000,3675000,117,1,1,9,9,100,1,1,0,0,0,0,0,0
1,10000912,17,14010,113,001108,29.55,120515,105528,1.1420,109400,73275000,1,1,1,1,80.00,1,84,5,5.870,73275000,91585000,81,1,1,9,9,0,1,0,0,0,0,0,1,0
1,10000913,12,15980,071,010205,50.38,88295,81979,1.0770,88800,41665000,2,1,1,1,51.70,1,120,5,6.190,41665000,80605000,117,1,1,9,9,0,1,0,0,0,0,0,0,0
1,10000914,26,24340,081,013500,58.02,54568,93131,0.5859,98500,6535000,7,1,1,1,60.50,1,60,3,4.930,13675000,10805000,57,1,1,9,9,80,1,0,0,0,0,1,0,0
1,10000915,39,17140,061,020604,9.62,77702,97826,0.7943,103700,24185000,7,1,1,1,65.00,1,60,5,4.910,24185000,37205000,57,1,1,9,9,0,1,0,0,0,0,0,1,0
1,10000916,27,33460,053,021501,39.23,91886,119274,0.7704,123700,11345000,7,1,1,1,64.10,1,84,4,5.660,11345000,17705000,81,1,1,9,9,0,1,0,0,0,0,1,0,0
1,10000917,36,35620,061,022800,84.65,103826,113844,0.9120,119300,64725000,1,1,1,1,81.90,1,120,5,5.110,64725000,86305000,117,1,1,9,9,99,1,0,0,0,0,1,0,0
1,10000918,06,34900,055,200301,60.71,103074,122540,0.8412,121100,20645000,2,1,1,1,52.10,1,120,4,4.390,20135000,39605000,117,1,1,9,9,19,1,0,0,0,0,0,0,0
1,10000919,48,19100,113,020700,47.37,89940,99957,0.8998,107300,7865000,7,1,1,1,62.10,1,60,3,5.390,7865000,12655000,57,1,1,9,9,0,1,0,0,0,0,0,0,0
1,10000920,39,17140,017,014700,18.58,52067,97826,0.5322,103700,9905000,7,1,1,1,59.70,1,120,3,4.720,9905000,16605000,117,1,1,9,9,0,1,0,0,0,0,1,0,0
1,10000921,36,35620,005,030900,33.42,189750,113844,1.6668,119300,8755000,7,3,1,1,10.10,1,120,5,5.440,8755000,97005000,117,1,1,9,9,0,1,0,0,0,0,0,1,0
1,10000922,19,19780,153,011028,20.73,114375,102398,1.1170,111800,11705000,1,5,1,1,63.90,1,84,5,4.900,11705000,18315000,81,1,1,9,9,0,1,0,0,0,0,1,1,0
1,10000923,27,20260,017,070100,13.15,71161,90299,0.7881,95600,12265000,1,1,1,1,82.90,1,204,3,5.350,9255000,14805000,201,1,9,9,9,100,1,1,0,0,0,0,0,0
1,10000924,13,12060,121,007807,98.63,62857,98569,0.6377,106100,2895000,7,1,1,1,65.00,2,84,2,6.550,2895000,4455000,81,1,9,9,9,0,1,0,0,0,0,1,0,0
1,10000925,51,47260,093,280300,26.02,104904,95214,1.1018,100000,5495000,9,1,1,2,53.70,1,79,5,7.320,5495000,19605000,76,1,1,9,9,0,2,1,0,0,0,0,0,0
1,10000926,09,47930,140,341100,14.57,124754,105763,1.1796,110400,29085000,1,1,1,1,73.70,1,84,5,6.280,29085000,39475000,81,1,1,9,9,0,1,0,0,0,0,0,1,0
1,10000927,27,33460,003,050901,24.82,76890,119274,0.6447,123700,30955000,2,1,1,1,69.40,1,120,5,5.470,30955000,44605000,117,1,1,9,9,0,1,0,0,0,0,0,1,0
1,10000928,51,44420,015,070701,13.67,96731,85670,1.1291,89900,4795000,1,1,1,1,79.40,1,84,3,6.320,4795000,6035000,81,1,9,9,9,0,1,0,0,0,0,0,0,0
1,10000929,53,42660,033,025302,57.80,64976,127870,0.5081,136600,8795000,7,1,1,1,49.90,1,84,3,5.930,8795000,17635000,81,1,9,9,9,0,1,0,0,0,0,1,1,0
1,10000930,12,23540,001,001522,57.93,51083,82126,0.6220,92700,8105000,7,1,1,1,62.10,1,120,3,5.920,8105000,13045000,117,1,1,9,9,0,1,0,0,0,0,1,0,0
1,10000931,12,33100,086,001208,88.06,54038,80554,0.6708,87600,43755000,7,1,1,1,54.00,1,120,5,5.350,43755000,81005000,117,1,1,9,9,0,1,0,0,0,0,1,0,0
1,10000932,48,19100,121,020601,54.79,39783,99957,0.3980,107300,1705000,7,1,1,1,65.00,2,120,1,6.260,1705000,2625000,117,1,1,9,9,0,1,0,0,0,0,1,0,0
1,10000933,13,99999,157,010300,32.06,69926,91750,0.7621,98100,8895000,7,5,1,1,62.20,1,84,4,5.995,8895000,14305000,81,1,1,9,9,0,1,1,0,0,0,0,0,0
1,10000934,08,22660,069,000100,18.03,121250,112985,1.0732,118800,6975000,7,1,1,1,48.70,1,120,3,5.670,6975000,14305000,117,1,9,9,9,0,1,0,0,0,0,1,0,0
1,10000935,17,16980,031,150401,42.43,100625,106055,0.9488,109800,875000,7,1,1,1,51.60,1,84,1,5.290,8635000,1705000,81,1,1,9,9,0,1,0,0,0,0,0,0,0
1,10000936,12,37460,005,001501,22.94,93553,77037,1.2144,85900,58095000,2,1,1,1,73.30,1,129,5,5.600,28245000,79205000,126,1,1,9,9,0,1,0,0,0,0,0,1,0
1,10000937,36,35620,005,043101,95.45,47092,113844,0.4137,119300,12815000,2,1,1,1,67.50,1,120,5,5.600,12815000,19005000,117,1,1,9,9,0,1,0,0,0,0,1,0,0
1,10000938,48,12420,021,950401,42.96,104778,115204,0.9095,126000,675000,9,3,1,2,68.40,2,95,3,7.550,675000,7125000,92,1,1,9,9,0,1,1,0,0,0,0,0,0
1,10000939,17,16980,031,030800,28.06,172685,106055,1.6283,109800,1975000,7,1,1,1,52.60,1,120,2,5.730,7555000,3755000,117,1,1,9,9,0,1,0,0,0,0,0,0,0
1,10000940,47,27740,179,060100,32.86,40521,71377,0.5677,80100,245000,9,3,1,2,69.00,2,86,1,7.540,805000,1405000,83,1,9,9,9,0,1,0,0,0,0,1,0,0
1,10000941,36,35620,061,019600,86.26,41484,113844,0.3644,119300,21565000,7,5,1,1,64.40,1,120,4,5.560,21565000,33505000,117,1,9,9,9,99,1,0,0,0,0,1,0,0
1,10000942,22,12940,033,004021,57.88,145625,87118,1.6716,86800,7285000,7,1,1,1,65.00,1,60,4,5.410,7285000,11205000,57,1,1,9,9,0,1,0,0,0,0,0,1,0
1,10000943,06,31080,037,231500,95.53,91298,101056,0.9034,105700,4185000,7,1,1,1,61.50,1,120,2,6.130,4185000,6805000,117,1,1,9,9,96,1,0,0,0,0,0,0,0
1,10000944,36,35620,047,054900,32.08,102865,113844,0.9036,119300,10395000,2,1,1,1,45.60,1,60,2,6.310,10395000,22805000,57,1,1,9,9,0,1,0,0,0,0,0,0,0
1,10000945,26,19820,163,595100,19.23,75905,93779,0.8094,97300,7505000,1,1,1,1,69.30,1,120,4,5.790,7505000,10835000,117,1,1,9,9,0,1,0,0,0,0,0,0,0
1,10000946,55,20740,035,000302,11.41,120580,93829,1.2851,99400,7215000,1,1,1,1,65.00,1,120,3,5.400,7215000,11105000,117,1,1,9,9,0,1,1,0,0,0,0,1,0
1,10000947,09,25540,130,550201,10.58,151000,115967,1.3021,122400,12165000,2,1,1,1,62.20,1,120,3,5.560,12165000,19555000,117,1,1,9,9,0,1,0,0,0,0,0,1,0
1,10000948,42,37980,091,208904,53.26,53462,108977,0.4906,114700,7935000,7,1,1,1,54.40,1,84,5,5.550,7935000,14605000,81,1,1,9,9,0,1,0,0,0,0,1,0,0
1,10000949,41,38900,067,031612,48.24,85893,110489,0.7774,116900,34255000,7,1,1,1,62.30,1,60,5,5.190,34255000,55005000,57,1,1,9,9,0,1,0,0,0,0,0,0,0
1,10000950,48,19100,113,006002,90.93,35313,99957,0.3533,107300,10985000,7,1,1,1,65.00,1,60,5,4.690,10985000,16905000,57,1,1,9,9,0,1,0,0,0,0,1,0,0
1,10000951,36,10580,091,060704,11.56,103321,109385,0.9446,117800,14015000,7,1,1,1,59.90,1,88,3,5.770,14015000,23405000,85,1,1,9,9,0,1,0,0,0,0,0,1,0
1,10000952,37,39580,183,053522,58.73,155662,113293,1.3740,122300,43095000,2,3,1,1,61.90,1,120,5,5.535,164065000,67905000,117,1,1,9,9,0,1,0,0,0,0,0,0,0
1,10000953,42,25420,041,011608,33.68,84025,96556,0.8702,97900,2805000,1,1,1,1,80.00,1,84,3,5.960,2805000,3505000,81,1,1,9,9,100,1,0,0,0,0,0,0,0
1,10000954,17,41180,119,402701,18.90,98869,97901,1.0099,103200,3895000,7,5,1,1,64.00,1,120,4,6.300,3895000,6085000,117,1,1,9,9,40,1,0,0,0,0,1,0,0
1,10000955,12,35840,081,001104,28.11,85461,91784,0.9311,97000,71295000,1,1,1,1,74.40,1,120,5,5.800,71295000,95865000,117,1,1,9,9,0,1,0,0,0,0,0,1,0
1,10000956,48,19100,085,031508,44.97,111375,99957,1.1142,107300,30665000,7,1,1,1,60.50,2,60,5,6.030,30665000,50705000,57,1,1,9,9,60,1,0,0,0,0,0,0,0
1,10000957,48,32580,215,023906,92.21,81077,54864,1.4778,57300,10735000,1,1,1,1,66.20,1,120,5,5.735,10735000,16205000,117,1,1,9,9,0,1,1,0,0,0,0,0,1
1,10000958,06,41860,081,608001,69.07,218889,154003,1.4213,166600,42325000,7,1,1,1,58.00,1,84,5,5.475,42325000,73005000,81,1,1,9,9,0,1,0,0,0,0,0,1,0
1,10000959,04,38060,013,110801,58.69,56681,93191,0.6082,101300,7505000,7,3,1,1,37.70,1,60,4,4.860,7505000,19905000,57,1,1,9,9,0,1,0,0,0,0,1,0,0
1,10000960,30,24500,013,002201,15.87,79250,79780,0.9934,85300,1255000,7,1,1,1,59.60,2,120,1,6.290,1255000,2105000,117,1,1,9,9,0,1,0,0,0,0,0,0,0
1,10000961,15,46520,003,008629,90.33,96875,117769,0.8226,120100,3955000,9,3,1,2,64.90,1,178,3,5.830,3955000,19525000,175,1,1,9,9,99,1,0,0,0,0,0,1,0
1,10000962,06,42020,079,011904,39.57,121618,114196,1.0650,125600,5535000,7,1,1,1,54.80,1,60,2,5.950,5535000,10105000,57,1,1,9,9,0,1,0,0,0,0,0,0,0
1,10000963,06,41860,013,303105,68.39,109643,154003,0.7120,166600,32265000,2,1,1,1,62.80,1,60,4,5.205,32265000,51405000,57,1,1,9,9,6,1,0,0,0,0,0,0,0
1,10000964,30,99999,029,000601,9.58,98125,82539,1.1888,88400,6945000,2,1,1,1,61.80,1,60,2,5.910,6945000,11245000,57,1,1,9,9,0,1,1,0,0,0,0,0,0
1,10000965,37,99999,185,950300,74.24,50339,67542,0.7453,73300,1205000,7,1,1,1,64.90,1,60,1,6.690,1205000,1855000,57,1,1,9,9,0,1,1,0,0,0,1,0,0
1,10000966,06,37100,111,005004,74.54,112629,116726,0.9649,125600,46505000,2,1,1,1,60.40,1,60,5,5.640,120005000,81705000,57,1,1,9,9,0,1,0,0,0,0,0,0,0
1,10000967,17,16980,031,834500,99.04,40679,106055,0.3836,109800,3225000,7,1,1,1,67.30,1,120,2,5.680,7805000,4805000,117,1,1,9,9,100,1,0,0,0,0,1,0,0
1,10000968,06,41940,085,505403,74.30,176643,172303,1.0252,180400,18005000,2,1,1,1,60.00,1,120,3,5.020,18005000,30005000,117,1,1,9,9,100,1,0,0,0,0,0,1,0
1,10000969,34,35620,017,007300,51.58,238250,113844,2.0928,119300,180615000,7,1,1,1,61.70,1,60,5,5.090,180615000,292605000,57,1,1,9,9,0,1,0,0,0,0,0,1,0
1,10000970,47,32820,157,011800,73.67,64286,78701,0.8168,84000,3955000,7,1,1,1,70.00,2,60,2,6.260,6445000,5655000,57,1,1,9,9,0,1,0,0,0,0,0,0,0
1,10000971,12,36740,117,020704,40.88,131013,83343,1.5720,90400,43225000,7,1,1,1,62.30,1,60,5,5.240,43225000,69405000,57,1,1,9,9,0,1,0,0,0,0,0,1,0
1,10000972,53,42660,053,061002,39.89,87896,127870,0.6874,136600,53325000,1,1,1,1,62.00,1,120,5,5.310,90425000,85195000,117,1,1,9,9,0,1,0,0,0,0,1,0,0
1,10000973,21,21060,093,001003,10.86,105488,78653,1.3412,79000,32555000,1,1,1,1,69.00,1,84,5,5.510,32555000,47195000,81,1,1,9,9,0,1,1,0,0,0,0,0,0
1,10000974,17,16980,031,831900,17.83,193906,106055,1.8284,109800,9905000,7,1,1,1,62.40,1,120,3,5.710,9905000,15875000,117,1,1,9,9,0,1,0,0,0,0,0,1,0
1,10000975,48,26420,201,331100,97.53,52386,92750,0.5648,95200,8255000,2,3,1,1,65.70,1,120,5,7.582,5275000,20805000,117,1,1,9,9,100,1,0,0,0,0,1,0,0
1,10000976,17,19340,161,021200,33.51,111597,87874,1.2700,89500,14925000,7,1,1,1,63.00,1,120,5,5.580,14925000,23675000,117,1,1,9,9,0,1,0,0,0,0,0,0,0
1,10000977,29,28140,095,014111,25.19,119500,99766,1.1978,103000,14235000,7,1,1,1,65.00,1,120,5,5.025,14235000,21905000,117,1,1,9,9,0,1,0,0,0,0,0,0,0
1,10000978,55,31540,025,002700,16.11,66167,112276,0.5893,121200,22165000,1,5,1,1,65.00,1,120,5,5.190,22165000,34105000,117,1,1,9,9,0,1,0,0,0,0,0,1,0
1,10000979,34,45940,021,004311,43.30,166852,120093,1.3894,125900,10265000,1,1,1,1,51.30,1,84,3,5.990,10265000,20005000,81,1,1,9,9,0,1,0,0,0,0,0,1,0
1,10000980,22,35380,051,029700,65.61,65200,81500,0.8000,87100,9125000,7,1,1,1,64.70,1,120,4,5.490,9125000,14105000,117,1,1,9,9,0,1,0,0,0,0,1,0,0
1,10000981,06,41940,085,508503,76.06,198508,172303,1.1521,180400,22655000,7,1,1,1,61.20,1,120,4,5.420,22655000,37005000,117,1,1,9,9,0,1,0,0,0,0,0,1,0
1,10000982,53,44060,063,002400,25.89,48523,88647,0.5474,98100,11705000,7,1,1,1,36.20,1,120,4,5.740,11705000,32285000,117,1,9,9,9,19,1,0,0,0,0,1,0,0
1,10000983,36,35620,005,039902,98.20,52885,113844,0.4645,119300,4105000,2,1,1,1,63.20,1,60,2,6.160,14165000,6505000,57,1,1,9,9,0,1,0,0,0,0,1,0,0
1,10000984,26,19820,125,181001,50.85,60972,93779,0.6502,97300,20945000,7,1,1,1,59.90,1,120,5,6.050,20945000,35005000,117,1,9,9,9,0,1,0,0,0,0,0,0,0
1,10000985,41,38900,051,008400,49.42,67083,110489,0.6072,116900,8395000,7,1,1,1,64.10,1,60,3,5.300,8395000,13105000,57,1,1,9,9,0,1,0,0,0,0,1,0,0
1,10000986,48,12420,453,034200,67.23,116563,115204,1.0118,126000,14305000,2,1,1,1,59.80,1,60,4,4.960,14305000,23905000,57,1,1,9,9,0,1,0,0,0,0,0,0,0
1,10000987,51,40060,041,100933,44.93,85234,104391,0.8165,110000,69425000,2,3,1,1,61.90,1,120,5,5.535,164065000,106805000,117,1,1,9,9,0,1,0,0,0,0,0,0,0
1,10000988,24,12580,005,401101,85.22,102589,118479,0.8659,122200,17215000,7,1,1,1,69.40,1,120,4,5.590,17215000,24805000,117,1,1,9,9,0,1,0,0,0,0,0,0,0
1,10000989,42,37980,091,208905,23.68,98021,108977,0.8995,114700,11475000,2,1,1,1,62.30,1,84,4,5.210,233465000,17805000,81,1,1,9,9,100,1,0,0,0,0,0,0,0
1,10000990,51,47900,059,421002,67.03,103750,144539,0.7178,152900,134555000,1,1,1,1,65.00,1,72,5,5.440,134555000,207005000,69,1,1,9,9,0,1,0,0,0,0,0,0,0
1,10000991,13,12260,245,010108,75.98,46815,78239,0.5984,87100,10005000,7,5,1,1,47.80,1,84,5,5.670,10005000,20905000,81,1,1,9,9,0,1,0,0,0,0,0,0,0
1,10000992,06,41860,081,612101,78.89,102670,154003,0.6667,166600,1205000,9,1,1,2,28.30,1,74,2,7.810,1205000,8165000,71,1,9,9,9,0,1,0,0,0,0,1,0,0
1,10000993,27,40340,109,001701,47.57,50991,109238,0.4668,112700,13135000,1,1,1,1,64.70,1,60,4,5.650,13135000,20305000,57,1,1,9,9,64,1,0,0,0,0,0,1,0
1,10000994,51,40060,041,100206,59.87,90568,104391,0.8676,110000,12505000,7,1,1,1,31.60,1,120,5,5.400,12505000,39605000,117,1,9,9,9,0,1,0,0,0,0,0,1,0
1,10000995,18,21780,163,010101,38.39,55786,82873,0.6732,81400,2625000,9,1,1,2,60.60,1,88,5,7.900,2625000,27105000,85,1,9,9,9,0,1,0,0,0,0,0,0,0
1,10000996,21,30460,113,060502,17.76,80844,89904,0.8992,95200,7805000,7,5,1,1,62.50,1,84,4,5.240,7805000,12505000,81,1,1,9,9,0,1,0,0,0,0,0,0,0
1,10000997,36,45060,067,001600,46.79,33143,90955,0.3644,94800,2085000,7,1,1,1,80.00,1,120,3,5.810,2085000,2855000,117,1,1,9,9,100,1,0,0,0,0,1,0,0
1,10000998,24,47900,033,802804,98.66,62324,144539,0.4312,152900,19385000,1,1,1,1,78.80,1,84,5,5.300,19385000,24595000,81,1,1,9,9,20,1,0,0,0,0,0,0,0
1,10000999,48,19100,121,020900,63.22,31429,99957,0.3144,107300,1865000,1,1,1,1,73.60,1,60,1,7.110,1865000,2535000,57,1,9,9,9,0,1,0,0,0,0,1,0,0
1,10001000,47,28940,093,004800,25.14,85372,84160,1.0144,89000,10515000,9,1,1,1,57.50,1,120,4,5.530,10515000,18305000,117,1,1,9,9,0,1,0,0,0,0,0,0,0
1,10001001,48,26420,201,550500,95.77,75208,92750,0.8109,95200,18925000,7,1,1,1,55.00,2,60,5,5.410,18925000,34405000,57,1,1,9,9,0,1,0,0,0,0,0,0,0
1,10001002,48,26420,201,330200,96.53,55750,92750,0.6011,95200,17405000,7,1,1,1,63.50,1,60,5,5.570,17405000,27405000,57,1,9,9,9,0,1,0,0,0,0,0,0,0
1,10001003,18,26900,081,610201,17.54,70313,93688,0.7505,101200,1515000,9,1,1,2,69.40,1,83,5,7.800,1515000,38905000,80,1,9,9,9,0,1,0,0,0,0,0,0,0
1,10001004,48,12420,453,000803,40.66,168250,115204,1.4605,126000,16655000,2,1,1,1,38.40,1,60,5,5.340,16655000,43405000,57,1,1,9,9,21,1,0,0,0,0,0,0,0
1,10001005,06,33700,099,000807,57.09,87083,83732,1.0400,91100,33795000,7,1,1,1,52.80,1,120,5,5.990,33795000,63955000,117,1,1,9,9,0,1,0,0,0,0,0,0,0
1,10001006,04,38060,013,110902,49.18,69757,93191,0.7485,101300,1535000,1,1,1,1,48.40,1,60,1,5.590,1535000,3165000,57,1,1,9,9,0,1,0,0,0,0,1,0,0
1,10001007,36,45060,067,011800,12.30,72408,90955,0.7961,94800,3565000,7,1,1,1,58.40,1,120,2,5.460,3565000,6105000,117,1,1,9,9,79,1,0,0,0,0,0,1,0
1,10001008,48,19100,113,013729,83.78,84263,99957,0.8430,107300,14805000,1,1,1,1,74.30,1,60,5,5.580,14805000,19925000,57,1,1,9,9,0,1,0,0,0,0,1,0,0
1,10001009,53,42660,033,008200,44.86,188150,127870,1.4714,136600,49885000,1,1,1,1,95.00,1,119,5,5.560,43075000,88315000,116,1,1,9,9,100,1,0,0,0,0,1,0,0
1,10001010,17,16980,031,260400,99.79,65851,106055,0.6209,109800,1055000,9,1,1,2,69.90,1,103,3,7.920,1055000,6805000,100,1,9,9,9,0,1,0,0,0,0,1,0,0
1,10001011,39,17140,061,021501,59.17,94231,97826,0.9633,103700,32635000,9,1,1,1,59.70,1,60,5,5.530,32635000,54625000,57,1,1,9,9,0,1,0,0,0,0,0,0,0
1,10001012,48,26420,201,452002,78.50,66977,92750,0.7221,95200,42885000,1,1,1,1,63.30,1,60,5,5.890,42885000,67755000,57,1,1,9,9,0,1,0,0,0,0,0,0,0
1,10001013,39,99999,141,956000,13.42,95375,77016,1.2384,82200,7155000,1,1,1,1,79.40,1,180,4,5.170,7155000,9005000,177,1,1,9,9,0,1,1,0,1,0,0,0,0
1,10001014,12,37860,033,001002,16.70,77247,82863,0.9322,92200,9965000,2,1,1,1,63.90,1,120,3,5.315,9965000,15605000,117,1,1,9,9,0,1,0,0,0,0,0,0,0
1,10001015,21,30460,067,003405,38.86,73901,89904,0.8220,95200,14955000,1,1,1,1,75.00,1,60,5,5.860,14955000,19935000,57,1,1,9,9,0,1,0,0,0,0,0,0,0
1,10001016,06,12540,029,002816,78.67,66027,71065,0.9291,78600,2755000,7,1,1,1,31.30,1,120,3,5.560,2755000,8805000,117,1,1,9,9,0,1,0,0,0,0,0,0,0
1,10001017,29,41180,219,820104,8.58,73993,97901,0.7558,103200,3535000,1,3,1,1,72.80,2,84,2,6.550,3535000,4855000,81,1,1,9,9,0,1,1,0,0,0,0,0,0
1,10001018,04,99999,023,966401,97.37,44653,59824,0.7464,66100,1835000,9,1,1,2,51.70,1,90,4,7.750,1835000,7805000,87,1,9,9,9,0,2,1,0,0,1,1,0,0
1,10001019,48,99999,223,950302,26.53,102639,78350,1.3100,83200,10125000,2,5,1,1,63.70,1,60,3,6.110,12805000,15905000,57,1,1,9,9,0,1,1,0,0,0,0,0,0
1,10001020,16,30300,069,960500,12.51,91151,84327,1.0809,84300,17565000,7,1,1,1,67.20,2,120,4,5.660,17565000,26135000,117,1,1,9,9,0,1,0,0,0,0,0,1,0
1,10001021,09,35980,180,800400,55.81,81157,109247,0.7429,111400,405000,7,1,1,1,71.40,2,60,1,7.770,1205000,565000,57,1,9,9,9,0,1,1,0,0,0,0,0,0
1,10001022,37,24780,147,000605,70.50,45509,73970,0.6152,84700,3275000,7,5,1,1,60.60,1,84,2,5.950,3275000,5405000,81,1,1,9,9,100,1,0,0,0,0,0,0,0
1,10001023,25,14460,021,422401,30.45,116310,134646,0.8638,142000,15255000,1,1,1,1,63.30,1,120,3,5.760,15255000,24105000,117,1,1,9,9,71,1,0,0,0,0,0,1,0
1,10001024,08,19740,001,009325,30.59,111607,119980,0.9302,130400,30795000,7,5,1,1,68.40,1,120,5,5.270,30795000,45005000,117,1,1,9,9,100,1,0,0,0,0,0,0,0
1,10001025,12,33100,086,011010,95.17,45485,80554,0.5647,87600,16035000,1,3,1,1,69.20,1,192,4,4.970,16035000,23155000,180,1,1,9,9,100,1,0,0,0,0,1,0,0
1,10001026,39,17140,017,015100,12.59,89338,97826,0.9132,103700,945000,2,1,1,1,51.40,1,120,3,5.840,945000,1845000,117,1,9,9,9,96,1,0,0,0,0,0,0,0
1,10001027,48,19100,439,113715,43.79,137500,99957,1.3756,107300,37005000,7,1,1,1,43.60,1,60,5,6.230,37005000,84805000,57,1,1,9,9,0,1,0,0,0,0,0,1,0
1,10001028,39,10420,153,532001,8.07,84485,90421,0.9344,95800,13005000,7,1,1,1,53.10,1,120,5,5.140,13005000,24505000,114,1,1,9,9,0,1,0,0,0,0,0,0,0
1,10001029,48,12420,491,020113,42.74,76563,115204,0.6646,126000,43565000,1,1,1,1,54.70,1,60,5,5.250,43565000,79705000,57,1,1,9,9,0,1,0,0,0,0,0,0,0
1,10001030,47,27740,179,060100,32.86,40521,71377,0.5677,80100,205000,9,3,1,2,69.00,2,86,1,7.540,805000,1205000,83,1,9,9,9,0,1,0,0,0,0,1,0,0
1,10001031,39,18140,049,007205,25.55,124528,97262,1.2803,103300,31055000,1,1,1,1,68.60,1,120,5,5.460,31055000,45285000,117,1,1,9,9,0,1,0,0,0,0,0,1,0
1,10001032,25,14460,017,383401,61.79,93700,134646,0.6959,142000,44905000,2,1,1,1,54.80,1,60,5,6.120,44905000,82005000,57,1,1,9,9,10,1,0,0,0,0,1,0,0
1,10001033,48,41700,029,150700,94.72,50952,85469,0.5962,89300,9725000,1,3,1,1,64.80,1,120,4,5.720,9725000,15005000,117,1,9,9,9,100,1,0,0,0,0,0,0,0
1,10001034,20,48620,173,009303,25.54,78300,84050,0.9316,91200,21455000,7,1,1,1,65.00,1,120,5,5.690,21455000,33005000,117,1,1,9,9,0,1,0,0,0,0,0,0,0
1,10001035,13,12060,223,120109,31.16,138076,98569,1.4008,106100,18585000,1,3,1,1,64.10,1,60,3,5.170,18585000,29005000,57,1,1,9,9,0,1,0,0,0,0,0,0,0
1,10001036,20,48620,173,005100,40.94,44756,84050,0.5325,91200,3645000,9,1,1,2,69.80,1,88,5,7.670,3645000,17105000,85,1,9,9,9,0,1,0,0,0,0,1,0,0
1,10001037,37,16740,071,032801,43.67,55735,93744,0.5945,100300,18495000,1,1,1,1,64.10,1,84,5,5.370,206065000,28705000,81,1,9,9,9,100,1,0,0,0,0,1,0,0
1,10001038,36,35620,047,055100,50.13,106369,113844,0.9343,119300,244345000,9,3,1,1,63.10,1,120,5,4.710,135605000,387005000,117,1,1,9,9,20,1,0,0,0,0,0,0,0
1,10001039,45,16740,091,060909,29.73,122865,93744,1.3106,100300,3145000,7,5,1,1,64.30,1,120,2,6.050,3145000,4905000,117,1,1,9,9,100,1,0,0,0,0,0,0,0
1,10001040,12,45300,057,013319,57.57,69398,84454,0.8217,92000,40305000,1,1,1,1,65.00,1,84,5,5.080,64475000,62005000,81,1,1,9,9,0,1,0,0,0,0,0,1,0
1,10001041,48,21340,141,010362,97.19,51717,61466,0.8414,63100,295000,2,1,1,1,78.30,1,120,1,5.110,18925000,375000,117,1,1,9,9,100,1,1,0,0,0,0,0,1
1,10001042,37,49180,057,061501,70.46,40864,76701,0.5328,81900,995000,1,1,1,1,80.00,1,120,1,6.740,3685000,1235000,117,1,9,9,9,0,1,0,0,0,0,1,0,0
1,10001043,23,38860,031,035002,7.86,87670,104743,0.8370,112500,1815000,1,1,1,1,61.40,2,84,1,6.090,1815000,2955000,81,1,1,9,9,100,1,0,0,0,0,0,0,0
1,10001044,37,49180,067,003805,55.79,65000,76701,0.8475,81900,39595000,7,1,1,1,58.80,2,60,5,5.740,39595000,67305000,57,1,1,9,9,0,1,0,0,0,0,0,0,0
1,10001045,12,29460,105,010701,38.19,66758,69667,0.9582,76400,9755000,7,1,1,1,65.00,1,60,3,5.860,9755000,15005000,57,1,1,9,9,0,1,0,0,0,0,0,0,0
1,10001046,37,24660,081,012504,63.07,52295,76183,0.6864,80700,11605000,1,1,1,1,76.70,1,120,5,6.015,11605000,15135000,117,1,1,9,9,0,1,0,0,0,0,1,0,0
1,10001047,45,43900,083,021403,54.39,56277,75197,0.7484,72500,13015000,7,5,1,1,68.50,1,84,5,5.070,13015000,19005000,81,1,1,9,9,75,1,0,0,0,0,1,0,0
1,10001048,45,17900,079,010304,62.11,37290,81690,0.4565,86300,7435000,7,1,1,1,63.20,1,120,4,5.430,7435000,11755000,117,1,1,9,9,0,1,0,0,0,0,0,0,0
1,10001049,18,43780,141,000700,32.75,91736,80587,1.1384,87300,11705000,2,1,1,1,64.60,1,120,4,5.300,11705000,18105000,117,1,1,9,9,40,1,0,0,0,0,0,0,0
1,10001050,06,23420,019,003104,64.13,79750,76092,1.0481,84300,3405000,7,1,1,1,24.60,1,120,4,5.560,3405000,13805000,117,1,1,9,9,0,1,0,0,0,0,0,0,0
1,10001051,25,14460,025,081700,93.87,49792,134646,0.3698,142000,18045000,2,1,1,1,39.70,1,120,5,6.300,18045000,45405000,117,1,9,9,9,100,1,0,0,0,0,1,0,0
1,10001052,45,16740,091,060700,28.30,94375,93744,1.0067,100300,4095000,7,1,1,1,65.00,1,120,2,6.610,4095000,6305000,117,1,1,9,9,0,1,0,0,0,0,0,0,0
1,10001053,13,99999,087,970301,63.30,37154,66121,0.5619,70500,8315000,7,3,1,1,71.70,1,120,3,5.990,8315000,11605000,117,1,1,9,9,0,1,1,0,0,1,1,0,0
1,10001054,51,25500,660,000101,59.82,55058,83010,0.6633,89700,13255000,7,1,1,1,55.00,1,60,4,4.620,13255000,24105000,57,1,1,9,9,0,1,0,0,0,0,0,0,0
1,10001055,06,41860,001,433200,86.02,90754,154003,0.5893,166600,6505000,2,3,1,1,35.70,1,60,3,5.650,6505000,18205000,57,1,1,9,9,0,1,0,0,0,0,1,1,0
1,10001056,12,45300,057,011506,46.32,134375,84454,1.5911,92000,72285000,1,1,1,1,64.70,1,60,5,5.240,72285000,111705000,57,1,1,9,9,0,1,0,0,0,0,0,0,0
1,10001057,36,35620,061,001402,72.00,0,113844,0.0000,119300,200575000,9,3,1,1,55.80,1,60,5,5.670,200575000,359605000,57,1,1,9,9,25,1,0,0,0,0,1,0,0
1,10001058,17,16980,031,410700,55.02,116146,106055,1.0952,109800,7355000,7,1,1,1,52.90,1,60,3,5.530,7355000,13905000,57,1,1,9,9,0,1,0,0,0,0,1,0,0
1,10001059,48,36220,135,002503,60.54,62917,81404,0.7729,82000,12515000,7,5,1,1,58.50,1,60,5,5.595,12515000,21405000,57,1,1,9,9,0,1,0,0,0,0,0,0,0
1,10001060,04,38060,013,112601,90.56,34338,93191,0.3685,101300,27005000,1,3,1,1,79.20,1,204,4,5.240,27005000,34105000,180,1,9,9,9,100,1,0,0,0,0,1,0,0
1,10001061,13,12060,057,090402,29.13,82250,98569,0.8344,106100,10885000,1,3,1,1,65.00,1,60,2,5.600,10885000,16755000,57,1,1,9,9,0,1,0,0,0,0,1,0,0
1,10001062,53,28420,005,010902,48.43,65496,92746,0.7062,99900,7645000,7,1,1,1,58.20,1,120,3,4.875,7645000,13145000,117,1,1,9,9,50,1,0,0,0,0,1,0,0
1,10001063,04,38060,013,083000,90.13,48100,93191,0.5161,101300,35385000,1,5,1,1,56.10,1,60,5,5.825,35385000,63075000,57,1,1,9,9,0,1,0,0,0,0,0,0,0
1,10001064,06,41940,085,505006,77.74,225114,172303,1.3065,180400,131725000,7,1,1,1,63.60,1,120,5,5.235,131725000,207105000,117,1,1,9,9,0,1,0,0,0,0,0,1,0
1,10001065,38,22020,017,040501,21.83,116034,104548,1.1099,105900,6165000,7,1,1,1,55.50,1,120,3,5.860,6165000,11105000,117,1,9,9,9,0,1,0,0,0,0,0,0,0
1,10001066,29,41180,183,310502,22.94,89531,97901,0.9145,103200,19485000,7,1,1,1,64.70,1,60,5,5.850,19485000,30105000,57,1,1,9,9,0,1,0,0,0,0,0,0,0
1,10001067,47,28940,093,005707,18.61,132188,84160,1.5707,89000,2695000,9,1,1,2,79.60,1,174,3,6.930,2695000,22355000,171,1,9,9,9,100,1,0,0,0,0,0,1,0
1,10001068,39,44220,023,002608,7.90,90074,73447,1.2264,70700,825000,2,1,1,1,52.50,1,120,2,5.840,825000,1575000,117,1,9,9,9,100,1,0,0,0,0,0,0,0
1,10001069,06,42020,079,011505,26.28,154324,114196,1.3514,125600,12145000,2,1,1,1,55.20,1,60,2,6.310,12145000,22005000,57,1,1,9,9,20,1,0,0,0,0,0,0,0
1,10001070,39,18140,049,008166,28.87,142019,97262,1.4602,103300,17485000,1,1,1,1,68.00,1,84,5,5.390,17485000,25705000,81,1,1,9,9,100,1,0,0,0,0,0,0,0
1,10001071,37,49180,067,003904,38.46,84155,76701,1.0972,81900,6565000,7,1,1,1,63.20,1,60,3,5.580,22495000,10385000,57,1,1,9,9,0,1,0,0,0,0,0,0,0
1,10001072,29,41180,189,215600,72.65,85208,97901,0.8704,103200,19645000,7,1,1,1,51.70,1,180,5,5.895,19645000,38005000,177,1,1,9,9,0,1,0,0,0,0,0,0,0
1,10001073,17,16980,031,691200,99.78,44125,106055,0.4161,109800,1885000,1,1,1,1,64.60,1,84,2,5.740,10855000,2925000,81,1,1,9,9,32,1,0,0,0,0,1,0,0
1,10001074,42,38300,003,456004,15.87,117745,96434,1.2210,100600,30715000,7,1,1,1,59.40,1,120,4,6.490,30715000,51705000,117,1,1,9,9,0,1,0,0,0,0,0,0,0
1,10001075,13,12060,013,180402,37.14,74583,98569,0.7567,106100,11825000,1,1,1,1,43.50,1,120,3,5.350,11825000,27205000,117,1,1,9,9,0,1,0,0,0,0,0,0,0
1,10001076,27,33460,053,109100,15.93,131748,119274,1.1046,123700,23805000,2,1,1,1,63.70,1,120,4,5.350,23805000,37405000,117,1,1,9,9,50,1,0,0,0,0,0,1,0
1,10001077,37,16740,119,006408,23.07,120590,93744,1.2864,100300,30415000,2,3,1,1,60.90,1,120,5,6.030,123395000,47705000,117,1,1,9,9,0,1,0,0,0,0,0,0,0
1,10001078,13,12260,245,010104,57.60,115455,78239,1.4757,87100,7005000,7,5,1,1,48.30,1,84,4,5.670,7005000,14505000,81,1,1,9,9,0,1,0,0,0,0,0,0,0
1,10001079,34,35620,039,030703,88.30,69397,113844,0.6096,119300,4505000,7,1,1,1,31.70,1,120,4,5.640,4505000,14205000,117,1,1,9,9,0,1,0,0,0,0,0,0,0
1,10001080,27,33460,123,034201,31.25,84315,119274,0.7069,123700,29895000,2,1,1,1,59.00,1,120,5,5.390,29895000,50705000,117,1,1,9,9,0,1,0,0,0,0,1,0,0
1,10001081,37,49180,067,002701,78.70,61613,76701,0.8033,81900,3665000,7,3,1,1,51.00,1,60,3,6.210,3665000,7205000,57,1,1,9,9,0,1,0,0,0,0,1,0,0
1,10001082,48,19100,113,019400,22.15,211944,99957,2.1204,107300,1965000,7,1,1,1,36.40,2,84,1,7.430,1965000,5405000,81,1,1,9,9,0,1,0,0,0,0,0,0,0
1,10001083,49,41620,035,113311,60.47,53000,106248,0.4988,115400,2065000,7,1,1,1,33.90,1,120,3,5.230,2065000,6095000,117,1,9,9,9,100,1,0,0,0,0,1,0,0
1,10001084,34,35620,031,182400,98.44,60924,113844,0.5352,119300,2355000,7,1,1,1,65.30,1,60,1,6.940,2355000,3605000,57,1,9,9,9,0,1,0,0,0,0,1,0,0
1,10001085,36,35620,059,303000,64.24,144598,113844,1.2701,119300,1585000,2,1,1,1,52.70,1,180,1,6.140,1585000,3005000,177,1,1,9,9,0,1,0,0,0,0,0,1,0
1,10001086,21,31140,111,012302,39.89,85484,88819,0.9625,95900,14755000,7,1,1,1,64.10,1,60,5,5.960,14755000,23005000,57,1,1,9,9,0,1,0,0,0,0,1,0,0
1,10001087,37,39580,183,052504,30.85,144292,113293,1.2736,122300,38625000,2,1,1,1,47.00,1,84,5,5.510,130705000,89905000,81,1,1,9,9,0,1,0,0,0,0,0,0,0
1,10001088,37,20500,037,020801,31.44,108830,97980,1.1107,101800,36945000,2,1,1,1,58.50,1,60,5,5.500,36945000,63205000,57,1,1,9,9,0,1,1,0,0,0,0,0,0
1,10001089,32,29820,003,002810,64.30,61738,82358,0.7496,87800,26005000,7,1,1,1,41.20,1,120,5,5.680,26005000,63105000,117,1,1,9,9,0,1,0,0,0,0,0,0,0
1,10001090,42,21500,049,012202,13.36,80481,78186,1.0294,80500,16125000,7,1,1,1,65.00,1,60,5,5.580,16125000,24805000,57,1,1,9,9,0,1,0,0,0,0,0,0,0
1,10001091,06,41860,075,017803,64.06,0,154003,0.0000,166600,114735000,2,1,1,1,64.60,1,84,5,4.875,114735000,177505000,81,1,1,9,9,15,1,0,0,0,0,1,0,0
1,10001092,17,16980,031,063200,25.83,171548,106055,1.6175,109800,7645000,7,1,1,1,57.50,1,144,3,5.250,7645000,13305000,141,1,1,9,9,0,1,0,0,0,0,0,0,0
1,10001093,53,44060,063,001600,30.57,48661,88647,0.5489,98100,675000,9,1,1,2,70.00,1,106,3,7.790,675000,13225000,103,1,9,9,9,0,1,0,0,0,0,1,0,0
1,10001094,37,16740,025,041001,42.83,71839,93744,0.7663,100300,12325000,1,5,1,1,70.00,1,192,3,5.360,12325000,17605000,189,1,9,9,9,100,1,0,0,0,0,0,0,0
1,10001095,20,48620,173,010802,52.40,56822,84050,0.6761,91200,3905000,1,5,1,1,54.70,1,60,3,6.280,3905000,7145000,57,1,1,9,9,0,1,0,0,0,0,0,0,0
1,10001096,34,45940,021,002902,58.31,95650,120093,0.7965,125900,6005000,7,1,1,1,34.30,1,120,5,5.640,6005000,17505000,117,1,1,9,9,0,1,0,0,0,0,0,0,0
1,10001097,09,25540,110,502700,70.99,35609,115967,0.3071,122400,2795000,1,1,1,1,71.80,1,120,2,6.200,2795000,3905000,117,1,1,9,9,0,1,0,0,0,0,1,0,0
1,10001098,06,41940,085,508508,80.62,133693,172303,0.7759,180400,41295000,7,1,1,1,61.10,1,84,5,5.310,41295000,67605000,81,1,1,9,9,0,1,0,0,0,0,0,1,0
1,10001099,37,39580,183,052507,42.75,132292,113293,1.1677,122300,26135000,1,1,1,1,43.20,1,60,5,5.970,26135000,60505000,57,1,1,9,9,0,1,0,0,0,0,0,0,0
1,10001100,36,40380,055,014206,30.69,85673,93554,0.9158,96500,3155000,1,3,1,1,75.00,1,84,3,6.410,3155000,4205000,81,1,1,9,9,0,1,0,0,0,0,0,0,0
1,10001101,39,18140,159,050402,13.50,80905,97262,0.8318,103300,1755000,9,1,1,2,64.90,1,100,4,8.050,1755000,18005000,97,1,9,9,9,0,1,0,0,0,0,1,1,0
1,10001102,42,16540,055,011000,49.03,54227,85138,0.6369,92700,19045000,9,1,1,1,69.30,2,120,5,5.560,19045000,27505000,117,1,1,9,9,0,1,0,0,0,0,1,0,0
1,10001103,39,18140,089,757401,20.28,109494,97262,1.1258,103300,5505000,9,1,1,2,63.90,1,100,5,8.050,5505000,46605000,97,1,9,9,9,0,1,0,0,0,0,0,1,0
1,10001104,51,47260,550,020100,89.19,42422,95214,0.4455,100000,17875000,2,1,1,1,81.60,1,192,4,5.300,17875000,21905000,186,1,9,9,9,100,1,0,0,0,0,1,1,0
1,10001105,49,41620,035,112404,41.00,56360,106248,0.5305,115400,47285000,1,5,1,1,64.80,1,60,5,5.600,47285000,73005000,57,1,1,9,9,0,1,0,0,0,0,0,0,0
1,10001106,36,35620,005,039902,98.20,52885,113844,0.4645,119300,4235000,2,1,1,1,63.20,1,60,2,6.160,14165000,6705000,57,1,1,9,9,0,1,0,0,0,0,1,0,0
1,10001107,24,12580,003,706304,28.37,147250,118479,1.2428,122200,17475000,1,1,1,1,70.00,1,84,4,6.030,17475000,24975000,81,1,1,9,9,0,1,0,0,0,0,0,1,0
1,10001108,09,25540,110,514600,52.09,78476,115967,0.6767,122400,4005000,7,1,1,1,65.00,2,84,2,5.355,59805000,6165000,81,1,1,9,9,0,1,0,0,0,0,0,0,0
1,10001109,37,15500,001,021101,50.15,56793,78033,0.7278,77900,41305000,7,1,1,1,58.40,1,120,5,5.930,41305000,70705000,117,1,1,9,9,0,1,0,0,0,0,0,0,0
1,10001110,13,12060,121,006602,95.52,22431,98569,0.2276,106100,2675000,7,3,1,1,68.30,2,120,2,6.110,2675000,3915000,117,1,1,9,9,0,1,0,0,0,0,1,0,0
1,10001111,39,18140,049,007115,66.56,75210,97262,0.7733,103300,12405000,1,1,1,1,80.00,1,84,5,6.025,12405000,15505000,81,1,1,9,9,50,1,0,0,0,0,1,1,0
1,10001112,06,40900,067,004020,65.11,57109,106925,0.5341,113700,35005000,7,1,1,1,43.30,1,84,5,5.360,35005000,80915000,81,1,1,9,9,0,1,0,0,0,0,0,0,0
1,10001113,36,35620,005,041100,92.72,63681,113844,0.5594,119300,10255000,9,3,1,1,51.90,2,360,3,6.650,10255000,19775000,357,1,9,9,9,100,1,0,0,0,0,1,0,0
1,10001114,08,19740,031,015700,61.93,92578,119980,0.7716,130400,30135000,1,5,1,1,67.80,2,120,5,5.990,30135000,44435000,117,1,1,9,9,0,1,0,0,0,0,1,0,0
1,10001115,47,17300,125,100300,37.06,67984,74935,0.9072,85000,8125000,1,1,1,1,65.00,1,60,3,5.485,8125000,12505000,57,1,1,9,9,0,1,0,0,0,0,1,0,0
1,10001116,39,18140,097,040600,13.46,69506,97262,0.7146,103300,3005000,7,1,1,1,32.60,1,120,4,6.230,3005000,9205000,117,1,1,9,9,0,1,1,0,0,0,0,1,0
1,10001117,42,37980,101,034100,25.13,71596,108977,0.6570,114700,1985000,7,1,1,1,65.00,1,60,1,5.550,14625000,3055000,57,1,1,9,9,0,1,0,0,0,0,0,0,0
1,10001118,13,12060,067,030412,79.42,66080,98569,0.6704,106100,15565000,2,1,1,1,64.80,1,60,5,5.880,15565000,24005000,57,1,1,9,9,0,1,0,0,0,0,1,0,0
1,10001119,12,37340,009,065126,38.32,44338,87701,0.5056,99700,21845000,1,1,1,1,65.00,1,84,5,5.570,21845000,33605000,81,1,1,9,9,0,1,0,0,0,0,0,0,0
1,10001120,37,24660,081,012703,50.50,106597,76183,1.3992,80700,7425000,9,3,1,2,57.70,1,86,5,6.600,7425000,55305000,83,1,9,9,9,0,1,0,0,0,0,0,0,0
1,10001121,45,99999,047,970201,30.44,72540,64288,1.1284,62300,1005000,2,1,1,1,63.10,1,120,1,6.410,1005000,1605000,117,1,1,9,9,0,1,1,0,0,0,0,0,0
1,10001122,37,16740,119,005866,59.88,53008,93744,0.5655,100300,11305000,7,1,1,1,61.40,1,60,3,5.700,11305000,18405000,57,1,1,9,9,0,1,0,0,0,0,0,0,0
1,10001123,37,24660,081,016007,32.08,105750,76183,1.3881,80700,7255000,7,1,1,1,46.20,1,120,3,5.340,7255000,15705000,117,1,1,9,9,0,1,0,0,0,0,0,0,0
1,10001124,48,26420,201,341001,58.02,102259,92750,1.1025,95200,12055000,1,1,1,1,73.00,1,60,5,5.700,12055000,16515000,57,1,1,9,9,35,1,0,0,0,0,0,0,0
1,10001125,53,42660,061,040700,31.97,75556,127870,0.5909,136600,90215000,7,1,1,1,60.30,1,84,5,4.900,90215000,149705000,81,1,1,9,9,20,1,0,0,0,0,1,0,0
1,10001126,48,19100,439,102601,59.24,64288,99957,0.6432,107300,7355000,1,1,1,1,75.00,1,84,3,5.990,7355000,9805000,81,1,1,9,9,0,1,0,0,0,0,0,0,0
1,10001127,06,41860,081,610202,60.98,203929,154003,1.3242,166600,113715000,1,1,1,1,61.80,1,120,5,4.900,113715000,184005000,117,1,1,9,9,0,1,0,0,0,0,1,0,0
1,10001128,24,47900,031,703501,84.23,87885,144539,0.6080,152900,108005000,1,1,1,1,64.10,1,84,5,5.370,206065000,173005000,81,1,9,9,9,99,1,0,0,0,0,1,0,0
1,10001129,42,37980,101,023900,70.38,59450,108977,0.5455,114700,11735000,9,1,1,1,64.30,1,120,3,5.810,11735000,18255000,117,1,1,9,9,0,1,0,0,0,0,1,0,0
1,10001130,34,35620,031,181400,98.52,59926,113844,0.5264,119300,3415000,2,1,1,1,67.30,1,120,1,5.310,13655000,5075000,117,1,1,9,9,0,1,0,0,0,0,1,0,0
1,10001131,41,38900,005,022201,46.81,38471,110489,0.3482,116900,16855000,7,1,1,1,64.10,1,84,3,5.500,16855000,26305000,81,1,1,9,9,0,1,0,0,0,0,1,0,0
1,10001132,42,37980,101,010700,94.57,49637,108977,0.4555,114700,2555000,7,1,1,1,75.00,1,84,1,6.430,5105000,3405000,81,1,1,9,9,0,1,0,0,0,0,1,0,0
1,10001133,28,25060,047,003309,36.14,87614,72242,1.2128,76800,8775000,1,1,1,1,75.00,1,120,4,5.930,8775000,11705000,117,1,1,9,9,0,1,0,0,0,0,0,0,0
1,10001134,11,47900,001,004202,27.37,135375,144539,0.9366,152900,20575000,1,5,1,1,64.00,1,84,4,5.130,20575000,32125000,81,1,1,9,9,50,1,0,0,0,0,0,1,0
1,10001135,28,27140,049,001300,41.10,74141,76033,0.9751,80100,8405000,7,1,1,1,60.40,1,60,4,5.290,8405000,13905000,57,1,1,9,9,0,1,0,0,0,0,1,0,0
1,10001136,28,99999,071,950303,46.67,61220,78799,0.7769,83700,4455000,1,5,1,1,69.10,1,84,3,5.880,4455000,6455000,81,1,1,9,9,100,1,1,1,0,0,1,0,0
1,10001137,42,37980,101,010700,94.57,49637,108977,0.4555,114700,2555000,7,1,1,1,75.00,1,84,1,6.430,5105000,3405000,81,1,1,9,9,0,1,0,0,0,0,1,0,0
1,10001138,15,27980,009,031503,46.78,115733,107660,1.0750,110800,6475000,9,3,1,2,66.60,1,178,5,5.830,6475000,47735000,175,1,1,9,9,99,1,1,0,0,0,0,1,0
1,10001139,21,17140,015,070202,29.86,45780,97826,0.4680,103700,775000,7,1,1,1,60.10,1,84,1,6.110,8005000,1285000,81,1,1,9,9,0,1,0,0,0,0,0,0,0
1,10001140,48,19100,085,031901,71.10,64192,99957,0.6422,107300,119475000,1,1,1,1,65.00,1,84,5,5.500,119475000,183805000,81,1,1,9,9,0,1,0,0,0,0,0,1,0
1,10001141,48,21340,141,010371,94.19,67644,61466,1.1005,63100,1325000,2,1,1,1,78.30,1,120,2,5.110,18925000,1695000,117,1,1,9,9,100,1,0,0,0,0,0,1,0
1,10001142,27,33460,053,026005,27.14,114817,119274,0.9626,123700,12005000,7,1,1,1,56.60,1,60,4,5.740,12005000,21215000,57,1,1,9,9,98,1,0,0,0,0,0,1,0
1,10001143,28,99999,085,950500,72.35,31983,64450,0.4963,68400,4905000,7,5,1,1,70.00,1,60,3,5.630,4905000,7005000,57,1,1,9,9,100,1,1,1,0,0,1,0,0
1,10001144,13,15260,127,000501,54.59,55833,75301,0.7415,77000,10525000,1,1,1,1,51.60,1,60,5,6.420,10525000,20405000,57,1,1,9,9,100,1,0,0,0,0,1,0,0
1,10001145,33,99999,005,970901,8.01,101979,99846,1.0214,104500,1465000,7,1,1,1,63.50,1,120,1,5.960,1465000,2305000,117,1,1,9,9,100,1,1,0,0,0,0,1,0
1,10001146,34,35620,031,181200,98.08,70610,113844,0.6202,119300,4335000,2,1,1,1,64.80,1,120,1,5.770,22605000,6705000,117,1,1,9,9,0,1,0,0,0,0,1,0,0
1,10001147,48,41700,029,191410,73.52,60000,85469,0.7020,89300,12545000,1,1,1,1,65.00,1,60,5,4.980,12545000,19305000,57,1,1,9,9,40,1,0,0,0,0,0,0,0
1,10001148,48,19100,113,009701,77.56,76340,99957,0.7637,107300,28005000,7,1,1,1,70.00,1,180,5,5.350,28005000,40005000,177,1,1,9,9,0,1,0,0,0,0,0,0,0
1,10001149,12,33100,086,005803,95.66,57268,80554,0.7109,87600,1155000,9,1,1,2,51.30,1,264,2,8.460,1155000,9005000,177,1,9,9,9,0,1,0,0,0,0,0,0,0
1,10001150,12,45300,057,014119,40.62,118166,84454,1.3992,92000,58375000,7,1,1,1,54.20,1,60,5,6.080,58375000,107805000,57,1,1,9,9,0,1,0,0,0,0,0,0,0
1,10001151,21,31140,111,012701,74.91,33611,88819,0.3784,95900,8435000,7,1,1,1,68.60,1,84,5,5.300,8435000,12305000,81,1,1,9,9,98,1,0,0,0,0,1,0,0
1,10001152,13,42340,051,010806,54.58,81391,87035,0.9352,92400,17145000,1,1,1,1,64.90,1,60,5,5.860,17145000,26405000,57,1,1,9,9,0,1,0,0,0,0,0,0,0
1,10001153,48,19100,121,020134,67.89,220109,99957,2.2020,107300,33315000,7,5,1,1,55.40,1,60,5,5.390,33315000,60105000,57,1,1,9,9,0,1,0,0,0,0,0,1,0
1,10001154,37,99999,155,960502,81.58,45486,67542,0.6735,73300,1785000,1,1,1,1,75.10,1,360,2,6.510,1785000,3865000,357,1,9,9,9,100,1,1,0,0,1,1,0,0
1,10001155,22,12940,005,030406,71.17,62500,87118,0.7174,86800,23105000,1,1,1,1,59.90,1,120,5,5.420,23105000,38565000,117,1,1,9,9,0,1,0,0,0,0,0,0,0
1,10001156,12,33100,011,100302,74.66,37176,80554,0.4615,87600,4605000,7,1,1,1,42.60,1,186,3,4.000,4605000,10805000,183,1,1,9,9,100,1,0,0,0,0,0,0,0
1,10001157,09,47930,140,405402,35.31,87781,115967,0.7570,122400,1875000,7,1,1,1,66.90,1,120,1,6.290,4285000,2805000,117,1,1,9,9,0,1,0,0,0,0,0,0,0
1,10001158,46,39660,103,010905,19.16,109097,86487,1.2614,88300,7325000,1,1,1,1,73.90,1,120,5,5.270,7325000,9905000,117,1,1,9,9,100,1,0,0,0,0,0,0,0
1,10001159,21,17140,117,063604,14.79,70701,97826,0.7227,103700,18215000,7,1,1,1,72.30,1,84,4,5.380,18215000,25205000,81,1,1,9,9,0,1,0,0,0,0,0,0,0
1,10001160,42,37980,017,105808,18.96,92017,108977,0.8444,114700,1855000,9,1,1,2,67.80,1,103,3,8.120,1855000,13005000,100,1,1,9,9,0,1,0,0,0,0,0,0,0
1,10001161,33,99999,005,971700,8.87,66813,99846,0.6692,104500,2025000,7,1,1,1,75.00,1,120,2,5.960,2025000,2705000,117,1,1,9,9,100,1,1,0,0,0,0,1,0
1,10001162,06,40900,067,007010,59.83,114878,106925,1.0744,113700,44555000,2,1,1,1,35.40,1,84,5,5.660,44555000,125955000,81,1,1,9,9,0,1,0,0,0,0,0,0,0
1,10001163,20,28140,209,043905,65.82,41786,99766,0.4188,103000,10065000,2,1,1,1,87.50,1,200,4,3.220,10065000,11505000,197,1,1,9,9,100,1,0,0,0,0,1,0,0
1,10001164,35,99999,015,001002,76.63,56379,95888,0.5880,101800,835000,9,1,1,2,67.60,1,302,2,8.990,835000,3895000,299,1,9,9,9,0,1,1,0,0,0,0,0,0
1,10001165,24,12580,510,270804,57.61,108750,118479,0.9179,122200,26405000,1,1,1,1,80.70,1,204,5,4.960,22625000,32705000,180,1,9,9,9,99,1,0,0,0,0,0,0,0
1,10001166,48,21340,141,010411,98.01,42596,61466,0.6930,63100,595000,2,1,1,1,78.30,1,120,1,5.110,18925000,755000,117,1,1,9,9,100,1,1,0,0,0,0,0,1
1,10001167,36,35620,047,044100,81.63,55552,113844,0.4880,119300,3185000,7,1,1,1,60.10,1,60,1,7.080,3185000,5305000,57,1,1,9,9,0,1,0,0,0,0,1,0,0
1,10001168,12,36740,095,016911,86.09,54489,83343,0.6538,90400,13845000,9,1,1,2,62.20,1,65,5,7.675,13845000,145905000,62,1,1,9,9,20,1,0,0,0,0,1,0,0
1,10001169,08,24540,123,001410,22.55,123478,102620,1.2033,114500,66865000,7,1,1,1,52.20,1,60,5,5.240,66865000,128175000,57,1,9,9,9,0,1,0,0,0,0,0,0,0
1,10001170,53,42660,033,025001,51.30,188705,127870,1.4758,136600,39005000,7,1,1,1,65.00,1,60,5,5.240,39005000,60005000,57,1,1,9,9,0,1,0,0,0,0,0,1,0
1,10001171,45,22500,041,001400,37.88,100914,70289,1.4357,75500,5005000,7,1,1,1,62.80,1,60,3,6.160,5005000,7955000,57,1,1,9,9,0,1,0,0,0,0,0,0,0
1,10001172,36,35620,047,025700,56.52,127857,113844,1.1231,119300,3595000,7,1,1,1,59.00,1,84,1,6.150,7285000,6105000,81,1,1,9,9,100,1,0,0,0,0,0,0,0
1,10001173,13,12060,089,023410,98.23,40938,98569,0.4153,106100,19515000,7,1,1,1,64.60,2,84,5,5.770,19515000,30205000,81,1,1,9,9,0,1,0,0,0,0,1,0,0
1,10001174,17,16980,031,690400,99.44,42216,106055,0.3981,109800,2135000,1,1,1,1,64.60,1,84,2,5.740,10855000,3305000,81,1,1,9,9,0,1,0,0,0,0,1,0,0
1,10001175,34,35620,029,733001,11.22,109356,113844,0.9606,119300,26605000,7,1,1,1,59.30,2,120,4,5.060,26605000,44905000,117,1,1,9,9,19,1,0,0,0,0,0,0,0
1,10001176,51,13980,750,010101,24.06,52898,84539,0.6257,96700,1955000,7,1,1,1,63.50,1,60,2,5.470,7145000,3085000,57,1,1,9,9,100,1,0,0,0,0,1,0,0
1,10001177,51,40060,041,100915,32.44,84704,104391,0.8114,110000,44635000,7,1,1,1,64.70,1,120,5,5.820,44635000,69005000,117,1,1,9,9,0,1,0,0,0,0,0,0,0
1,10001178,17,16980,093,890301,39.94,120786,106055,1.1389,109800,4345000,1,1,1,2,73.40,1,98,5,7.620,4345000,21625000,95,1,1,9,9,0,1,0,0,0,0,0,0,0
1,10001179,06,40900,067,007016,77.54,106048,106925,0.9918,113700,73855000,2,1,1,1,62.00,1,60,5,5.540,123545000,130005000,57,1,1,9,9,0,1,0,0,0,0,0,0,0
1,10001180,13,12060,063,040632,96.36,46948,98569,0.4763,106100,8155000,2,1,1,1,73.40,1,182,3,3.400,8155000,11105000,179,1,1,9,9,100,1,0,0,0,0,0,0,0
1,10001181,20,48620,173,010900,15.87,129322,84050,1.5386,91200,1565000,9,1,1,2,70.00,1,81,3,7.530,1565000,6955000,78,1,9,9,9,0,1,0,0,0,0,0,1,0
1,10001182,53,38900,011,042700,46.07,59901,110489,0.5421,116900,17485000,1,5,1,1,65.00,1,60,5,6.010,17485000,26905000,57,1,1,9,9,0,1,0,0,0,0,1,0,0
1,10001183,06,44700,077,001000,65.54,82159,91565,0.8973,103800,17155000,7,1,1,1,62.50,1,120,5,5.580,17155000,27445000,117,1,1,9,9,0,1,0,0,0,0,0,0,0
1,10001184,08,19740,005,082000,74.43,67550,119980,0.5630,130400,20485000,1,1,1,1,64.00,1,84,5,4.955,20485000,32005000,81,1,1,9,9,0,1,0,0,0,0,1,0,0
1,10001185,08,19740,031,000705,55.11,0,119980,0.0000,130400,4805000,9,1,1,1,53.40,2,60,2,5.300,4805000,8995000,57,1,1,9,9,48,1,0,0,0,0,1,0,0
1,10001186,48,19100,439,100201,94.51,56146,99957,0.5617,107300,18625000,1,1,1,1,70.00,1,120,5,5.750,18625000,26605000,117,1,1,9,9,59,1,0,0,0,0,1,0,0
1,10001187,04,38060,013,112504,92.58,66979,93191,0.7187,101300,17185000,2,1,1,1,69.10,1,120,4,5.450,17185000,24875000,117,1,1,9,9,0,1,0,0,0,0,1,0,0
1,10001188,53,42660,061,053507,23.32,146324,127870,1.1443,136600,32175000,9,1,1,1,57.00,1,120,5,5.795,32175000,56505000,117,1,1,9,9,0,1,0,0,0,0,0,1,0
1,10001189,12,33100,011,110365,92.14,76759,80554,0.9529,87600,73635000,1,1,1,1,63.30,1,84,5,5.130,73635000,121305000,81,1,1,9,9,0,1,0,0,0,0,0,1,0
1,10001190,48,45500,037,010903,29.43,98170,68983,1.4231,67800,10035000,1,1,1,1,80.00,1,120,5,5.840,10035000,12555000,117,1,1,9,9,40,1,0,0,0,0,0,0,0
1,10001191,10,37980,003,014903,79.00,82286,108977,0.7551,114700,21755000,7,1,1,1,30.90,1,120,5,5.300,21755000,70405000,117,1,1,9,9,0,1,0,0,0,0,0,1,0
1,10001192,53,42660,053,062600,54.53,64432,127870,0.5039,136600,30375000,7,5,1,1,64.90,1,60,5,5.150,30375000,46805000,57,1,1,9,9,0,1,0,0,0,0,1,0,0
1,10001193,42,37980,045,407000,17.71,137791,108977,1.2644,114700,46475000,1,1,1,1,65.00,1,120,5,5.820,46475000,71505000,117,1,1,9,9,0,1,0,0,0,0,0,1,0
1,10001194,51,13980,750,010101,24.06,52898,84539,0.6257,96700,1685000,7,1,1,1,63.50,1,60,2,5.470,7145000,2655000,57,1,1,9,9,100,1,0,0,0,0,1,0,0
1,10001195,48,19100,113,016002,83.74,39167,99957,0.3918,107300,13775000,7,1,1,1,64.70,1,60,4,4.940,13775000,21305000,57,1,1,9,9,50,1,0,0,0,0,1,0,0
1,10001196,06,31080,037,119341,88.84,51541,101056,0.5100,105700,19465000,1,1,1,1,70.80,1,192,3,5.090,19465000,27505000,189,1,9,9,9,98,1,0,0,0,0,0,0,0
1,10001197,26,24340,117,971300,10.24,73529,93131,0.7895,98500,8295000,7,1,1,1,55.30,2,60,3,5.750,8295000,15005000,57,1,1,9,9,0,1,1,0,0,0,1,0,0
1,10001198,08,19740,031,006818,38.21,105625,119980,0.8804,130400,16475000,2,1,1,1,60.50,1,60,4,5.780,16475000,27255000,57,1,1,9,9,50,1,0,0,0,0,0,0,0
1,10001199,48,19100,113,006900,90.88,74628,99957,0.7466,107300,12975000,1,1,1,1,75.00,1,120,5,6.075,12975000,17305000,117,1,1,9,9,51,1,0,0,0,0,1,0,0
1,10001200,21,31140,211,040301,50.65,65481,88819,0.7372,95900,6345000,1,1,1,1,79.30,1,120,3,5.750,6345000,8005000,117,1,1,9,9,0,1,1,0,0,0,1,1,0
1,10001201,06,42220,097,151206,52.44,91424,119780,0.7633,128400,23985000,2,1,1,1,54.80,1,60,3,6.200,23985000,43735000,57,1,1,9,9,0,1,0,0,0,0,0,0,0
1,10001202,17,16980,031,063301,27.46,133036,106055,1.2544,109800,4295000,7,1,1,1,61.30,1,144,2,5.250,11715000,7005000,141,1,1,9,9,0,1,0,0,0,0,0,0,0
1,10001203,39,99999,033,975300,8.31,52625,77016,0.6833,80000,5745000,1,5,1,1,76.30,1,192,3,5.310,5745000,7525000,168,1,9,9,9,100,1,1,0,0,0,1,0,0
1,10001204,48,19100,113,015202,83.80,67034,99957,0.6706,107300,13445000,1,1,1,1,70.00,1,60,4,6.130,13445000,19205000,57,1,1,9,9,0,1,0,0,0,0,1,0,0
1,10001205,37,39580,183,053713,46.22,49639,113293,0.4382,122300,14495000,1,1,1,1,65.00,1,120,5,5.820,14495000,22305000,117,1,1,9,9,0,1,0,0,0,0,0,0,0
1,10001206,37,24660,081,012510,20.72,164861,76183,2.1640,80700,52065000,7,1,1,1,62.10,1,120,5,6.670,52065000,83905000,117,1,1,9,9,0,1,0,0,0,0,0,0,0
1,10001207,34,35620,031,182301,98.16,69032,113844,0.6064,119300,1055000,7,1,1,1,58.70,1,60,1,5.910,6285000,1805000,57,1,1,9,9,0,1,0,0,0,0,1,0,0
1,10001208,17,16980,031,150200,49.57,109118,106055,1.0289,109800,1035000,7,1,1,1,51.60,1,84,1,5.290,8635000,2005000,81,1,1,9,9,0,1,0,0,0,0,0,0,0
1,10001209,31,36540,153,010614,29.86,77449,102337,0.7568,109700,7265000,1,1,1,1,75.00,1,60,3,5.430,7265000,9685000,57,1,1,9,9,0,1,0,0,0,0,0,0,0
1,10001210,18,26900,097,310308,79.56,73598,93688,0.7856,101200,18005000,1,1,1,1,75.00,1,84,5,5.620,18005000,24005000,81,1,1,9,9,0,1,0,0,0,0,0,0,0
1,10001211,45,16700,019,005400,81.33,35889,96573,0.3716,105100,40205000,1,1,1,1,62.20,1,60,5,5.590,40205000,64605000,57,1,1,9,9,0,1,0,0,0,0,1,0,0
1,10001212,45,25940,013,000501,53.49,78984,90472,0.8730,101800,6005000,1,1,1,2,68.90,1,74,5,8.090,6005000,43605000,71,1,9,9,9,0,1,1,0,0,0,1,0,0
1,10001213,21,31140,111,006800,14.19,96695,88819,1.0887,95900,2515000,9,1,1,2,68.90,1,87,5,8.180,2515000,48605000,84,1,1,9,9,0,1,0,0,0,0,0,0,0
1,10001214,48,19100,113,007815,88.74,41204,99957,0.4122,107300,16005000,7,1,1,1,51.60,2,60,5,4.885,16005000,31005000,57,1,1,9,9,20,1,0,0,0,0,1,0,0
1,10001215,09,35980,180,800600,77.26,42426,109247,0.3884,111400,415000,7,1,1,1,71.40,2,60,1,7.770,1205000,585000,57,1,9,9,9,0,1,1,0,0,0,1,0,0
1,10001216,12,45300,103,025505,50.47,41250,84454,0.4884,92000,42515000,1,3,1,1,65.00,1,60,5,5.920,42515000,65405000,57,1,1,9,9,15,1,0,0,0,0,1,0,0
1,10001217,04,38060,013,421502,65.60,48686,93191,0.5224,101300,11315000,1,1,1,1,65.00,1,60,3,5.570,11315000,17405000,57,1,1,9,9,0,1,0,0,0,0,1,0,0
1,10001218,06,41860,081,610303,61.57,235469,154003,1.5290,166600,51045000,7,1,1,1,52.40,1,120,5,5.200,51045000,97405000,117,1,1,9,9,0,1,0,0,0,0,0,1,0
1,10001219,44,39300,007,010800,77.84,41702,103773,0.4019,113200,2005000,7,1,1,1,31.30,1,120,2,5.830,2005000,6405000,117,1,9,9,9,100,1,0,0,0,0,1,0,0
1,10001220,37,15500,001,021703,37.87,113167,78033,1.4503,77900,23405000,1,3,1,1,65.00,2,60,5,5.410,23405000,36005000,57,1,1,9,9,0,1,0,0,0,0,0,0,0
1,10001221,13,42340,051,004207,75.89,56176,87035,0.6454,92400,11175000,1,1,1,1,75.00,1,120,4,5.830,11175000,14905000,117,1,1,9,9,19,1,0,0,0,0,1,0,0
1,10001222,06,40900,113,011208,61.17,127795,106925,1.1952,113700,7505000,7,3,1,1,34.70,1,120,5,5.710,7505000,21605000,117,1,1,9,9,99,1,0,0,0,0,0,0,0
1,10001223,36,10580,093,033500,26.48,97679,109385,0.8930,117800,835000,7,1,1,1,70.40,1,120,1,5.700,6905000,1195000,117,1,1,9,9,0,1,0,0,0,0,0,0,0
1,10001224,36,35620,061,002601,68.94,50291,113844,0.4418,119300,3635000,7,1,1,1,55.00,1,84,1,5.470,9735000,6605000,81,1,1,9,9,0,1,0,0,0,0,1,0,0
1,10001225,48,33260,329,000302,49.32,110880,107796,1.0286,91500,9255000,2,1,1,1,54.40,1,60,4,5.790,9255000,17005000,57,1,9,9,9,0,1,0,0,0,0,0,0,0
1,10001226,13,12260,245,010515,78.26,0,78239,0.0000,87100,26645000,7,1,1,1,59.10,1,120,5,6.070,26645000,45105000,117,1,9,9,9,0,1,0,0,0,0,1,0,0
1,10001227,48,26420,201,232801,92.56,72227,92750,0.7787,95200,31785000,7,1,1,1,65.00,1,120,5,5.130,31785000,48905000,117,1,1,9,9,0,1,0,0,0,0,0,0,0
1,10001228,36,45060,067,005500,58.56,54974,90955,0.6044,94800,6085000,9,1,1,2,68.10,1,86,5,7.480,6085000,29555000,83,1,1,9,9,0,1,0,0,0,0,1,0,0
1,10001229,48,19100,085,030605,56.02,84464,99957,0.8450,107300,23065000,1,1,1,1,63.90,1,60,4,4.810,23065000,36105000,57,1,1,9,9,0,1,1,0,0,0,0,0,0
1,10001230,10,37980,003,014403,38.13,121000,108977,1.1103,114700,10395000,7,1,1,1,64.50,1,120,4,5.450,10395000,16105000,117,1,1,9,9,0,1,0,0,0,0,0,0,0
1,10001231,19,47940,013,001501,21.38,78531,87266,0.8999,90000,3775000,7,1,1,1,65.00,1,60,3,6.290,3775000,5805000,57,1,1,9,9,0,1,0,0,0,0,0,0,0
1,10001232,08,19740,031,001705,21.97,210795,119980,1.7569,130400,60345000,7,1,1,1,48.10,1,120,5,5.410,60345000,125505000,117,1,1,9,9,0,1,0,0,0,0,0,0,0
1,10001233,36,28880,027,221100,80.40,46919,113377,0.4138,114800,29645000,7,1,1,1,65.00,2,120,4,5.420,29645000,45605000,117,1,1,9,9,20,1,0,0,0,0,1,0,0
1,10001234,06,40900,067,004012,68.24,150987,106925,1.4121,113700,2325000,9,1,1,2,59.10,1,61,5,7.470,2325000,109395000,58,1,1,9,9,0,1,0,0,0,0,0,0,0
1,10001235,11,47900,001,010603,42.28,188929,144539,1.3071,152900,134745000,7,1,1,1,65.00,1,60,5,4.990,134745000,207305000,57,1,1,9,9,30,1,0,0,0,0,0,0,0
1,10001236,13,12060,121,011630,52.49,176563,98569,1.7913,106100,67505000,1,1,1,1,50.00,1,60,5,4.730,67505000,135005000,57,1,1,9,9,0,1,0,0,0,0,0,0,0
1,10001237,40,46140,143,007102,63.66,44511,83507,0.5330,85300,2735000,7,1,1,1,64.90,2,120,3,5.595,2735000,4225000,117,1,1,9,9,0,1,0,0,0,0,0,0,0
1,10001238,48,26420,201,552702,55.61,79583,92750,0.8580,95200,17195000,7,1,1,1,61.60,1,120,5,5.490,17195000,27905000,117,1,1,9,9,0,1,0,0,0,0,0,1,0
1,10001239,26,19820,125,141002,75.64,63935,93779,0.6818,97300,20935000,7,1,1,1,60.30,1,120,5,5.200,20935000,34705000,117,1,1,9,9,0,1,0,0,0,0,0,0,0
1,10001240,05,22220,007,020906,26.39,105823,88653,1.1937,94400,5655000,1,1,1,1,66.70,1,60,2,5.850,5655000,8465000,57,1,9,9,9,0,1,0,0,0,0,0,0,0
1,10001241,48,26420,201,551902,78.25,55370,92750,0.5970,95200,14405000,7,1,1,1,46.00,1,60,5,6.120,14405000,31305000,57,1,1,9,9,100,1,0,0,0,0,0,0,0
1,10001242,12,18880,091,023305,23.65,115980,91913,1.2619,96000,30455000,1,1,1,1,65.00,1,60,5,5.980,30455000,46845000,57,1,1,9,9,0,1,0,0,0,0,0,1,0
1,10001243,39,17140,061,010201,46.21,55417,97826,0.5665,103700,935000,7,1,1,1,75.00,1,120,1,6.170,5165000,1255000,117,1,1,9,9,0,1,0,0,0,0,1,0,0
1,10001244,51,47260,095,080305,42.27,93583,95214,0.9829,100000,15465000,1,1,1,1,79.50,1,120,4,5.620,15465000,19455000,117,1,1,9,9,0,1,0,0,0,0,0,0,0
1,10001245,06,31080,037,408137,93.15,80556,101056,0.7971,105700,40005000,7,1,1,1,40.60,1,120,5,5.180,40005000,98505000,117,1,1,9,9,0,1,0,0,0,0,0,0,0
1,10001246,20,28140,209,044104,77.51,49734,99766,0.4985,103000,1745000,7,1,1,1,65.00,1,120,2,6.040,1745000,2675000,117,1,1,9,9,100,1,0,0,0,0,1,0,0
1,10001247,08,19740,059,011732,30.79,80859,119980,0.6739,130400,3505000,9,1,1,2,63.90,1,72,5,7.560,3505000,121405000,69,1,1,9,9,0,1,0,0,0,0,0,0,0
1,10001248,16,14260,001,010369,19.88,116288,91708,1.2680,98000,43005000,7,1,1,1,56.10,1,96,5,5.850,43005000,76705000,93,1,1,9,9,0,1,0,0,0,0,0,0,0
1,10001249,06,23420,019,001304,95.82,30809,76092,0.4049,84300,1215000,7,1,1,1,35.80,1,60,1,6.710,1215000,3405000,57,1,9,9,9,0,1,0,0,0,0,1,0,0
1,10001250,36,28880,027,040001,29.58,121176,113377,1.0688,114800,2415000,7,1,1,1,63.60,1,84,1,6.210,2415000,3805000,81,1,1,9,9,0,1,1,0,0,0,0,1,0
1,10001251,06,12540,029,000911,73.62,34207,71065,0.4814,78600,7455000,1,1,1,1,45.20,1,84,4,5.830,7455000,16505000,81,1,1,9,9,0,1,0,0,0,0,0,0,0
1,10001252,12,15980,071,001205,60.24,48813,81979,0.5954,88800,28365000,2,1,1,1,55.50,2,180,5,5.980,28365000,51105000,177,1,9,9,9,100,1,0,0,0,0,0,0,0
1,10001253,29,28140,165,030306,13.91,181758,99766,1.8218,103000,49735000,2,1,1,1,64.30,1,60,5,5.870,49735000,77305000,57,1,1,9,9,0,1,0,0,0,0,0,0,0
1,10001254,06,41940,085,508101,79.65,250001,172303,1.4509,180400,30935000,1,1,1,1,25.00,1,60,5,5.250,30935000,123755000,57,1,1,9,9,10,1,0,0,0,0,0,1,0
1,10001255,48,26420,201,431505,28.32,170221,92750,1.8353,95200,15775000,2,1,1,1,63.30,1,60,5,5.680,15775000,24905000,57,1,1,9,9,50,1,0,0,0,0,0,1,0
1,10001256,06,41860,081,608025,71.94,195817,154003,1.2715,166600,69225000,7,5,1,1,65.00,1,84,5,4.765,69225000,106505000,81,1,1,9,9,0,1,0,0,0,0,0,1,0
1,10001257,39,18140,049,006945,77.42,44167,97262,0.4541,103300,9925000,1,3,1,1,74.30,1,84,4,5.200,9925000,13355000,81,1,1,9,9,0,1,0,0,0,0,1,0,0
1,10001258,54,25180,003,971101,23.64,60698,86810,0.6992,84200,28125000,1,1,1,1,73.90,1,120,4,5.950,28125000,38085000,117,1,1,9,9,0,1,0,0,0,0,0,0,0
1,10001259,29,28140,095,009400,42.68,82157,99766,0.8235,103000,26625000,1,1,1,1,79.70,1,216,5,5.180,26625000,33405000,180,1,9,9,9,100,1,0,0,0,0,0,0,0
1,10001260,12,33100,086,009061,97.39,42628,80554,0.5292,87600,40895000,7,1,1,1,63.50,2,120,5,5.600,40895000,64405000,117,1,9,9,9,100,1,0,0,0,0,0,0,0
1,10001261,48,19100,113,011201,97.07,58670,99957,0.5870,107300,23915000,7,1,1,1,63.10,1,120,5,5.150,23915000,37905000,117,1,1,9,9,100,1,0,0,0,0,1,0,0
1,10001262,20,28140,091,053109,45.86,130597,99766,1.3090,103000,34615000,7,1,1,1,39.70,2,60,5,4.890,34615000,87205000,57,1,1,9,9,0,1,0,0,0,0,0,1,0
1,10001263,15,99999,001,021504,81.31,71464,92876,0.7695,100700,2655000,9,3,1,2,68.20,1,178,5,5.830,2655000,38395000,175,1,1,9,9,100,1,1,0,0,0,0,0,0
1,10001264,26,24340,081,013803,65.35,53311,93131,0.5724,98500,7145000,7,1,1,1,60.50,1,60,4,4.930,13675000,11805000,57,1,1,9,9,79,1,0,0,0,0,0,0,0
1,10001265,24,12580,027,606803,48.67,118457,118479,0.9998,122200,26295000,1,1,1,1,75.00,1,84,5,6.370,26295000,35055000,81,1,1,9,9,0,1,0,0,0,0,0,1,0
1,10001266,41,41420,047,000400,47.94,50182,85870,0.5844,91300,1775000,7,1,1,1,70.20,2,120,1,6.310,1775000,2525000,117,1,9,9,9,0,1,0,0,0,0,1,0,0
1,10001267,16,38540,005,001104,18.19,122439,79316,1.5437,84200,5725000,7,1,1,1,68.80,1,120,2,5.490,5725000,8335000,117,1,1,9,9,0,1,1,0,0,0,0,1,0
1,10001268,12,23540,001,001522,57.93,51083,82126,0.6220,92700,4835000,7,1,1,1,60.50,1,120,3,5.920,4835000,8005000,117,1,1,9,9,0,1,0,0,0,0,1,0,0
1,10001269,42,38300,003,516200,25.76,125924,96434,1.3058,100600,4525000,7,1,1,1,64.70,1,120,3,5.860,4525000,6995000,117,1,1,9,9,20,1,0,0,0,0,0,0,0
1,10001270,32,29820,003,001100,73.26,56708,82358,0.6886,87800,8155000,1,1,1,1,60.50,1,120,4,5.760,8155000,13475000,117,1,1,9,9,0,1,0,0,0,0,1,0,0
1,10001271,08,19740,035,014125,24.18,193281,119980,1.6109,130400,43485000,7,1,1,1,57.20,1,84,5,4.920,43485000,76005000,81,1,1,9,9,0,1,0,0,0,0,0,1,0
1,10001272,29,41180,189,215102,34.71,74940,97901,0.7655,103200,26505000,7,1,1,1,65.00,1,180,5,5.270,26505000,40805000,177,1,1,9,9,0,1,0,0,0,0,0,0,0
1,10001273,48,21340,141,010404,96.38,45750,61466,0.7443,63100,735000,2,1,1,1,78.30,1,120,1,5.110,18925000,945000,117,1,1,9,9,100,1,1,0,0,0,1,0,1
1,10001274,41,38900,051,010601,32.60,0,110489,0.0000,116900,31565000,2,1,1,1,62.00,1,60,5,5.540,123545000,44605000,57,1,1,9,9,20,1,0,0,0,0,1,0,0
1,10001275,41,38900,051,002702,25.69,99722,110489,0.9026,116900,12705000,2,1,1,1,60.80,1,120,4,5.690,12705000,20905000,117,1,1,9,9,0,1,0,0,0,0,0,0,0
1,10001276,48,28660,027,021203,36.46,85000,75208,1.1302,75800,3715000,7,1,1,1,63.90,2,120,3,5.800,11545000,5815000,117,1,1,9,9,0,1,0,0,0,0,0,0,0
1,10001277,12,37340,009,068101,15.25,100179,87701,1.1423,99700,6055000,7,1,1,1,65.10,1,84,2,6.280,6055000,9305000,81,1,1,9,9,0,1,0,0,0,0,0,1,0
1,10001278,17,16980,031,411000,58.46,81835,106055,0.7716,109800,14905000,7,1,1,1,55.00,1,60,5,5.530,14905000,27105000,57,1,1,9,9,0,1,0,0,0,0,0,0,0
1,10001279,27,33460,053,126300,78.57,118000,119274,0.9893,123700,27965000,2,1,1,1,75.60,1,192,5,4.020,27965000,37005000,189,1,9,9,9,100,1,0,0,0,0,1,0,0
1,10001280,13,12060,067,031319,93.25,56741,98569,0.5757,106100,17365000,1,1,1,1,70.00,1,60,4,5.250,17365000,24805000,57,1,1,9,9,0,1,0,0,0,0,1,0,0
1,10001281,18,26900,097,381204,40.86,56563,93688,0.6037,101200,3855000,9,1,1,2,54.20,1,77,5,7.820,3855000,28755000,74,1,9,9,9,0,1,0,0,0,0,1,0,0
1,10001282,41,38900,005,020101,21.78,186719,110489,1.6899,116900,10005000,7,1,1,1,32.90,1,120,4,4.860,10005000,30355000,117,1,1,9,9,0,1,0,0,0,0,0,1,0
1,10001283,53,42660,033,031502,16.82,131033,127870,1.0247,136600,13165000,7,1,1,1,61.70,1,120,3,4.730,13165000,21325000,117,1,9,9,9,0,1,0,0,0,0,0,1,0
1,10001284,34,37980,005,700102,18.53,123254,108977,1.1310,114700,9395000,7,1,1,1,64.40,1,60,3,5.870,9395000,14605000,57,1,1,9,9,0,1,0,0,0,0,0,0,0
1,10001285,20,48620,173,007205,48.92,59637,84050,0.7095,91200,8615000,1,5,1,1,65.00,1,84,5,5.540,8615000,13255000,81,1,1,9,9,0,1,0,0,0,0,0,1,0
1,10001286,13,12060,045,910600,40.24,93267,98569,0.9462,106100,8195000,7,1,1,1,65.00,1,60,3,4.750,8195000,12605000,57,1,1,9,9,0,1,1,0,0,0,0,0,0
1,10001287,30,13740,111,001200,16.29,135795,91749,1.4801,100000,15615000,7,1,1,1,70.00,1,120,4,5.570,15615000,22305000,117,1,9,9,9,100,1,0,0,0,0,0,0,0
1,10001288,39,17410,035,101201,44.62,93387,90488,1.0320,97200,54305000,9,1,1,1,68.70,2,120,5,6.260,54305000,79005000,117,1,1,9,9,0,1,0,0,0,0,1,0,0
1,10001289,37,49180,067,000900,46.78,74762,76701,0.9747,81900,785000,1,1,1,1,79.60,2,84,1,6.510,2135000,985000,81,1,9,9,9,0,1,0,0,0,0,1,0,0
1,10001290,51,47260,810,041801,31.89,75300,95214,0.7909,100000,4435000,7,3,1,1,65.30,1,120,2,5.880,9405000,6785000,117,1,1,9,9,0,1,1,0,0,0,0,0,0
1,10001291,32,29820,003,002996,82.10,32750,82358,0.3977,87800,13885000,2,1,1,1,37.10,1,84,5,5.290,13885000,37405000,81,1,1,9,9,0,1,0,0,0,0,1,0,0
1,10001292,55,11540,087,010100,26.30,73802,100144,0.7370,104000,9015000,2,3,1,1,61.30,1,84,3,5.900,9015000,14705000,81,1,1,9,9,0,1,0,0,0,0,1,0,0
1,10001293,53,42660,033,008500,54.03,80761,127870,0.6316,136600,8955000,7,1,1,1,49.40,1,60,4,4.660,8955000,18115000,57,1,9,9,9,0,1,0,0,0,0,1,0,0
1,10001294,47,34980,037,010403,70.30,31250,96905,0.3225,104700,7795000,2,1,1,1,56.10,1,120,3,5.760,7795000,13905000,117,1,1,9,9,59,1,0,0,0,0,1,0,0
1,10001295,17,99999,077,011001,26.32,106336,79197,1.3427,87100,9625000,7,1,1,1,69.20,1,120,4,5.810,9625000,13905000,117,1,1,9,9,0,1,0,0,0,0,0,0,0
1,10001296,06,31080,037,901011,60.14,89432,101056,0.8850,105700,8285000,7,1,1,1,61.30,1,60,2,5.870,8285000,13505000,57,1,1,9,9,0,1,0,0,0,0,0,0,0
1,10001297,48,26420,201,431206,62.47,91250,92750,0.9838,95200,16125000,1,1,1,1,65.00,1,84,5,4.830,16125000,24805000,81,1,1,9,9,0,1,0,0,0,0,0,1,0
1,10001298,41,38900,051,004901,29.60,137303,110489,1.2427,116900,25545000,2,3,1,1,61.40,1,60,5,5.590,25545000,41605000,57,1,1,9,9,0,1,0,0,0,0,0,0,0
1,10001299,45,16700,015,020713,31.81,107689,96573,1.1151,105100,46655000,1,1,1,1,46.00,1,60,5,5.240,103345000,87305000,57,1,1,9,9,0,1,0,0,0,0,0,0,0
1,10001300,34,35620,035,051100,79.76,56750,113844,0.4985,119300,7655000,1,1,1,1,51.00,1,60,2,5.950,7655000,15005000,57,1,1,9,9,0,1,0,0,0,0,0,0,0
1,10001301,25,14460,025,000401,36.49,92827,134646,0.6894,142000,11005000,7,1,1,1,45.50,1,60,3,5.760,11005000,24205000,57,1,1,9,9,0,1,0,0,0,0,1,0,0
1,10001302,39,17410,035,152303,62.81,73150,90488,0.8084,97200,3755000,7,1,1,1,60.00,1,120,4,6.060,3755000,6255000,117,1,1,9,9,0,1,0,0,0,0,0,0,0
1,10001303,04,38060,013,422107,61.72,49342,93191,0.5295,101300,1925000,9,1,1,2,63.50,1,60,5,8.330,1925000,30745000,57,1,9,9,9,0,1,0,0,0,0,0,0,0
1,10001304,06,40140,065,031701,74.04,74063,90585,0.8176,97500,18205000,7,1,1,1,50.70,1,84,5,5.750,18205000,35905000,81,1,1,9,9,99,1,0,0,0,0,0,0,0
1,10001305,17,40420,201,000502,49.07,72563,81338,0.8921,89000,6505000,7,1,1,1,67.80,1,120,3,5.860,6505000,9605000,117,1,1,9,9,0,1,0,0,0,0,0,0,0
1,10001306,12,23540,001,002217,70.32,49920,82126,0.6079,92700,9775000,7,1,1,1,55.20,1,120,4,5.920,9775000,17705000,117,1,1,9,9,0,1,0,0,0,0,1,0,0
1,10001307,48,26420,201,313902,76.81,74940,92750,0.8080,95200,22085000,1,1,1,1,75.00,1,60,5,5.700,22085000,29455000,57,1,1,9,9,0,1,0,0,0,0,0,0,0
1,10001308,12,33100,099,007776,34.04,151625,80554,1.8823,87600,37655000,7,1,1,1,59.60,1,120,4,6.490,37655000,63205000,117,1,1,9,9,0,1,0,0,0,0,0,1,0
1,10001309,34,35620,031,181400,98.52,59926,113844,0.5264,119300,2595000,2,1,1,1,64.80,1,120,1,5.770,22605000,4005000,117,1,1,9,9,0,1,0,0,0,0,1,0,0
1,10001310,33,31700,011,016100,10.22,130813,118936,1.0999,126000,3155000,7,1,1,1,67.10,1,120,2,5.960,3155000,4705000,117,1,1,9,9,100,1,0,0,0,0,0,0,0
1,10001311,25,14460,025,010205,52.24,160609,134646,1.1928,142000,19675000,1,5,1,1,65.00,1,84,3,5.320,19675000,30265000,81,1,1,9,9,0,1,0,0,0,0,1,0,0
1,10001312,09,14860,190,011000,20.07,250001,135149,1.8498,145700,18245000,7,5,1,1,59.60,1,120,2,5.700,18245000,30605000,117,1,1,9,9,12,1,0,0,0,0,0,1,0
1,10001313,48,47380,309,002501,53.17,89688,77527,1.1569,83100,6825000,1,1,1,1,65.00,1,60,4,5.535,6825000,10505000,57,1,1,9,9,52,1,0,0,0,0,0,0,0
1,10001314,48,26420,201,250406,55.56,124919,92750,1.3468,95200,9265000,1,1,1,1,65.00,1,60,4,5.040,9265000,14255000,57,1,1,9,9,0,1,0,0,0,0,0,1,0
1,10001315,06,25260,031,001300,89.54,29826,72111,0.4136,75900,2475000,7,1,1,1,66.60,1,180,2,6.240,2475000,3725000,177,1,1,9,9,100,1,1,0,0,0,1,0,0
1,10001316,42,29540,071,013504,64.90,81622,97622,0.8361,106700,11355000,9,1,1,2,65.10,1,112,5,7.300,11355000,105005000,109,1,1,9,9,0,1,0,0,0,0,0,0,0
1,10001317,51,25500,165,011700,29.36,95797,83010,1.1540,89700,36505000,7,1,1,1,61.40,1,60,5,5.490,36505000,59405000,57,1,1,9,9,0,1,0,0,0,0,0,0,0
1,10001318,06,41740,073,009502,43.86,141296,111734,1.2646,119500,87425000,2,5,1,1,52.80,1,84,5,5.540,28045000,143005000,81,1,1,9,9,0,1,0,0,0,0,0,1,0
1,10001319,37,99999,045,950604,24.48,47956,67542,0.7100,73300,1345000,1,1,1,1,61.60,1,360,1,6.510,1345000,3145000,357,1,9,9,9,100,1,1,0,0,0,0,0,0
1,10001320,10,20100,001,041400,69.03,65027,82307,0.7901,91300,17145000,7,1,1,1,56.20,1,60,5,5.980,17145000,30505000,57,1,1,9,9,0,1,0,0,0,0,1,0,0
1,10001321,17,16980,031,710700,99.68,59038,106055,0.5567,109800,985000,1,1,1,1,64.60,1,84,1,5.740,10855000,1525000,81,1,1,9,9,31,1,0,0,0,0,1,0,0
1,10001322,13,12060,067,031004,84.71,47204,98569,0.4789,106100,12265000,7,5,1,1,64.60,1,60,4,5.210,12265000,19005000,57,1,1,9,9,0,1,0,0,0,0,1,0,0
1,10001323,48,19100,113,013202,49.57,114881,99957,1.1493,107300,8065000,2,3,1,1,49.90,2,120,4,5.300,8065000,16175000,117,1,1,9,9,75,1,0,0,0,0,0,0,0
1,10001324,38,99999,053,962301,17.74,122571,102045,1.2012,108300,1425000,9,3,1,2,55.00,1,69,4,7.030,1425000,18445000,66,1,1,9,9,0,1,1,0,0,0,0,0,0
1,10001325,42,25420,041,012100,32.44,37250,96556,0.3858,97900,5335000,1,1,1,1,55.20,1,60,3,5.510,5335000,9665000,57,1,1,9,9,0,1,0,0,0,0,0,0,0
1,10001326,37,49180,057,061501,70.46,40864,76701,0.5328,81900,745000,1,1,1,1,80.00,1,120,1,6.740,3685000,935000,117,1,9,9,9,0,1,0,0,0,0,1,0,0
1,10001327,49,41620,035,113536,62.08,96905,106248,0.9121,115400,13615000,7,1,1,1,64.20,1,60,3,5.250,13615000,21205000,57,1,1,9,9,0,1,0,0,0,0,0,0,0
1,10001328,06,41940,069,000100,58.38,123021,172303,0.7140,180400,10955000,7,5,1,1,60.90,1,120,3,5.740,10955000,17995000,117,1,1,9,9,96,1,1,0,0,0,0,1,0
1,10001329,13,99999,233,010201,36.24,91111,68486,1.3304,72700,1035000,7,1,1,1,62.90,1,120,1,6.890,1035000,1655000,117,1,1,9,9,0,1,1,0,0,0,0,0,0
1,10001330,17,16980,031,807400,54.22,125804,106055,1.1862,109800,1125000,7,1,1,1,56.50,1,120,1,6.420,1125000,2005000,117,1,1,9,9,0,1,0,0,0,0,0,0,0
1,10001331,08,19740,031,004006,20.23,247813,119980,2.0655,130400,17265000,7,5,1,1,62.60,1,60,4,5.725,17265000,27605000,57,1,1,9,9,0,1,0,0,0,0,0,0,0
1,10001332,48,26420,339,691403,56.15,54445,92750,0.5870,95200,31725000,7,5,1,1,65.00,1,84,5,5.255,31725000,48805000,81,1,1,9,9,0,1,0,0,0,0,0,1,0
1,10001333,51,40060,730,811000,76.16,83594,104391,0.8008,110000,12815000,1,5,1,1,70.00,1,84,5,5.740,12815000,18305000,81,1,1,9,9,100,1,0,0,0,0,1,0,0
1,10001334,36,35620,061,007200,31.06,250001,113844,2.1960,119300,13155000,7,3,1,1,39.10,1,60,3,5.970,13155000,33605000,57,1,1,9,9,0,1,0,0,0,0,0,1,0
1,10001335,12,33100,086,010900,94.80,35961,80554,0.4464,87600,2945000,9,1,1,2,56.20,1,60,4,8.200,2945000,22255000,57,1,9,9,9,0,1,0,0,0,0,1,0,0
1,10001336,18,21780,163,003803,16.51,108722,82873,1.3119,81400,36075000,1,1,1,1,75.00,1,84,5,5.870,36075000,48105000,81,1,1,9,9,20,1,0,0,0,0,0,0,0
1,10001337,13,99999,277,960700,69.95,74342,66121,1.1243,70500,17225000,7,1,1,1,70.00,1,60,4,5.720,17225000,24605000,57,1,1,9,9,0,1,1,0,0,0,1,0,0
1,10001338,39,19430,113,040406,25.56,182602,87717,2.0817,92900,3275000,9,1,1,2,67.70,1,62,4,7.780,3275000,27605000,59,1,9,9,9,0,1,0,0,0,0,0,1,0
1,10001339,47,32820,157,021725,96.29,36748,78701,0.4669,84000,41005000,7,1,1,1,59.30,1,60,5,6.295,41005000,69105000,57,1,1,9,9,0,1,0,0,0,0,0,0,0
1,10001340,29,99999,101,960502,22.07,87628,80979,1.0821,86000,11105000,7,3,1,1,74.00,1,120,3,5.300,11105000,15005000,117,1,1,9,9,0,1,1,0,0,0,1,0,0
1,10001341,35,42140,049,000202,40.76,80040,84058,0.9522,91500,21515000,7,1,1,1,60.20,1,60,4,5.650,21515000,35755000,57,1,1,9,9,0,1,1,0,0,0,1,1,0
1,10001342,06,31080,059,086803,78.58,83937,101056,0.8306,105700,20985000,7,1,1,1,53.30,1,60,4,5.570,20985000,39405000,57,1,1,9,9,0,1,0,0,0,0,0,0,0
1,10001343,09,25540,110,510600,80.80,52819,115967,0.4555,122400,805000,7,1,1,1,59.30,1,84,1,6.160,8925000,1355000,81,1,9,9,9,0,1,0,0,0,0,1,0,0
1,10001344,06,41860,013,324004,46.35,164205,154003,1.0663,166600,34415000,1,1,1,1,58.80,1,120,4,5.380,34415000,58505000,117,1,1,9,9,6,1,0,0,0,0,0,1,0
1,10001345,31,36540,055,004300,35.13,80000,102337,0.7817,109700,2115000,7,1,1,1,63.00,1,120,2,5.860,2115000,3355000,117,1,1,9,9,0,1,0,0,0,0,0,0,0
1,10001346,47,16860,065,011411,50.70,56607,82235,0.6884,92100,4645000,9,1,1,2,60.40,1,84,5,7.920,4645000,40805000,81,1,1,9,9,0,1,0,0,0,0,0,0,0
1,10001347,27,33460,053,026707,18.76,122760,119274,1.0292,123700,27225000,1,1,1,1,60.70,1,84,4,5.770,27225000,44825000,81,1,1,9,9,0,1,0,0,0,0,0,1,0
1,10001348,06,41860,001,405402,86.16,74315,154003,0.4826,166600,31725000,7,5,1,1,65.00,1,60,5,5.380,31725000,48805000,57,1,1,9,9,50,1,0,0,0,0,1,0,0
1,10001349,21,30460,067,003404,48.33,33947,89904,0.3776,95200,17255000,1,5,1,1,79.50,1,192,5,5.230,16505000,21705000,120,1,9,9,9,100,1,0,0,0,0,1,0,0
1,10001350,06,40140,071,002103,73.83,89412,90585,0.9871,97500,10005000,2,5,1,1,48.40,2,120,5,4.470,10005000,20675000,117,1,9,9,9,100,1,0,0,0,0,0,0,0
1,10001351,47,34980,119,010201,17.64,110353,96905,1.1388,104700,43635000,1,3,1,1,62.20,1,120,5,5.050,43635000,67135000,117,1,1,9,9,0,1,1,0,0,0,0,0,0
1,10001352,49,41620,035,113311,60.47,53000,106248,0.4988,115400,2205000,7,1,1,1,32.00,1,120,2,5.230,2205000,6885000,117,1,9,9,9,100,1,0,0,0,0,1,0,0
1,10001353,06,31080,037,101221,46.57,65962,101056,0.6527,105700,5195000,7,5,1,1,41.70,1,120,2,4.600,5195000,12445000,117,1,1,9,9,97,1,0,0,0,0,1,0,0
1,10001354,34,37980,007,606700,20.40,112321,108977,1.0307,114700,45385000,2,1,1,1,63.00,1,84,5,5.210,214035000,73505000,81,1,1,9,9,98,1,0,0,0,0,0,0,0
1,10001355,08,19740,005,007702,68.83,81875,119980,0.6824,130400,23535000,1,1,1,1,65.00,1,84,5,4.955,23535000,36205000,81,1,1,9,9,0,1,0,0,0,0,1,0,0
1,10001356,04,38060,013,071516,31.09,68808,93191,0.7384,101300,10465000,1,1,1,2,64.60,1,62,5,7.630,10465000,87705000,59,1,1,9,9,0,1,0,0,0,0,0,0,0
1,10001357,35,10740,001,003728,44.98,68856,79295,0.8684,86400,10595000,2,1,1,1,63.10,1,60,3,5.670,182485000,16805000,57,1,1,9,9,0,1,0,0,0,0,0,0,0
1,10001358,27,33460,163,071025,29.29,131750,119274,1.1046,123700,41725000,1,5,1,1,75.00,1,120,5,4.880,41725000,55635000,117,1,1,9,9,0,1,0,0,0,0,0,1,0
1,10001359,06,23420,019,005607,55.88,44938,76092,0.5906,84300,12005000,7,5,1,1,34.00,1,84,5,4.900,12005000,35305000,81,1,1,9,9,0,1,0,0,0,0,0,0,0
1,10001360,36,35620,061,003001,44.78,0,113844,0.0000,119300,6105000,7,1,1,1,55.00,1,84,1,5.470,9735000,11105000,81,1,1,9,9,0,1,0,0,0,0,0,0,0
1,10001361,32,29820,003,005108,48.21,82153,82358,0.9975,87800,3565000,9,1,1,2,57.80,1,86,5,7.820,3565000,34205000,83,1,1,9,9,0,1,0,0,0,0,0,0,0
1,10001362,34,35620,031,181800,92.83,30217,113844,0.2654,119300,1775000,2,1,1,1,67.30,1,120,1,5.310,13655000,2635000,117,1,1,9,9,0,1,0,0,0,0,1,0,0
1,10001363,12,37860,033,001402,52.04,61773,82863,0.7455,92200,7305000,2,1,1,1,62.30,1,120,3,5.315,7305000,11505000,117,1,1,9,9,0,1,0,0,0,0,0,0,0
1,10001364,48,19100,439,105009,89.44,51496,99957,0.5152,107300,7295000,1,1,1,1,66.40,2,60,4,5.770,7295000,10995000,57,1,1,9,9,0,1,0,0,0,0,1,1,0
1,10001365,39,17140,061,022301,60.06,56631,97826,0.5789,103700,8455000,7,1,1,1,65.00,1,60,3,5.240,8455000,13005000,57,1,1,9,9,0,1,0,0,0,0,1,0,0
1,10001366,36,40380,055,008801,73.77,45913,93554,0.4908,96500,2805000,1,1,1,1,80.00,2,84,3,6.170,2805000,3505000,81,1,1,9,9,21,1,0,0,0,0,1,0,0
1,10001367,48,12420,491,020816,49.50,123354,115204,1.0707,126000,45645000,2,3,1,1,54.10,1,60,5,4.385,237755000,82705000,57,1,1,9,9,0,1,0,0,0,0,0,0,0
1,10001368,24,30500,037,876004,47.80,116412,132926,0.8758,143900,6005000,7,1,1,1,48.40,1,60,3,5.190,6005000,12405000,57,1,1,9,9,0,1,0,0,0,0,0,0,0
1,10001369,17,16980,031,251800,99.57,24742,106055,0.2333,109800,495000,7,1,1,1,80.00,2,120,1,6.020,4225000,615000,117,1,1,9,9,0,1,0,0,0,0,1,0,0
1,10001370,48,12420,453,000205,32.37,97536,115204,0.8466,126000,14405000,2,5,1,1,52.80,1,84,5,5.540,28045000,35105000,81,1,1,9,9,0,1,0,0,0,0,0,0,0
1,10001371,30,33540,063,000100,11.67,107321,89466,1.1996,90200,23495000,7,5,1,1,65.00,1,60,4,4.710,23495000,36155000,57,1,1,9,9,0,1,0,0,0,0,1,0,0
1,10001372,53,42660,061,052803,34.43,106161,127870,0.8302,136600,23255000,9,1,1,1,63.70,1,84,4,5.280,23255000,36505000,81,1,1,9,9,0,1,0,0,0,0,0,1,0
1,10001373,27,33460,163,070911,34.12,93580,119274,0.7846,123700,9595000,1,1,1,1,65.20,1,120,4,5.550,9595000,14715000,117,1,1,9,9,100,1,0,0,0,0,0,0,0
1,10001374,39,18140,049,007113,61.65,81096,97262,0.8338,103300,8735000,7,1,1,1,51.10,1,120,5,5.550,8735000,17105000,117,1,1,9,9,0,1,0,0,0,0,0,0,0
1,10001375,36,35620,059,416401,12.46,175536,113844,1.5419,119300,4505000,7,1,1,1,62.60,1,180,2,5.600,6285000,7205000,177,1,1,9,9,0,1,0,0,0,0,0,1,0
1,10001376,17,16980,031,809500,38.06,185078,106055,1.7451,109800,10505000,7,1,1,1,55.00,1,60,3,5.530,10505000,19105000,57,1,1,9,9,0,1,0,0,0,0,0,0,0
1,10001377,55,33340,133,200201,10.80,100000,97232,1.0285,102100,35545000,7,1,1,1,54.40,1,120,5,5.740,35545000,65305000,117,1,1,9,9,0,1,0,0,0,0,0,1,0
1,10001378,09,14860,190,050302,17.63,250001,135149,1.8498,145700,10125000,1,1,1,1,65.00,1,60,2,5.340,10125000,15575000,57,1,1,9,9,0,1,0,0,0,0,0,1,0
1,10001379,37,25860,035,010403,35.84,67647,70831,0.9551,78100,9965000,1,1,1,1,72.70,1,120,4,6.010,9965000,13705000,117,1,1,9,9,76,1,0,0,0,0,0,0,0
1,10001380,04,38060,013,115801,92.58,44177,93191,0.4741,101300,2505000,1,5,1,1,55.70,1,192,3,6.410,2505000,4505000,189,1,9,9,9,100,1,0,0,0,0,1,0,0
1,10001381,51,47260,710,004900,39.79,98333,95214,1.0328,100000,5985000,1,1,1,1,64.70,1,120,2,6.200,5985000,9255000,117,1,1,9,9,0,1,0,0,0,0,1,0,0
1,10001382,55,31540,025,000406,29.32,120694,112276,1.0750,121200,8835000,7,1,1,1,53.00,1,120,3,5.550,8835000,16655000,117,1,1,9,9,0,1,0,0,0,0,0,1,0
1,10001383,39,30620,003,013400,44.63,34079,76264,0.4469,84700,10965000,1,1,1,1,63.00,1,60,5,5.800,10965000,17405000,57,1,1,9,9,100,1,0,0,0,0,1,0,0
1,10001384,53,42660,033,004702,33.29,209648,127870,1.6395,136600,52905000,1,5,1,1,53.50,1,120,5,5.170,52905000,104905000,117,1,1,9,9,20,1,0,0,0,0,0,1,0
1,10001385,51,47260,650,010315,74.27,66622,95214,0.6997,100000,50245000,7,1,1,1,65.00,1,60,5,5.610,50245000,77305000,57,1,1,9,9,50,1,0,0,0,0,0,0,0
1,10001386,13,99999,275,960602,51.37,56398,73611,0.7662,78200,16965000,1,1,1,1,75.00,1,120,5,5.560,16965000,22615000,117,1,1,9,9,0,1,1,0,0,0,0,1,0
1,10001387,30,99999,031,000900,19.04,55455,106394,0.5212,109000,21935000,2,1,1,1,55.60,1,60,3,5.190,21935000,39475000,57,1,1,9,9,0,1,1,0,0,0,1,0,0
1,10001388,06,33700,099,000807,57.09,87083,83732,1.0400,91100,39655000,7,1,1,1,65.00,1,60,5,5.330,39655000,61015000,57,1,1,9,9,0,1,0,0,0,0,0,0,0
1,10001389,12,33100,011,030806,43.71,61863,80554,0.7680,87600,34655000,1,1,1,1,59.00,1,120,5,5.570,34655000,58705000,117,1,1,9,9,0,1,0,0,0,0,0,0,0
1,10001390,32,39900,031,002103,28.88,117885,98707,1.1943,101200,27925000,7,3,1,1,59.40,1,84,5,5.820,27925000,47005000,81,1,1,9,9,0,1,0,0,0,0,0,1,0
1,10001391,37,24660,081,016800,55.67,70507,76183,0.9255,80700,65585000,7,3,1,1,61.50,1,120,5,6.150,65585000,106705000,117,1,1,9,9,0,1,0,0,0,0,0,0,0
1,10001392,10,20100,001,040900,44.19,53529,82307,0.6504,91300,7355000,7,1,1,1,30.80,1,120,5,5.200,7355000,23905000,117,1,1,9,9,0,1,0,0,0,0,0,0,0
1,10001393,06,41740,073,000600,37.81,99706,111734,0.8924,119500,20585000,2,5,1,1,52.80,1,84,3,5.540,28045000,37505000,81,1,1,9,9,0,1,0,0,0,0,0,0,0
1,10001394,17,16980,111,870301,49.55,63564,106055,0.5994,109800,4845000,7,1,1,1,63.60,1,60,3,6.620,4845000,7625000,57,1,1,9,9,0,1,1,0,0,0,0,0,0
1,10001395,29,41180,189,218013,18.25,116242,97901,1.1873,103200,21505000,7,1,1,1,49.40,1,180,5,5.180,21505000,43505000,177,1,1,9,9,0,1,0,0,0,0,0,0,0
1,10001396,32,29820,003,005111,56.73,76158,82358,0.9247,87800,6825000,9,1,1,2,73.10,1,132,5,7.970,6825000,68905000,129,1,1,9,9,0,1,0,0,0,0,0,0,0
1,10001397,48,11100,375,011700,43.92,34706,82962,0.4183,87600,1935000,1,1,1,1,62.10,1,120,3,6.660,4275000,3125000,117,1,1,9,9,0,1,0,0,0,0,1,0,0
1,10001398,47,32820,157,008600,25.70,145871,78701,1.8535,84000,9545000,1,1,1,1,77.90,1,120,5,5.440,9545000,12255000,117,1,1,9,9,0,1,0,0,0,0,0,0,0
1,10001399,06,12540,029,002816,78.67,66027,71065,0.9291,78600,3005000,7,1,1,1,32.30,1,120,3,5.560,3005000,9305000,117,1,1,9,9,0,1,0,0,0,0,0,0,0
1,10001400,37,16740,119,003018,28.62,134519,93744,1.4350,100300,48825000,2,3,1,1,60.90,1,120,5,6.030,123395000,76405000,117,1,1,9,9,0,1,0,0,0,0,0,0,0
1,10001401,13,47580,153,021116,54.75,66581,89734,0.7420,90900,1015000,2,1,1,1,72.60,1,84,1,5.900,1965000,1395000,81,1,9,9,9,0,1,0,0,0,0,0,0,0
1,10001402,39,17410,035,131104,32.54,100671,90488,1.1125,97200,23435000,1,1,1,1,74.40,1,120,4,5.710,23435000,31505000,117,1,1,9,9,0,1,0,0,0,0,0,1,0
1,10001403,06,31080,037,601302,93.09,71571,101056,0.7082,105700,2005000,7,1,1,1,34.50,1,120,1,6.440,2005000,5805000,117,1,1,9,9,0,1,0,0,0,0,0,0,0
1,10001404,04,38060,013,816902,22.67,142391,93191,1.5280,101300,34955000,7,1,1,1,58.30,1,60,5,6.190,34955000,60005000,57,1,1,9,9,0,1,0,0,0,0,0,1,0
1,10001405,34,35620,017,001900,78.09,128750,113844,1.1309,119300,14115000,2,1,1,1,62.70,1,120,2,6.090,14115000,22505000,117,1,1,9,9,0,1,0,0,0,0,0,0,0
1,10001406,27,33460,053,026809,85.58,59836,119274,0.5017,123700,8885000,1,1,1,1,73.00,1,60,4,5.445,8885000,12185000,57,1,9,9,9,0,1,0,0,0,0,1,0,0
1,10001407,42,37980,045,406801,25.77,114167,108977,1.0476,114700,11805000,2,1,1,1,63.80,1,60,3,5.570,11805000,18505000,57,1,1,9,9,0,1,0,0,0,0,0,0,0
1,10001408,06,44700,077,003116,80.21,33281,91565,0.3635,103800,13665000,7,1,1,1,65.00,1,120,4,5.580,13665000,21025000,117,1,1,9,9,0,1,0,0,0,0,1,0,0
1,10001409,17,16980,031,831700,61.73,82222,106055,0.7753,109800,465000,7,1,1,1,51.60,1,84,1,5.290,8635000,915000,81,1,1,9,9,0,1,0,0,0,0,0,1,0
1,10001410,06,37100,111,009400,49.66,106250,116726,0.9103,125600,57205000,1,1,1,1,65.00,1,60,5,4.800,57205000,88005000,57,1,1,9,9,0,1,0,0,0,0,0,1,0
1,10001411,13,12060,089,021708,55.69,131198,98569,1.3310,106100,21965000,1,1,1,1,69.20,1,84,5,5.830,21965000,31755000,81,1,1,9,9,0,1,0,0,0,0,0,0,0
1,10001412,01,12220,081,041101,57.34,68984,86772,0.7950,95800,42315000,7,1,1,1,65.00,1,120,5,5.640,42315000,65105000,117,1,1,9,9,0,1,0,0,0,0,0,0,0
1,10001413,36,15380,029,014901,6.64,106852,90767,1.1772,96900,3985000,7,1,1,1,62.80,1,60,3,6.790,3985000,6355000,57,1,1,9,9,0,1,0,0,0,0,0,0,0
1,10001414,27,33460,141,030503,20.99,118081,119274,0.9900,123700,8215000,1,1,1,1,64.10,1,120,3,5.930,8215000,12815000,117,1,1,9,9,0,1,0,0,0,0,0,0,0
1,10001415,36,35620,119,009400,69.74,79524,113844,0.6985,119300,16295000,1,3,1,1,80.00,1,204,3,5.170,15505000,20375000,180,1,9,9,9,98,1,0,0,0,0,0,0,0
1,10001416,06,41860,001,441401,85.71,185300,154003,1.2032,166600,49225000,7,1,1,1,58.20,1,60,5,5.220,49225000,84525000,57,1,1,9,9,0,1,0,0,0,0,0,1,0
1,10001417,37,39580,183,053417,39.02,116736,113293,1.0304,122300,45355000,1,1,1,1,68.50,1,60,5,5.710,45355000,66255000,57,1,1,9,9,100,1,0,0,0,0,0,0,0
1,10001418,01,99999,043,964902,12.94,105000,72331,1.4517,80100,5255000,7,1,1,1,37.10,2,60,4,6.210,5255000,14155000,57,1,1,9,9,0,1,1,0,0,0,0,0,0
1,10001419,25,14460,025,170800,53.51,79570,134646,0.5910,142000,3775000,2,1,1,1,50.30,1,180,2,6.140,3775000,7505000,177,1,1,9,9,0,1,0,0,0,0,1,0,0
1,10001420,17,16980,031,050100,22.74,221047,106055,2.0843,109800,3215000,7,1,1,1,46.20,1,120,2,5.540,6265000,6955000,117,1,9,9,9,50,1,0,0,0,0,0,1,0
1,10001421,06,31080,037,213402,95.04,54365,101056,0.5380,105700,8535000,7,1,1,1,57.30,1,120,2,5.030,8535000,14905000,117,1,1,9,9,42,1,0,0,0,0,1,0,0
1,10001422,36,35620,061,015700,24.16,250001,113844,2.1960,119300,705000,7,3,1,1,2.50,1,120,2,6.610,705000,28105000,117,1,9,9,9,0,1,0,0,0,0,0,1,0
1,10001423,06,31080,037,134906,79.04,83000,101056,0.8213,105700,10285000,2,1,1,1,60.50,1,60,2,6.000,10285000,17005000,57,1,1,9,9,0,1,0,0,0,0,0,0,0
1,10001424,31,36540,055,004300,35.13,80000,102337,0.7817,109700,5875000,7,1,1,1,61.90,1,120,3,5.860,5875000,9485000,117,1,1,9,9,0,1,0,0,0,0,0,0,0
1,10001425,55,33340,133,203107,15.03,114205,97232,1.1746,102100,23005000,2,1,1,1,51.30,1,84,5,4.800,23005000,44805000,81,1,9,9,9,0,1,0,0,0,0,0,1,0
1,10001426,20,48620,173,006600,49.62,64455,84050,0.7669,91200,1145000,9,1,1,2,69.90,1,91,3,7.480,1145000,5505000,88,1,9,9,9,0,1,0,0,0,0,0,0,0
1,10001427,12,37860,113,010707,14.20,123565,82863,1.4912,92200,21105000,7,3,1,1,60.90,1,60,4,5.380,21105000,34655000,57,1,1,9,9,0,1,0,0,0,0,0,1,0
1,10001428,45,17900,079,002605,52.77,47516,81690,0.5817,86300,9005000,7,1,1,1,71.40,1,120,5,5.700,9005000,12605000,117,1,1,9,9,0,1,0,0,0,0,1,0,0
1,10001429,39,17410,035,131104,32.54,100671,90488,1.1125,97200,52655000,1,1,1,1,69.90,1,180,5,5.750,52655000,75305000,177,1,1,9,9,0,1,0,0,0,0,0,1,0
1,10001430,26,19820,099,232100,31.49,121250,93779,1.2929,97300,11585000,7,1,1,1,59.40,1,120,3,5.390,11585000,19505000,117,1,1,9,9,0,1,0,0,0,0,0,0,0
1,10001431,17,41180,163,504358,22.66,85543,97901,0.8738,103200,17545000,1,1,1,1,78.70,1,60,4,5.810,17545000,22305000,57,1,1,9,9,0,1,0,0,0,0,0,0,0
1,10001432,06,40140,071,007800,64.36,91375,90585,1.0087,97500,45625000,2,1,1,1,50.10,1,60,5,5.560,45625000,91005000,57,1,1,9,9,0,1,1,0,0,0,1,0,0
1,10001433,13,12060,255,160500,57.61,76478,98569,0.7759,106100,1465000,9,1,1,2,60.00,1,56,5,6.450,1465000,37405000,53,1,1,9,9,0,1,0,0,0,0,1,0,0
1,10001434,48,19100,113,001902,41.65,202837,99957,2.0292,107300,58305000,1,1,1,1,56.20,1,120,5,4.850,58305000,103845000,117,1,9,9,9,0,1,0,0,0,0,0,0,0
1,10001435,48,19100,121,021620,65.92,70568,99957,0.7060,107300,2775000,9,1,1,2,64.00,1,59,5,7.220,2775000,33605000,56,1,9,9,9,43,1,0,0,0,0,0,0,0
1,10001436,27,33460,003,050706,38.11,74519,119274,0.6248,123700,6095000,7,1,1,1,57.50,1,60,2,5.710,6095000,10605000,57,1,1,9,9,0,1,0,0,0,0,0,0,0
1,10001437,56,99999,033,000100,12.48,108738,102226,1.0637,108500,1565000,1,1,1,1,77.70,1,120,3,5.705,4005000,2225000,117,1,1,9,9,96,1,1,0,0,0,0,0,0
1,10001438,06,41860,075,023102,92.15,66300,154003,0.4305,166600,68005000,1,3,1,1,70.30,1,192,4,4.770,68005000,96765000,180,1,9,9,9,100,1,0,0,0,0,1,0,0
1,10001439,36,28880,071,011102,60.21,110250,113377,0.9724,114800,6595000,7,1,1,1,54.10,1,120,3,5.680,6595000,12205000,117,1,9,9,9,0,1,0,0,0,0,0,0,0
1,10001440,33,99999,005,971600,10.41,76715,99846,0.7683,104500,4185000,7,1,1,1,74.60,1,120,3,5.960,4185000,5605000,117,1,1,9,9,100,1,1,0,0,0,0,1,0
1,10001441,13,99999,031,110604,45.23,63194,72633,0.8701,71200,2365000,1,5,1,1,61.10,1,60,2,6.080,4675000,3865000,57,1,1,9,9,0,1,1,0,0,1,0,0,0
1,10001442,51,47260,740,213103,62.85,64785,95214,0.6804,100000,27505000,7,1,1,1,43.00,2,120,5,5.720,27505000,64005000,117,1,1,9,9,0,1,0,0,0,0,0,1,0
1,10001443,35,42140,049,001302,84.91,48274,84058,0.5743,91500,41005000,7,5,1,1,50.00,1,120,5,5.040,41005000,82005000,117,1,1,9,9,0,1,0,0,0,0,0,0,0
1,10001444,01,33860,101,005402,81.63,49833,77591,0.6423,82500,7795000,1,1,1,1,70.00,1,60,4,6.410,7795000,11135000,57,1,1,9,9,0,1,0,0,0,0,0,0,0
1,10001445,12,36740,095,017114,45.70,127816,83343,1.5336,90400,65615000,1,1,1,1,65.00,1,84,5,4.840,65615000,100945000,81,1,1,9,9,0,1,0,0,0,0,0,1,0
1,10001446,47,28940,093,005707,18.61,132188,84160,1.5707,89000,15125000,2,1,1,1,67.70,1,177,3,3.140,11055000,22355000,174,1,9,9,9,100,1,0,0,0,0,0,1,0
1,10001447,06,31080,037,271704,50.07,215156,101056,2.1291,105700,16475000,7,1,1,1,58.10,1,84,3,5.430,16475000,28355000,81,1,1,9,9,0,1,0,0,0,0,0,0,0
1,10001448,35,10740,001,000110,47.37,69393,79295,0.8751,86400,1755000,1,5,1,1,63.90,1,120,1,5.980,8945000,2755000,117,1,1,9,9,0,1,0,0,0,0,0,0,0
1,10001449,06,41500,053,014202,72.10,90185,97004,0.9297,103200,24755000,2,1,1,1,55.00,1,60,4,5.860,24755000,45005000,57,1,1,9,9,0,1,0,0,0,0,1,0,0
1,10001450,48,13140,245,000310,47.22,104649,78770,1.3285,79700,8205000,1,5,1,1,70.70,1,84,5,6.130,8205000,11605000,81,1,9,9,9,0,1,0,0,0,0,0,0,0
1,10001451,41,38900,051,005201,33.99,0,110489,0.0000,116900,18135000,2,1,1,1,62.00,1,60,4,5.540,123545000,26205000,57,1,1,9,9,20,1,0,0,0,0,1,0,0
1,10001452,31,36540,055,007001,36.50,63929,102337,0.6247,109700,9595000,1,1,1,1,70.00,1,60,5,6.030,9595000,13705000,57,1,1,9,9,100,1,0,0,0,0,1,0,0
1,10001453,48,41700,029,110100,62.23,0,85469,0.0000,89300,26405000,2,5,1,1,79.30,1,180,5,3.940,26405000,33305000,177,1,9,9,9,100,1,0,0,0,0,0,0,0
1,10001454,36,10580,093,033500,26.48,97679,109385,0.8930,117800,385000,7,1,1,1,70.40,1,120,1,5.700,6905000,545000,117,1,1,9,9,0,1,0,0,0,0,0,0,0
1,10001455,18,21780,163,001200,51.80,43000,82873,0.5189,81400,2825000,1,1,1,1,75.00,1,120,1,6.120,14355000,3765000,117,1,1,9,9,0,1,0,0,0,0,1,0,0
1,10001456,51,47260,620,090100,41.73,79817,71886,1.1103,100000,12965000,1,1,1,1,70.00,2,60,5,6.140,12965000,18515000,57,1,1,9,9,0,1,1,0,0,0,0,0,0
1,10001457,37,49180,197,050503,23.21,79688,76701,1.0389,81900,2095000,7,3,1,1,58.70,1,60,3,6.150,2095000,3565000,57,1,1,9,9,0,1,0,0,0,0,0,0,0
1,10001458,48,12420,055,960400,69.77,73060,115204,0.6342,126000,4265000,1,1,1,2,62.30,1,70,5,8.470,4265000,20775000,67,1,9,9,9,0,2,0,0,0,0,1,0,0
1,10001459,37,15500,001,021102,37.75,63991,78033,0.8201,77900,8415000,1,3,1,1,67.30,1,60,3,6.120,8415000,12505000,57,1,1,9,9,0,1,0,0,0,0,0,0,0
1,10001460,06,40900,017,030301,39.92,70227,106925,0.6568,113700,2255000,7,1,1,1,51.90,2,60,2,6.360,2255000,4355000,57,1,1,9,9,0,1,1,0,0,0,0,0,0
1,10001461,34,35620,017,014801,86.55,58488,113844,0.5138,119300,60345000,1,1,1,1,63.70,1,60,5,6.310,60345000,94755000,57,1,1,9,9,0,1,0,0,0,0,1,0,0
1,10001462,16,14260,001,000302,19.17,73625,91708,0.8028,98000,27725000,1,1,1,1,65.00,2,84,5,5.830,27725000,42665000,81,1,1,9,9,0,1,0,0,0,0,0,0,0
1,10001463,45,99999,029,970501,75.96,53240,62006,0.8586,62300,3505000,2,1,1,1,63.70,1,60,2,6.790,3505000,5505000,57,1,1,9,9,0,1,1,0,0,1,1,0,0
1,10001464,48,19100,439,106503,79.28,54065,99957,0.5409,107300,9565000,7,1,1,1,64.60,1,60,4,5.840,9565000,14805000,57,1,1,9,9,20,1,0,0,0,0,0,0,0
1,10001465,13,12020,059,130701,34.33,86714,85162,1.0182,90900,13775000,2,1,1,1,61.50,1,84,4,5.450,13775000,22405000,81,1,1,9,9,0,1,0,0,0,0,0,0,0
1,10001466,06,31080,037,221304,94.66,61008,101056,0.6037,105700,10855000,1,1,1,1,57.40,1,192,3,5.100,10855000,18905000,189,1,9,9,9,95,1,0,0,0,0,1,0,0
1,10001467,06,23420,019,004302,34.30,143354,76092,1.8840,84300,5605000,7,1,1,1,28.70,1,120,3,5.450,5605000,19505000,117,1,1,9,9,0,1,0,0,0,0,0,1,0
1,10001468,12,45300,103,025421,27.33,84714,84454,1.0031,92000,7615000,9,1,1,2,64.50,1,64,5,6.880,7615000,90405000,61,1,1,9,9,0,1,0,0,0,0,0,0,0
1,10001469,24,12580,027,602600,68.37,87313,118479,0.7370,122200,176735000,1,5,1,1,75.00,1,120,5,5.160,176735000,235645000,117,1,1,9,9,0,1,0,0,0,0,0,1,0
1,10001470,53,42660,053,940012,61.34,95521,127870,0.7470,136600,60905000,7,1,1,1,62.30,1,60,5,5.230,60905000,97805000,57,1,1,9,9,75,1,0,0,0,0,0,0,0
1,10001471,48,12420,453,032100,46.28,102736,115204,0.8918,126000,13865000,7,5,1,1,53.90,1,84,5,5.460,13865000,25705000,81,1,1,9,9,0,1,0,0,0,0,0,0,0
1,10001472,40,36420,109,107002,61.62,54010,84302,0.6407,89100,21965000,7,1,1,1,67.00,1,120,5,5.690,21965000,32805000,117,1,1,9,9,0,1,0,0,0,0,0,0,0
1,10001473,11,47900,001,010601,48.73,0,144539,0.0000,152900,72015000,1,1,1,1,65.00,1,60,5,5.720,72015000,110795000,57,1,1,9,9,0,1,0,0,0,0,0,0,0
1,10001474,36,35620,061,006400,33.50,250001,113844,2.1960,119300,70635000,7,1,1,1,60.60,1,120,4,5.130,70635000,116505000,117,1,1,9,9,25,1,0,0,0,0,0,1,0
1,10001475,39,17410,035,172105,44.35,68422,90488,0.7561,97200,29005000,1,1,1,1,84.30,1,180,5,5.020,29005000,34395000,177,1,9,9,9,100,1,0,0,0,0,0,0,0
1,10001476,16,26820,019,971100,22.70,56522,85494,0.6611,87200,11525000,1,1,1,1,65.00,1,84,3,5.370,11525000,17725000,81,1,1,9,9,0,1,0,0,0,0,1,0,0
1,10001477,06,46700,095,252908,52.60,105000,110159,0.9532,113200,35685000,7,1,1,1,50.00,1,60,5,5.780,35685000,71365000,57,1,1,9,9,0,1,0,0,0,0,0,1,0
1,10001478,09,25540,110,496800,62.67,93173,115967,0.8034,122400,5125000,7,1,1,1,62.50,1,84,2,5.170,12135000,8185000,81,1,1,9,9,0,1,0,0,0,0,0,1,0
1,10001479,06,41940,085,503123,77.55,71765,172303,0.4165,180400,7325000,7,1,1,1,18.20,1,60,4,4.810,7325000,40205000,57,1,1,9,9,0,1,0,0,0,0,1,0,0
1,10001480,09,14860,190,035101,26.29,246111,135149,1.8210,145700,49535000,1,1,1,1,64.70,1,120,4,4.840,49535000,76615000,117,1,1,9,9,20,1,0,0,0,0,0,1,0
1,10001481,37,16740,119,002702,12.20,250001,93744,2.6669,100300,10175000,7,1,1,1,56.50,1,60,1,5.620,10175000,18005000,57,1,1,9,9,0,1,0,0,0,0,0,0,0
1,10001482,12,35840,081,000704,75.60,45529,91784,0.4961,97000,41335000,7,1,1,1,63.60,1,60,5,5.790,41335000,65005000,57,1,1,9,9,0,1,0,0,0,0,1,0,0
1,10001483,13,12060,121,011307,98.58,38147,98569,0.3870,106100,39505000,7,1,1,1,59.50,1,60,5,5.880,39505000,66405000,57,1,1,9,9,0,1,0,0,0,0,1,0,0
1,10001484,29,41180,189,215803,34.16,119840,97901,1.2241,103200,42705000,1,1,1,1,78.90,1,120,5,5.340,42705000,54155000,117,1,1,9,9,0,1,0,0,0,0,0,0,0
1,10001485,53,28420,005,010816,23.60,125035,92746,1.3481,99900,20475000,7,1,1,1,65.00,1,120,4,5.550,20475000,31505000,117,1,1,9,9,0,1,0,0,0,0,1,0,0
1,10001486,06,41740,073,019303,52.39,132917,111734,1.1896,119500,82265000,1,1,1,1,64.80,1,84,5,5.390,82265000,126875000,81,1,1,9,9,0,1,0,0,0,0,0,0,0
1,10001487,41,38900,005,022708,30.23,165690,110489,1.4996,116900,9435000,2,1,1,1,64.60,1,60,3,4.830,9435000,14605000,57,1,1,9,9,0,1,0,0,0,0,0,1,0
1,10001488,37,99999,031,970503,18.42,89167,86312,1.0331,94300,4085000,7,1,1,1,68.10,1,60,2,6.490,4085000,6005000,57,1,1,9,9,100,1,1,0,0,0,0,0,0
1,10001489,45,17900,079,011414,59.92,86837,81690,1.0630,86300,18105000,2,1,1,1,76.40,1,200,5,3.750,18105000,23705000,197,1,1,9,9,100,1,0,0,0,0,0,0,0
1,10001490,27,33460,053,126101,35.18,162321,119274,1.3609,123700,20865000,7,1,1,1,63.60,1,60,5,5.960,20865000,32795000,57,1,1,9,9,0,1,0,0,0,0,0,0,0
1,10001491,09,25540,110,510400,86.71,54614,115967,0.4709,122400,805000,7,1,1,1,59.30,1,84,1,6.160,8925000,1355000,81,1,9,9,9,0,1,0,0,0,0,1,0,0
1,10001492,45,24860,045,000700,46.08,107067,82045,1.3050,84700,49455000,7,1,1,1,64.70,1,84,5,5.590,49455000,76405000,81,1,1,9,9,0,1,0,0,0,0,1,0,0
1,10001493,48,12420,453,000305,28.78,129792,115204,1.1266,126000,3645000,2,5,1,1,52.80,1,84,2,5.540,28045000,7515000,81,1,1,9,9,0,1,0,0,0,0,0,0,0
1,10001494,29,41180,189,211900,95.11,0,97901,0.0000,103200,24535000,7,1,1,1,59.00,1,120,5,5.690,24535000,41605000,117,1,1,9,9,0,1,0,0,0,0,1,0,0
1,10001495,42,10900,095,017901,15.89,101394,96828,1.0472,101400,1575000,1,1,1,1,52.50,1,120,1,7.030,1575000,3005000,117,1,1,9,9,0,1,0,0,0,0,0,0,0
1,10001496,24,12580,510,100200,96.72,18079,118479,0.1526,122200,19505000,1,1,1,1,64.10,1,84,5,5.370,206065000,31205000,81,1,9,9,9,98,1,0,0,0,0,1,0,0
1,10001497,13,42340,051,010806,54.58,81391,87035,0.9352,92400,18185000,2,1,1,1,67.40,1,120,4,5.600,37245000,27005000,117,1,1,9,9,0,1,0,0,0,0,0,0,0
1,10001498,06,42220,097,151405,74.14,57908,119780,0.4835,128400,7505000,7,3,1,1,48.20,1,120,3,5.980,7505000,15555000,117,1,9,9,9,15,1,0,0,0,0,1,0,0
1,10001499,48,19100,113,000503,43.24,143040,99957,1.4310,107300,36005000,1,1,1,1,40.00,1,120,5,4.640,36005000,90005000,117,1,1,9,9,0,1,0,0,0,0,0,0,0
1,10001500,06,40900,017,031000,26.28,87407,106925,0.8175,113700,3625000,1,1,1,1,53.70,2,60,2,6.360,3625000,6755000,57,1,1,9,9,0,1,1,0,0,0,0,0,0
1,10001501,34,35620,039,035700,63.01,92199,113844,0.8099,119300,3745000,7,1,1,1,55.00,1,60,2,5.890,3745000,6805000,57,1,1,9,9,0,1,0,0,0,0,0,0,0
1,10001502,48,33260,329,000302,49.32,110880,107796,1.0286,91500,5735000,7,5,1,1,57.90,1,60,3,5.545,5735000,9905000,57,1,1,9,9,0,1,0,0,0,0,0,0,0
1,10001503,09,25540,110,514400,52.15,84676,115967,0.7302,122400,1695000,7,1,1,1,65.00,2,84,1,5.355,59805000,2615000,81,1,1,9,9,0,1,0,0,0,0,0,0,0
1,10001504,06,31080,037,554204,90.41,57917,101056,0.5731,105700,27765000,9,1,1,1,61.20,2,60,3,5.500,27765000,45405000,57,1,1,9,9,0,1,0,0,0,0,0,0,0
1,10001505,48,26420,201,241502,95.32,56471,92750,0.6089,95200,19745000,1,1,1,1,72.20,1,120,5,5.380,19745000,27345000,117,1,1,9,9,100,1,0,0,0,0,1,0,0
1,10001506,48,21340,141,003402,93.36,32264,61466,0.5249,63100,1325000,2,1,1,1,78.30,1,120,2,5.110,18925000,1695000,117,1,1,9,9,100,1,0,0,0,0,1,0,0
1,10001507,04,38060,013,216845,31.37,77632,93191,0.8330,101300,43025000,7,5,1,1,49.10,1,144,5,5.595,43025000,87705000,138,1,1,9,9,0,1,0,0,0,0,0,1,0
1,10001508,06,31080,059,052511,48.45,170052,101056,1.6828,105700,59455000,7,1,1,1,65.00,1,120,5,5.845,59455000,91475000,117,1,1,9,9,0,1,0,0,0,0,0,1,0
1,10001509,16,14260,001,001003,21.07,50640,91708,0.5522,98000,2505000,1,1,1,1,53.20,1,84,2,5.910,2505000,4705000,81,1,1,9,9,0,1,0,0,0,0,1,0,0
1,10001510,37,99999,139,960300,87.71,30615,77228,0.3964,82000,11975000,1,1,1,1,75.00,1,84,4,5.880,11975000,15965000,81,1,1,9,9,0,1,1,0,0,0,1,0,0
1,10001511,47,28940,093,005911,22.88,80693,84160,0.9588,89000,41345000,7,1,1,1,65.00,1,60,5,5.200,41345000,63605000,57,1,1,9,9,0,1,0,0,0,0,0,0,0
1,10001512,36,35620,047,043100,70.33,0,113844,0.0000,119300,8645000,7,1,1,1,58.80,1,60,1,6.050,8645000,14705000,57,1,1,9,9,0,1,0,0,0,0,1,0,0
1,10001513,37,16740,119,005306,90.80,65588,93744,0.6997,100300,17635000,2,1,1,1,78.70,1,204,5,4.350,17635000,22405000,201,1,9,9,9,100,1,0,0,0,0,1,0,0
1,10001514,09,47930,140,351000,75.34,69673,105763,0.6588,110400,23835000,1,3,1,1,84.80,1,180,5,4.990,23835000,28105000,177,1,9,9,9,100,1,0,0,0,0,1,0,0
1,10001515,53,42660,033,028000,69.85,69375,127870,0.5425,136600,9425000,7,1,1,1,36.20,1,60,4,4.790,9425000,26045000,57,1,1,9,9,0,1,0,0,0,0,1,0,0
1,10001516,36,35620,059,302101,22.59,250001,113844,2.1960,119300,705000,2,1,1,1,66.80,1,180,1,5.600,6745000,1055000,177,1,1,9,9,0,1,0,0,0,0,0,1,0
1,10001517,53,42660,053,070703,31.82,92443,127870,0.7230,136600,16465000,1,1,1,1,58.50,1,84,4,5.560,16465000,28155000,81,1,1,9,9,0,1,0,0,0,0,0,0,0
1,10001518,12,27260,031,012601,64.18,49688,88994,0.5583,98000,8875000,1,1,1,1,75.00,1,60,4,5.700,8875000,11835000,57,1,1,9,9,0,1,0,0,0,0,1,0,0
1,10001519,06,41860,001,442900,80.51,167226,154003,1.0859,166600,16625000,7,1,1,1,16.60,1,60,5,4.890,16625000,100355000,57,1,1,9,9,0,1,0,0,0,0,0,1,0
1,10001520,24,47900,033,800411,85.71,143750,144539,0.9945,152900,7255000,9,1,1,2,69.30,1,106,5,8.120,7255000,136005000,103,1,1,9,9,0,1,0,0,0,0,0,0,0
1,10001521,06,41860,001,432200,67.46,125039,154003,0.8119,166600,22935000,2,5,1,1,60.70,1,120,4,6.470,22935000,37805000,117,1,1,9,9,0,1,0,0,0,0,0,0,0
1,10001522,45,16740,091,060909,29.73,122865,93744,1.3106,100300,3205000,7,5,1,1,68.20,1,120,2,5.990,3205000,4705000,117,1,1,9,9,100,1,0,0,0,0,0,0,0
1,10001523,53,38900,011,042400,27.24,171000,110489,1.5477,116900,55805000,7,1,1,1,60.00,1,84,5,5.255,55805000,93005000,81,1,1,9,9,0,1,0,0,0,0,1,0,0
1,10001524,12,27260,089,050203,9.36,114194,88994,1.2832,98000,11505000,7,1,1,1,59.90,1,60,5,5.120,11505000,19205000,57,1,1,9,9,0,1,1,0,0,0,0,1,0
1,10001525,35,42140,049,001202,78.27,48377,84058,0.5755,91500,9345000,1,1,1,1,59.80,1,120,4,5.380,9345000,13905000,117,1,1,9,9,100,1,0,0,0,0,1,0,0
1,10001526,24,12580,510,271700,95.34,66212,118479,0.5589,122200,18795000,7,1,1,1,66.20,1,189,5,5.201,18795000,28405000,186,1,1,9,9,100,1,0,0,0,0,1,0,0
1,10001527,39,18140,049,007959,24.06,98083,97262,1.0084,103300,40005000,7,1,1,1,59.70,1,60,5,5.730,40005000,67005000,57,1,1,9,9,0,1,0,0,0,0,0,1,0
1,10001528,35,10740,001,003745,58.63,42279,79295,0.5332,86400,8965000,7,5,1,1,70.00,1,84,4,5.290,8965000,12805000,81,1,1,9,9,40,1,0,0,0,0,0,0,0
1,10001529,54,26580,079,020400,7.58,92500,71237,1.2985,74300,1815000,7,1,1,1,70.00,1,120,1,6.410,1815000,2595000,117,1,9,9,9,0,1,0,0,0,0,0,0,0
1,10001530,42,99999,073,011800,13.13,48033,76710,0.6262,82200,4045000,1,1,1,1,47.60,1,60,3,6.500,4045000,8505000,36,1,1,9,9,97,1,1,0,0,0,0,0,0
1,10001531,53,42660,033,028100,84.02,87500,127870,0.6843,136600,4545000,2,1,1,1,54.70,1,60,2,5.580,4545000,8315000,57,1,1,9,9,0,1,0,0,0,0,1,0,0
1,10001532,42,37980,091,200708,34.54,119207,108977,1.0939,114700,46675000,7,1,1,1,65.00,1,84,5,5.320,46675000,71805000,81,1,1,9,9,0,1,0,0,0,0,0,0,0
1,10001533,06,41860,001,437500,93.18,88750,154003,0.5763,166600,10715000,2,1,1,1,70.00,1,120,3,5.585,10715000,15305000,117,1,1,9,9,39,1,0,0,0,0,1,0,0
1,10001534,26,19820,099,230000,23.88,76016,93779,0.8106,97300,3525000,7,1,1,1,49.40,1,120,3,5.990,3525000,7145000,117,1,1,9,9,0,1,0,0,0,0,0,0,0
1,10001535,39,17140,061,020902,31.24,55787,97826,0.5703,103700,9685000,7,1,1,1,65.00,1,60,4,5.880,9685000,14905000,57,1,1,9,9,0,1,0,0,0,0,1,0,0
1,10001536,26,22420,049,011710,12.30,70650,75461,0.9363,78300,5535000,7,1,1,1,62.70,1,120,4,6.130,5535000,8835000,117,1,1,9,9,0,1,0,0,0,0,0,0,0
1,10001537,51,47260,810,046010,41.07,74712,95214,0.7847,100000,25175000,7,1,1,1,61.00,1,120,5,5.690,25175000,41305000,117,1,1,9,9,100,1,0,0,0,0,0,0,0
1,10001538,48,41700,091,310302,23.04,0,85469,0.0000,89300,6055000,1,1,1,1,64.40,1,192,3,5.950,6055000,9405000,189,1,9,9,9,100,1,0,0,0,0,0,0,0
1,10001539,45,16700,019,005300,65.23,65395,96573,0.6772,105100,4805000,2,1,1,1,62.70,1,215,3,3.160,4805000,7655000,212,1,1,9,9,100,1,0,0,0,0,1,0,0
1,10001540,48,12420,453,000302,29.84,141705,115204,1.2300,126000,3455000,2,5,1,1,52.80,1,84,2,5.540,28045000,7275000,81,1,1,9,9,0,1,0,0,0,0,0,0,0
1,10001541,25,14460,025,081700,93.87,49792,134646,0.3698,142000,2925000,9,1,1,2,46.10,1,115,5,6.070,2925000,45405000,112,1,9,9,9,100,1,0,0,0,0,1,0,0
1,10001542,28,25060,047,003309,36.14,87614,72242,1.2128,76800,935000,1,5,1,1,55.80,1,60,3,6.040,935000,1675000,57,1,9,9,9,100,1,0,0,0,0,0,0,0
1,10001543,27,33460,163,070103,17.64,90530,119274,0.7590,123700,3925000,1,1,1,1,71.20,1,120,3,6.220,3925000,5515000,117,1,1,9,9,50,1,0,0,0,0,0,0,0
1,10001544,13,12060,121,012000,92.81,26446,98569,0.2683,106100,965000,1,1,1,1,51.50,1,60,1,6.380,965000,1875000,57,1,1,9,9,0,1,0,0,0,0,1,0,0
1,10001545,06,40140,065,043227,58.58,110709,90585,1.2222,97500,61055000,7,5,1,1,55.00,1,60,5,5.165,61055000,111015000,57,1,1,9,9,0,1,0,0,0,0,0,1,0
1,10001546,53,42660,033,025304,43.08,141439,127870,1.1061,136600,32375000,1,5,1,1,60.50,1,60,5,5.590,32375000,53505000,57,1,1,9,9,0,1,0,0,0,0,1,1,0
1,10001547,12,37460,005,001501,22.94,93553,77037,1.2144,85900,44615000,7,5,1,1,62.20,1,120,5,5.755,44615000,71705000,117,1,1,9,9,0,1,0,0,0,0,0,1,0
1,10001548,48,41700,029,130800,95.63,31848,85469,0.3726,89300,18655000,7,3,1,1,89.80,1,184,5,3.670,18655000,20765000,181,1,1,9,9,100,1,0,0,0,0,1,1,0
1,10001549,33,31700,011,010802,50.12,52119,118936,0.4382,126000,5585000,1,1,1,1,80.00,1,84,2,6.250,5585000,6975000,81,1,1,9,9,0,1,0,0,0,0,1,0,0
1,10001550,39,17410,035,132301,65.41,49554,90488,0.5476,97200,8145000,7,1,1,1,63.20,1,120,5,5.560,8145000,12905000,117,1,1,9,9,0,1,0,0,0,0,0,0,0
1,10001551,51,99999,033,030502,34.23,101044,96803,1.0438,102800,3725000,1,1,1,1,80.30,1,120,3,6.760,3725000,4645000,117,1,1,9,9,0,1,1,0,0,0,0,0,0
1,10001552,27,33460,025,110503,7.23,114423,119274,0.9593,123700,10425000,2,1,1,1,80.00,1,120,3,5.330,10425000,13035000,117,1,9,9,9,0,1,0,0,0,0,0,0,0
1,10001553,36,10580,001,001100,52.08,87750,109385,0.8022,117800,14215000,7,1,1,1,72.90,1,120,3,5.540,14215000,19505000,117,1,1,9,9,51,1,0,0,0,0,1,0,0
1,10001554,36,35620,061,014402,23.84,250001,113844,2.1960,119300,70005000,9,1,1,1,56.50,1,120,4,5.450,70005000,124005000,117,1,1,9,9,25,1,0,0,0,0,0,1,0
1,10001555,34,35620,035,054302,52.66,122583,113844,1.0768,119300,18845000,1,3,1,1,60.50,1,120,4,5.620,18855000,31125000,117,1,9,9,9,98,1,0,0,0,0,0,0,0
1,10001556,39,17140,025,041202,9.20,101581,97826,1.0384,103700,1815000,9,1,1,2,69.90,1,71,3,7.380,1815000,18835000,68,1,9,9,9,0,1,0,0,0,0,0,0,0
1,10001557,12,37340,009,062402,51.81,53360,87701,0.6084,99700,11675000,2,1,1,1,71.20,1,180,4,5.540,11675000,16405000,177,1,9,9,9,100,1,0,0,0,0,1,0,0
1,10001558,53,42660,033,004302,42.27,73490,127870,0.5747,136600,68945000,2,1,1,1,59.60,1,60,5,5.610,68945000,115735000,57,1,1,9,9,0,1,0,0,0,0,1,0,0
1,10001559,42,10900,077,002100,74.10,53880,96828,0.5565,101400,4555000,2,1,1,1,63.00,1,84,2,5.210,214035000,6955000,81,1,1,9,9,83,1,0,0,0,0,1,0,0
1,10001560,18,26900,081,610704,17.89,141576,93688,1.5111,101200,24775000,1,1,1,1,65.00,1,120,5,5.330,24775000,38105000,117,1,1,9,9,0,1,0,0,0,0,0,1,0
1,10001561,04,38060,013,061063,74.36,55750,93191,0.5982,101300,21165000,7,1,1,1,50.20,1,84,5,5.450,21165000,42205000,81,1,1,9,9,0,1,0,0,0,0,0,0,0
1,10001562,42,10900,077,001401,71.98,49950,96828,0.5159,101400,30395000,2,1,1,1,63.00,1,84,5,5.210,214035000,48705000,81,1,1,9,9,75,1,0,0,0,0,1,0,0
1,10001563,30,33540,063,000205,13.47,110747,89466,1.2379,90200,28445000,1,5,1,1,65.00,1,60,4,5.115,28445000,43765000,57,1,1,9,9,0,1,0,0,0,0,0,0,0
1,10001564,18,26900,097,380101,25.90,134948,93688,1.4404,101200,20055000,7,1,1,1,46.60,1,120,5,5.580,20055000,43005000,117,1,1,9,9,0,1,0,0,0,0,0,0,0
1,10001565,45,24860,045,003707,46.71,63098,82045,0.7691,84700,13805000,2,1,1,1,66.70,1,229,5,3.240,13805000,20705000,226,1,1,9,9,100,1,0,0,0,0,1,0,0
1,10001566,32,29820,003,000203,70.05,54194,82358,0.6580,87800,16985000,2,1,1,1,55.30,1,60,3,6.450,16985000,30705000,57,1,1,9,9,0,1,0,0,0,0,1,0,0
1,10001567,48,19100,439,113117,76.81,44044,99957,0.4406,107300,16345000,1,1,1,1,65.00,1,60,5,6.160,16345000,25145000,57,1,1,9,9,0,1,0,0,0,0,1,0,0
1,10001568,18,26900,097,340202,60.10,58011,93688,0.6192,101200,27265000,7,1,1,1,68.00,1,84,5,5.700,27265000,40105000,81,1,1,9,9,0,1,0,0,0,0,1,0,0
1,10001569,06,12540,029,001600,76.77,39663,71065,0.5581,78600,8485000,7,1,1,1,57.90,1,60,2,5.955,8485000,14655000,57,1,1,9,9,0,1,0,0,0,0,1,0,0
1,10001570,17,16980,031,440201,99.43,56136,106055,0.5293,109800,1505000,7,1,1,1,63.60,1,84,1,6.050,4205000,2365000,81,1,1,9,9,0,1,0,0,0,0,1,0,0
1,10001571,48,19100,121,021419,39.77,107661,99957,1.0771,107300,25075000,1,1,1,1,69.70,1,120,5,5.770,25075000,35955000,117,1,1,9,9,100,1,0,0,0,0,0,0,0
1,10001572,47,34980,037,019501,23.42,0,96905,0.0000,104700,29765000,1,1,1,1,46.00,1,60,5,5.240,103345000,65005000,57,1,1,9,9,0,1,0,0,0,0,0,0,0
1,10001573,36,35620,081,122703,72.37,76629,113844,0.6731,119300,56275000,7,3,1,1,30.60,1,120,5,5.400,56275000,201005000,117,1,1,9,9,0,1,0,0,0,0,0,0,0
1,10001574,42,37980,017,100207,37.75,101221,108977,0.9288,114700,8005000,9,1,1,2,68.90,2,139,5,7.320,8005000,76005000,136,1,9,9,9,100,1,0,0,0,0,1,0,0
1,10001575,48,19100,121,021738,63.16,105383,99957,1.0543,107300,6005000,9,1,1,2,63.10,1,60,5,7.840,6005000,59605000,57,1,9,9,9,0,1,0,0,0,0,0,0,0
1,10001576,39,99999,043,040700,39.26,74801,82540,0.9062,94400,8885000,7,1,1,1,75.00,1,180,5,5.370,8885000,11855000,177,1,1,9,9,0,1,1,0,0,0,0,0,0
1,10001577,41,38900,067,031620,39.23,116875,110489,1.0578,116900,59215000,1,5,1,1,65.00,1,84,5,4.880,59215000,91105000,81,1,1,9,9,0,1,0,0,0,0,0,0,0
1,10001578,37,24660,081,011602,80.64,54750,76183,0.7187,80700,13585000,1,1,1,1,70.00,1,60,5,5.190,13585000,19405000,57,1,1,9,9,95,1,0,0,0,0,0,0,0
1,10001579,39,17140,061,021801,68.57,77284,97826,0.7900,103700,11735000,7,1,1,1,65.00,1,60,3,5.240,11735000,18055000,57,1,1,9,9,0,1,0,0,0,0,1,0,0
1,10001580,32,39900,031,001014,25.55,119727,98707,1.2130,101200,22305000,1,1,1,1,64.50,1,84,4,5.460,64025000,34605000,81,1,1,9,9,0,1,0,0,0,0,0,1,0
1,10001581,24,12580,005,402404,97.50,49463,118479,0.4175,122200,103965000,7,1,1,1,69.80,1,84,5,4.600,103965000,148905000,81,1,1,9,9,0,1,0,0,0,0,0,0,0
1,10001582,41,38900,051,005702,32.24,139500,110489,1.2626,116900,15315000,2,1,1,1,83.90,1,217,5,3.285,15315000,18255000,184,1,1,9,9,100,1,0,0,0,0,0,0,0
1,10001583,36,35620,061,000800,88.66,29357,113844,0.2579,119300,90005000,1,3,1,1,52.90,1,84,5,5.780,90005000,170005000,81,1,1,9,9,100,1,0,0,0,0,1,0,0
1,10001584,12,37860,033,003307,47.16,64145,82863,0.7741,92200,4455000,2,1,1,1,62.30,1,120,2,5.315,4455000,7375000,117,1,1,9,9,0,1,0,0,0,0,0,0,0
1,10001585,18,21780,163,001700,35.31,41651,82873,0.5026,81400,3885000,1,1,1,1,75.00,1,120,2,6.120,14355000,5175000,117,1,1,9,9,0,1,0,0,0,0,1,0,0
1,10001586,53,42660,033,029803,61.28,80691,127870,0.6310,136600,23165000,7,1,1,1,33.00,1,84,5,4.810,23165000,70245000,81,1,1,9,9,0,1,0,0,0,0,0,0,0
1,10001587,53,38900,011,041317,35.56,78139,110489,0.7072,116900,32695000,1,1,1,1,64.80,1,60,5,5.430,32695000,50445000,57,1,1,9,9,0,1,0,0,0,0,0,0,0
1,10001588,21,31140,111,008100,17.35,75658,88819,0.8518,95900,36025000,1,1,1,1,64.90,1,60,5,6.070,36025000,55465000,57,1,1,9,9,0,1,0,0,0,0,1,0,0
1,10001589,12,33100,011,041000,99.31,57269,80554,0.7109,87600,16515000,7,5,1,1,65.00,1,60,3,5.280,16515000,25405000,57,1,1,9,9,100,1,0,0,0,0,1,0,0
1,10001590,44,39300,003,020800,10.72,121719,103773,1.1729,113200,73505000,2,1,1,1,60.40,1,60,5,5.640,120005000,117005000,57,1,1,9,9,0,1,1,0,0,0,0,1,0
1,10001591,37,16740,119,005852,38.22,114643,93744,1.2229,100300,50115000,1,1,1,1,61.50,2,60,5,6.060,50115000,81555000,57,1,1,9,9,0,1,0,0,0,0,0,0,0
1,10001592,40,99999,021,977802,59.98,83981,66879,1.2557,70200,7045000,1,3,1,2,65.00,1,91,5,7.210,7045000,25305000,88,1,1,9,9,0,1,1,0,0,1,1,0,0
1,10001593,47,16860,065,011600,35.29,61847,82235,0.7521,92100,6005000,7,3,1,1,46.90,1,120,4,5.900,6005000,12805000,117,1,1,9,9,0,1,0,0,0,0,0,0,0
1,10001594,48,15180,061,014501,93.60,65297,54380,1.2008,60400,7985000,1,5,1,1,80.00,1,120,5,5.150,7985000,9975000,117,1,1,9,9,100,1,0,0,0,0,0,0,0
1,10001595,12,37460,005,002710,28.74,70265,77037,0.9121,85900,43685000,7,1,1,1,65.00,1,60,5,5.190,43685000,67205000,57,1,1,9,9,0,1,0,0,0,0,0,1,0
1,10001596,08,19740,031,001706,31.85,104259,119980,0.8690,130400,26345000,2,1,1,1,59.90,1,84,5,5.150,26345000,44005000,81,1,1,9,9,0,1,0,0,0,0,0,0,0
1,10001597,01,33660,097,003602,87.79,52176,70809,0.7369,78800,4105000,2,1,1,1,61.20,1,60,4,5.560,11635000,6705000,57,1,1,9,9,0,1,0,0,0,0,1,0,0
1,10001598,13,12060,135,050542,88.73,39391,98569,0.3996,106100,27495000,7,1,1,1,72.60,1,120,5,5.460,27495000,37905000,117,1,1,9,9,0,1,0,0,0,0,1,0,0
1,10001599,26,22420,049,010117,14.10,59597,75461,0.7898,78300,3565000,7,1,1,1,59.40,1,120,4,6.140,3565000,6005000,117,1,9,9,9,0,1,0,0,0,0,0,0,0
1,10001600,17,16980,031,242200,28.69,208854,106055,1.9693,109800,11375000,2,1,1,1,65.00,1,84,2,5.915,11375000,17505000,81,1,1,9,9,0,1,0,0,0,0,0,0,0
1,10001601,36,10580,091,062410,31.37,99083,109385,0.9058,117800,1685000,9,1,1,2,63.30,1,123,4,7.610,1685000,15905000,120,1,1,9,9,0,1,0,0,0,0,0,0,0
1,10001602,37,24660,081,010800,39.21,128261,76183,1.6836,80700,48005000,2,1,1,1,63.50,1,120,5,5.840,48005000,75605000,117,1,1,9,9,0,1,0,0,0,0,1,0,0
1,10001603,48,19100,121,021612,53.45,128571,99957,1.2863,107300,14405000,7,1,1,1,49.90,1,120,5,5.550,14405000,28905000,117,1,1,9,9,0,1,0,0,0,0,0,0,0
1,10001604,48,19100,113,019208,86.18,56671,99957,0.5670,107300,8115000,1,1,1,1,74.80,1,84,3,5.790,8115000,10855000,81,1,1,9,9,0,1,0,0,0,0,1,0,0
1,10001605,17,16980,031,833100,37.10,201634,106055,1.9012,109800,12355000,1,1,1,1,65.00,2,60,3,5.530,12355000,19005000,57,1,1,9,9,0,1,0,0,0,0,0,0,0
1,10001606,53,42660,033,005401,28.76,176111,127870,1.3773,136600,71715000,7,1,1,1,65.00,1,60,5,5.375,71715000,110335000,57,1,1,9,9,26,1,0,0,0,0,0,1,0
1,10001607,48,19100,113,013728,83.71,67199,99957,0.6723,107300,21545000,1,1,1,1,74.80,1,84,5,5.190,21545000,28805000,81,1,1,9,9,0,1,0,0,0,0,1,0,0
1,10001608,27,41060,009,021201,38.53,49554,90966,0.5448,97800,10805000,1,1,1,1,78.70,1,180,5,5.320,10805000,13715000,177,1,1,9,9,0,1,0,0,0,0,1,0,0
1,10001609,06,41860,081,601502,90.60,98083,154003,0.6369,166600,21455000,7,1,1,1,61.50,1,60,3,5.220,21455000,34905000,57,1,1,9,9,0,1,0,0,0,0,1,0,0
1,10001610,25,14460,021,410300,16.48,114840,134646,0.8529,142000,41875000,2,3,1,1,47.20,1,60,5,5.515,41875000,88705000,57,1,1,9,9,25,1,0,0,0,0,0,1,0
1,10001611,32,39900,031,001014,25.55,119727,98707,1.2130,101200,41715000,1,1,1,1,64.50,1,84,5,5.460,64025000,64705000,81,1,1,9,9,0,1,0,0,0,0,0,1,0
1,10001612,13,12060,113,140406,59.99,72661,98569,0.7372,106100,28485000,1,1,1,1,70.00,2,120,5,5.800,28485000,40695000,117,1,1,9,9,0,1,0,0,0,0,0,0,0
1,10001613,47,28700,073,050601,10.13,90250,70079,1.2878,70300,11975000,1,1,1,1,64.90,1,60,3,5.630,11975000,18455000,57,1,1,9,9,0,1,0,0,0,0,0,0,0
1,10001614,01,26620,083,020900,27.23,96951,99604,0.9734,113600,5255000,7,1,1,1,41.70,2,60,4,6.210,5255000,12575000,57,1,1,9,9,0,1,1,0,0,0,0,0,0
1,10001615,48,12420,453,002320,79.77,77143,115204,0.6696,126000,27955000,1,1,1,1,73.60,2,84,5,5.260,27955000,38005000,81,1,1,9,9,100,1,0,0,0,0,1,0,0
1,10001616,10,37980,003,014100,50.35,61031,108977,0.5600,114700,25445000,2,1,1,1,62.30,1,84,5,5.210,233465000,41405000,81,1,1,9,9,100,1,0,0,0,0,0,0,0
1,10001617,40,36420,109,106611,56.14,39127,84302,0.4641,89100,9595000,7,1,1,1,68.50,1,60,4,5.650,9595000,14005000,57,1,1,9,9,0,1,0,0,0,0,0,0,0
1,10001618,13,12060,045,911101,33.30,97277,98569,0.9869,106100,3125000,1,1,1,2,69.90,1,94,4,7.860,3125000,10795000,91,1,9,9,9,0,1,1,0,0,0,0,0,0
1,10001619,48,19100,439,101403,86.96,41996,99957,0.4201,107300,23795000,7,1,1,1,65.00,1,60,5,5.560,23795000,36605000,57,1,1,9,9,0,1,0,0,0,0,1,0,0
1,10001620,22,12940,033,002400,80.78,55341,87118,0.6352,86800,18495000,2,1,1,1,57.30,1,60,4,6.490,85835000,32305000,57,1,1,9,9,0,1,0,0,0,0,1,0,0
1,10001621,36,35620,059,520402,27.58,185450,113844,1.6290,119300,6865000,7,1,1,1,70.00,1,180,2,5.600,6865000,9805000,177,1,1,9,9,0,1,0,0,0,0,0,1,0
1,10001622,09,25540,110,500500,81.87,50179,115967,0.4327,122400,2995000,1,1,1,1,76.40,2,60,2,6.110,2995000,4005000,57,1,9,9,9,0,1,0,0,0,0,1,0,0
1,10001623,53,38900,011,041312,40.52,79605,110489,0.7205,116900,8765000,2,1,1,1,61.50,1,120,2,5.695,8765000,14255000,117,1,1,9,9,0,1,0,0,0,0,1,0,0
1,10001624,17,16980,031,251400,94.83,71087,106055,0.6703,109800,845000,7,1,1,1,48.30,1,120,1,6.520,845000,1755000,117,1,9,9,9,0,1,0,0,0,0,1,0,0
1,10001625,04,22380,005,000400,44.86,115254,86862,1.3269,85900,4275000,2,1,1,1,60.20,1,120,3,5.660,4275000,7105000,117,1,1,9,9,0,1,0,0,0,0,0,0,0
1,10001626,12,27260,031,017102,28.64,129048,88994,1.4501,98000,20855000,2,1,1,1,56.70,1,60,4,5.620,20855000,36805000,57,1,1,9,9,0,1,0,0,0,0,1,0,0
1,10001627,48,19100,139,060601,39.84,93502,99957,0.9354,107300,12005000,1,1,1,1,73.20,1,84,4,5.840,12005000,16405000,81,1,1,9,9,0,1,0,0,0,0,0,0,0
1,10001628,39,18140,049,009361,54.10,104418,97262,1.0736,103300,845000,2,1,1,1,49.70,1,120,3,5.840,845000,1705000,117,1,9,9,9,96,1,0,0,0,0,0,0,0
1,10001629,16,46300,083,000200,19.75,90512,73137,1.2376,81900,7655000,7,1,1,1,67.20,1,120,3,5.490,7655000,11385000,117,1,1,9,9,0,1,1,0,0,0,0,1,0
1,10001630,48,19100,439,105405,34.76,153158,99957,1.5322,107300,65435000,1,3,1,1,57.90,1,120,5,5.060,65435000,113005000,117,1,1,9,9,0,1,0,0,0,0,0,0,0
1,10001631,18,23060,003,010821,34.42,78889,83564,0.9441,88000,21915000,7,1,1,1,69.90,1,120,5,5.440,21915000,31355000,117,1,9,9,9,20,1,0,0,0,0,0,0,0
1,10001632,42,37980,101,019000,89.61,49912,108977,0.4580,114700,5985000,7,1,1,1,64.70,1,60,3,6.090,5985000,9255000,57,1,1,9,9,0,1,0,0,0,0,1,0,0
1,10001633,36,15380,063,023902,12.57,86495,90767,0.9529,96900,6825000,1,3,1,1,56.90,1,120,3,5.620,6825000,12005000,117,1,9,9,9,100,1,0,0,0,0,0,0,0
1,10001634,51,47900,630,000201,48.04,103802,144539,0.7182,152900,16505000,7,1,1,1,44.60,1,84,4,5.070,16505000,37005000,78,1,1,9,9,0,1,0,0,0,0,1,0,0
1,10001635,48,26420,201,431803,52.45,123548,92750,1.3321,95200,11715000,9,1,1,2,62.30,1,77,5,7.285,11715000,126805000,74,1,9,9,9,0,1,0,0,0,0,0,1,0
1,10001636,35,10740,001,004747,64.21,79485,79295,1.0024,86400,20395000,7,1,1,1,73.90,1,120,5,5.780,20395000,27605000,117,1,1,9,9,75,1,0,0,0,0,0,0,0
1,10001637,13,12260,245,010300,85.76,40119,78239,0.5128,87100,11255000,1,1,1,1,74.20,1,84,4,5.830,11255000,15175000,81,1,1,9,9,0,1,0,0,0,0,1,0,0
1,10001638,53,48300,007,961303,31.14,103945,86553,1.2009,100300,24165000,7,1,1,1,70.00,1,120,4,5.490,24165000,34525000,117,1,1,9,9,0,1,0,0,0,0,0,0,0
1,10001639,29,17860,019,001300,39.49,65833,92535,0.7114,97000,1605000,9,1,1,2,47.40,1,140,5,7.690,1605000,27505000,137,1,9,9,9,0,1,0,0,0,0,0,0,0
1,10001640,24,12580,510,110200,51.43,123433,118479,1.0418,122200,2455000,7,1,1,1,70.00,1,60,1,6.840,2455000,3505000,57,1,9,9,9,0,1,0,0,0,0,1,0,0
1,10001641,13,12060,135,050541,88.43,59692,98569,0.6056,106100,35555000,2,1,1,1,66.00,1,84,5,5.910,35555000,53855000,81,1,1,9,9,0,1,0,0,0,0,1,0,0
1,10001642,53,42660,053,071704,73.07,56313,127870,0.4404,136600,8245000,9,5,1,2,69.90,1,62,5,7.810,8245000,77405000,59,1,9,9,9,0,1,0,0,0,0,1,0,0
1,10001643,24,12580,510,120100,43.98,234583,118479,1.9800,122200,32045000,7,1,1,1,58.50,1,84,5,5.660,32045000,54805000,81,1,1,9,9,0,1,0,0,0,0,0,0,0
1,10001644,42,39740,011,012800,43.37,74942,92726,0.8082,93700,5635000,7,1,1,1,66.20,1,120,2,5.940,5635000,8505000,117,1,1,9,9,0,1,0,0,0,0,0,0,0
1,10001645,48,48660,485,012402,30.35,80044,78550,1.0190,81400,1135000,2,1,1,1,47.70,1,120,2,6.390,1135000,2385000,117,1,1,9,9,0,1,0,0,0,0,0,0,0
1,10001646,13,12060,135,050522,68.85,64643,98569,0.6558,106100,13335000,1,1,1,1,71.70,1,216,5,5.130,13335000,18585000,213,1,9,9,9,100,1,0,0,0,0,1,0,0
1,10001647,27,33460,053,104100,65.24,40156,119274,0.3367,123700,12745000,2,1,1,1,60.10,1,84,4,5.660,12745000,21205000,81,1,1,9,9,88,1,0,0,0,0,1,0,0
1,10001648,34,35620,031,143401,39.34,133082,113844,1.1690,119300,32975000,2,1,1,1,61.90,1,60,4,5.820,32975000,53305000,57,1,1,9,9,0,1,0,0,0,0,0,0,0
1,10001649,04,38060,013,104000,54.80,59548,93191,0.6390,101300,19245000,1,1,1,1,68.10,1,60,5,5.840,19245000,28255000,57,1,1,9,9,0,1,0,0,0,0,0,0,0
1,10001650,09,25540,110,514104,62.39,88828,115967,0.7660,122400,3235000,7,1,1,1,65.00,2,84,1,5.355,59805000,4975000,81,1,1,9,9,0,1,0,0,0,0,0,0,0
1,10001651,45,17900,079,011407,53.13,121886,81690,1.4921,86300,2025000,9,3,1,2,63.30,1,98,5,8.070,2025000,24755000,95,1,9,9,9,0,1,0,0,0,0,0,1,0
1,10001652,09,25540,130,541700,45.80,42121,115967,0.3632,122400,905000,7,1,1,1,64.50,1,60,1,5.550,4935000,1405000,57,1,1,9,9,0,1,0,0,0,0,1,0,0
1,10001653,47,34980,037,011400,45.09,103787,96905,1.0710,104700,19815000,7,1,1,1,56.00,2,60,5,5.570,19815000,35405000,57,1,1,9,9,0,1,0,0,0,0,0,0,0
1,10001654,19,47940,013,000400,19.43,59323,87266,0.6798,90000,2205000,9,1,1,2,68.80,1,132,4,7.850,2205000,25005000,129,1,9,9,9,35,1,0,0,0,0,0,0,0
1,10001655,48,45500,037,010800,69.84,50966,68983,0.7388,67800,11065000,1,1,1,1,80.00,1,120,5,5.940,11065000,13835000,117,1,1,9,9,0,1,0,0,0,0,1,0,0
1,10001656,34,35620,013,016800,45.18,159435,113844,1.4005,119300,5165000,7,1,1,1,50.10,1,120,2,7.040,5165000,10305000,117,1,1,9,9,0,1,0,0,0,0,0,0,0
1,10001657,08,19740,059,011733,29.80,100417,119980,0.8370,130400,88405000,9,1,1,1,60.20,1,60,5,5.215,88405000,146765000,57,1,1,9,9,0,1,0,0,0,0,0,0,0
1,10001658,13,17980,215,000800,47.24,0,68897,0.0000,68500,755000,1,1,1,1,75.00,2,84,1,6.040,8865000,1015000,81,1,1,9,9,0,1,0,0,0,0,1,0,0
1,10001659,39,17410,085,205701,12.50,76111,90488,0.8411,97200,1205000,7,1,1,1,26.80,1,120,3,5.710,1205000,4485000,117,1,9,9,9,0,1,0,0,0,0,0,1,0
1,10001660,29,41180,189,215005,40.99,125809,97901,1.2851,103200,16505000,1,1,1,1,72.90,1,180,5,5.550,16505000,22635000,177,1,1,9,9,0,1,0,0,0,0,0,0,0
1,10001661,48,15180,061,011801,89.29,59479,54380,1.0938,60400,7175000,1,5,1,1,80.00,1,120,5,5.150,7175000,8975000,117,1,1,9,9,75,1,0,0,0,0,1,0,0
1,10001662,04,46060,019,001303,70.12,52535,82620,0.6359,90200,15265000,7,1,1,1,54.10,1,120,5,4.640,15265000,28205000,117,1,1,9,9,0,1,0,0,0,0,1,0,0
1,10001663,06,41860,081,608001,69.07,218889,154003,1.4213,166600,59735000,7,1,1,1,58.00,1,84,5,5.475,59735000,103005000,81,1,1,9,9,0,1,0,0,0,0,0,1,0
1,10001664,06,40140,071,007105,71.37,109479,90585,1.2086,97500,16995000,2,1,1,1,65.00,1,60,4,5.690,16995000,26155000,57,1,1,9,9,0,1,0,0,0,0,0,1,0
1,10001665,06,12540,029,002813,78.25,56992,71065,0.8020,78600,2505000,7,1,1,1,26.90,1,120,3,5.560,2505000,9305000,117,1,1,9,9,0,1,0,0,0,0,0,0,0
1,10001666,05,30780,119,004215,31.33,150227,81609,1.8408,86400,8085000,1,1,1,1,65.00,1,60,4,5.570,20605000,12445000,57,1,1,9,9,0,1,0,0,0,0,0,0,0
1,10001667,34,35620,031,181500,97.72,44432,113844,0.3903,119300,4235000,2,1,1,1,67.30,1,120,1,5.310,13655000,6285000,117,1,1,9,9,0,1,0,0,0,0,1,0,0
1,10001668,40,36420,109,107226,69.70,51523,84302,0.6112,89100,12935000,7,1,1,1,65.00,2,120,5,5.595,12935000,19905000,117,1,1,9,9,0,1,0,0,0,0,1,0,0
1,10001669,37,16740,097,061603,34.46,81864,93744,0.8733,100300,3395000,1,1,1,1,61.70,1,360,3,6.510,3395000,7295000,357,1,9,9,9,100,1,0,0,0,0,0,0,0
1,10001670,53,44060,063,011102,28.16,75265,88647,0.8490,98100,13155000,7,1,1,1,63.10,1,120,5,5.340,13155000,20855000,117,1,1,9,9,0,1,0,0,0,0,1,0,0
1,10001671,28,25060,047,001506,52.75,31050,72242,0.4298,76800,4875000,7,3,1,1,75.00,1,120,3,6.770,4875000,6505000,117,1,1,9,9,0,1,0,0,0,0,0,0,0
1,10001672,12,34940,021,011110,34.75,78309,98919,0.7917,104300,19045000,7,1,1,1,49.60,1,60,5,5.620,19045000,38405000,57,1,1,9,9,0,1,0,0,0,0,0,0,0
1,10001673,08,19740,005,006604,31.39,92132,119980,0.7679,130400,11505000,7,1,1,1,37.10,1,120,5,4.900,11505000,31005000,117,1,1,9,9,0,1,0,0,0,0,0,0,0
1,10001674,01,33660,097,006411,42.06,70750,70809,0.9992,78800,7535000,2,1,1,1,61.20,1,60,4,5.560,11635000,12305000,57,1,1,9,9,0,1,0,0,0,0,0,1,0
1,10001675,12,27260,019,030903,27.22,66282,88994,0.7448,98000,7195000,7,1,1,1,54.10,1,60,3,5.410,7195000,13305000,57,1,1,9,9,0,1,0,0,0,0,0,0,0
1,10001676,13,17980,215,010205,41.96,88594,68897,1.2859,68500,37145000,7,1,1,1,63.70,2,120,5,6.000,37145000,58305000,117,1,1,9,9,0,1,0,0,0,0,0,1,0
1,10001677,08,22660,069,001606,21.52,99712,112985,0.8825,118800,45905000,1,5,1,1,60.00,1,60,5,4.685,45905000,76505000,57,1,1,9,9,0,1,0,0,0,0,0,0,0
1,10001678,48,19100,439,113003,68.78,111591,99957,1.1164,107300,22775000,7,1,1,1,53.60,1,60,5,5.230,22775000,42505000,57,1,1,9,9,0,1,0,0,0,0,0,0,0
1,10001679,48,19100,113,009604,51.05,180308,99957,1.8039,107300,11455000,7,5,1,1,58.40,1,120,5,5.475,11455000,19605000,117,1,1,9,9,0,1,0,0,0,0,0,0,0
1,10001680,48,19100,439,122801,83.52,37083,99957,0.3710,107300,5365000,1,1,1,1,65.00,1,84,3,5.540,5365000,8255000,81,1,1,9,9,0,1,0,0,0,0,1,0,0
1,10001681,47,27740,179,061500,8.79,71897,71377,1.0073,80100,11505000,1,1,1,1,65.00,1,60,3,5.630,11505000,17695000,57,1,1,9,9,0,1,0,0,0,0,0,0,0
1,10001682,36,35620,119,010500,32.97,168111,113844,1.4767,119300,1085000,7,1,1,1,49.50,2,60,1,6.810,1085000,2205000,57,1,1,9,9,0,1,0,0,0,0,0,1,0
1,10001683,51,47900,107,610506,59.30,132286,144539,0.9152,152900,87925000,1,5,1,1,52.90,1,120,5,5.540,87925000,109915000,117,1,1,9,9,0,1,0,0,0,0,0,0,0
1,10001684,39,17140,061,010201,46.21,55417,97826,0.5665,103700,1055000,7,1,1,1,75.00,1,120,1,6.170,5165000,1405000,117,1,1,9,9,0,1,0,0,0,0,1,0,0
1,10001685,04,38060,013,110802,44.71,82173,93191,0.8818,101300,4305000,7,1,1,1,58.90,1,60,2,5.520,4305000,7305000,57,1,1,9,9,0,1,0,0,0,0,0,0,0
1,10001686,41,38900,005,022107,36.44,60655,110489,0.5490,116900,23085000,7,1,1,1,28.90,1,84,5,4.810,23085000,80015000,81,1,1,9,9,0,1,0,0,0,0,0,0,0
1,10001687,39,17140,061,005200,14.12,175208,97826,1.7910,103700,1045000,7,1,1,1,58.10,1,84,1,6.110,3445000,1795000,81,1,1,9,9,0,1,0,0,0,0,0,0,0
1,10001688,21,30460,067,002600,26.77,75362,89904,0.8383,95200,4115000,1,1,1,1,73.60,2,120,3,5.930,9005000,5595000,117,1,1,9,9,0,1,0,0,0,0,0,0,0
1,10001689,51,47260,700,032124,75.46,94857,95214,0.9963,100000,22105000,1,1,1,1,64.60,1,60,5,5.410,22105000,34205000,57,1,1,9,9,0,1,0,0,0,0,0,0,0
1,10001690,22,35380,051,027803,85.76,40673,81500,0.4991,87100,49435000,1,1,1,1,75.00,1,84,5,5.940,49435000,65915000,81,1,1,9,9,0,1,0,0,0,0,1,1,0
1,10001691,41,38900,051,003402,38.79,135691,110489,1.2281,116900,7445000,2,1,1,1,61.50,1,120,3,5.590,7445000,12105000,117,1,1,9,9,0,1,0,0,0,0,0,0,0
1,10001692,08,22660,069,000100,18.03,121250,112985,1.0732,118800,15335000,2,1,1,1,53.40,1,120,3,5.670,15335000,28705000,117,1,9,9,9,0,1,0,0,0,0,1,0,0
1,10001693,18,21780,163,001700,35.31,41651,82873,0.5026,81400,1765000,1,1,1,1,75.00,1,120,1,6.120,14355000,2355000,117,1,1,9,9,0,1,0,0,0,0,1,0,0
1,10001694,36,35620,061,020800,80.95,123833,113844,1.0877,119300,22005000,1,1,1,1,68.50,1,120,4,5.430,22005000,32105000,117,1,1,9,9,99,1,0,0,0,0,0,0,0
1,10001695,36,35620,061,019900,48.25,148203,113844,1.3018,119300,1105000,7,3,1,1,6.60,2,180,2,6.740,1105000,19605000,177,9,9,9,9,0,1,0,0,0,0,0,0,0
1,10001696,18,21780,163,001700,35.31,41651,82873,0.5026,81400,1645000,1,1,1,1,75.00,1,120,1,6.120,14355000,2195000,117,1,1,9,9,0,1,0,0,0,0,1,0,0
1,10001697,26,19820,099,225701,32.04,81058,93779,0.8644,97300,9755000,7,1,1,1,48.00,1,120,5,5.630,9755000,20305000,117,1,1,9,9,0,1,0,0,0,0,0,0,0
1,10001698,37,16740,097,060100,43.20,76831,93744,0.8196,100300,23135000,7,1,1,1,57.60,1,60,5,5.610,23135000,40205000,57,1,1,9,9,0,1,0,0,0,0,0,0,0
1,10001699,39,10420,133,601703,19.46,77385,90421,0.8558,95800,1475000,9,1,1,2,64.90,1,66,3,7.190,1475000,16255000,63,1,9,9,9,0,1,0,0,0,0,0,0,0
1,10001700,08,19740,031,006813,52.51,73021,119980,0.6086,130400,4335000,9,5,1,2,64.50,1,118,5,7.280,4335000,77005000,115,1,1,9,9,0,1,0,0,0,0,0,0,0
1,10001701,39,18140,049,002100,17.26,158929,97262,1.6340,103300,8925000,1,3,1,1,64.90,1,84,3,6.205,8925000,13755000,81,1,1,9,9,0,1,0,0,0,0,0,1,0
1,10001702,06,40900,067,007413,59.94,52691,106925,0.4928,113700,13585000,7,3,1,1,58.80,1,120,4,5.050,13585000,23105000,117,1,1,9,9,0,1,0,0,0,0,1,0,0
1,10001703,13,31420,021,013605,54.86,105567,71239,1.4819,76000,15915000,1,1,1,1,65.00,2,60,5,6.370,15915000,24495000,57,1,1,9,9,0,1,0,0,0,0,0,0,0
1,10001704,48,33260,329,010125,44.25,119531,107796,1.1089,91500,33715000,7,1,1,1,55.00,1,84,5,5.420,33715000,61305000,81,1,1,9,9,0,1,0,0,0,0,0,0,0
1,10001705,19,19780,153,000101,40.04,48715,102398,0.4757,111800,6005000,1,1,1,1,80.00,1,84,3,5.220,9765000,7505000,81,1,1,9,9,100,1,0,0,0,0,1,0,0
1,10001706,08,19740,031,006813,52.51,73021,119980,0.6086,130400,14105000,9,5,1,2,65.00,1,68,5,6.840,14105000,109005000,65,1,1,9,9,0,1,0,0,0,0,0,0,0
1,10001707,48,15180,061,014501,93.60,65297,54380,1.2008,60400,14385000,7,1,1,1,63.10,1,120,5,5.740,14385000,22805000,117,1,1,9,9,0,1,0,0,0,0,0,0,0
1,10001708,39,17140,061,000200,92.22,19955,97826,0.2040,103700,4165000,7,3,1,1,19.30,1,120,5,6.620,4165000,21505000,117,1,9,9,9,0,1,0,0,0,0,1,0,0
1,10001709,48,30980,183,000602,32.07,78000,75665,1.0309,79100,7865000,7,1,1,1,61.00,1,120,5,5.990,7865000,12905000,117,1,1,9,9,0,1,0,0,0,0,0,0,0
1,10001710,04,46060,019,004645,39.94,97794,82620,1.1837,90200,37725000,7,3,1,1,63.20,2,60,5,5.435,37725000,59675000,57,1,1,9,9,0,1,1,0,0,0,0,1,1
1,10001711,20,45820,177,001100,74.82,35625,85437,0.4170,87300,5595000,2,1,1,1,60.50,1,84,4,5.900,5595000,9255000,81,1,1,9,9,0,1,0,0,0,0,1,0,0
1,10001712,41,38900,051,010408,38.47,61325,110489,0.5550,116900,36625000,1,1,1,1,63.70,1,60,5,4.790,36625000,57505000,57,1,1,9,9,0,1,0,0,0,0,0,0,0
1,10001713,37,25860,023,020902,12.92,78512,70831,1.1084,78100,2035000,1,1,1,1,71.60,1,360,2,6.510,2035000,4045000,357,1,9,9,9,100,1,0,0,0,0,0,0,0
1,10001714,48,19100,113,014138,76.72,128300,99957,1.2836,107300,30755000,2,1,1,1,43.00,1,120,5,5.290,30755000,71505000,117,1,1,9,9,0,1,0,0,0,0,0,1,0
1,10001715,48,26420,201,554807,59.29,108019,92750,1.1646,95200,19925000,1,1,1,1,66.40,1,60,5,6.280,19925000,30005000,57,1,1,9,9,0,1,0,0,0,0,0,0,0
1,10001716,37,99999,149,920104,13.26,86200,77388,1.1139,82200,2695000,1,1,1,1,79.40,1,120,2,6.750,2695000,3395000,117,1,1,9,9,50,1,1,0,1,0,0,1,0
1,10001717,36,28880,071,012800,43.32,106134,113377,0.9361,114800,12225000,1,1,1,1,65.00,1,60,3,5.680,12225000,18805000,57,1,1,9,9,0,1,0,0,0,0,0,0,0
1,10001718,06,12540,029,002816,78.67,66027,71065,0.9291,78600,4005000,7,1,1,1,32.40,1,120,3,5.450,4005000,12365000,117,1,1,9,9,0,1,0,0,0,0,0,0,0
1,10001719,08,19740,005,007704,74.67,67834,119980,0.5654,130400,15435000,1,5,1,1,65.00,1,60,3,5.330,15435000,23755000,57,1,1,9,9,0,1,0,0,0,0,1,0,0
1,10001720,16,26820,019,970505,18.64,86782,85494,1.0151,87200,6245000,7,3,1,1,65.00,1,120,3,5.120,6245000,9615000,117,1,1,9,9,0,1,0,0,0,0,0,1,0
1,10001721,36,15380,029,011800,7.35,88460,90767,0.9746,96900,8835000,7,1,1,1,60.70,1,120,2,6.070,8835000,14555000,117,1,1,9,9,0,1,0,0,0,0,0,1,0
1,10001722,36,40380,055,012301,19.52,153456,93554,1.6403,96500,4645000,1,1,1,1,64.60,1,120,2,5.930,4645000,7195000,117,1,1,9,9,0,1,0,0,0,0,0,1,0
1,10001723,25,14460,021,400202,47.92,250001,134646,1.8567,142000,13575000,7,1,1,1,47.30,1,120,3,5.840,13575000,28705000,117,1,1,9,9,0,1,0,0,0,0,1,0,0
1,10001724,41,41420,047,001801,52.45,47276,85870,0.5506,91300,2525000,9,5,1,2,56.80,1,115,4,7.195,2525000,16005000,112,1,1,9,9,0,1,0,0,0,0,0,0,0
1,10001725,41,38900,051,002101,32.89,148141,110489,1.3408,116900,20645000,1,5,1,1,60.70,1,84,5,5.350,20645000,34005000,81,1,1,9,9,4,1,0,0,0,0,0,0,0
1,10001726,41,38900,005,022901,21.08,118438,110489,1.0719,116900,6965000,1,1,1,1,63.90,1,120,3,5.730,6965000,10905000,117,1,1,9,9,19,1,0,0,0,0,0,1,0
1,10001727,08,19740,031,004404,69.56,63676,119980,0.5307,130400,1225000,1,1,1,1,61.30,2,60,1,6.400,1225000,2005000,57,1,1,9,9,0,1,0,0,0,0,1,0,0
1,10001728,37,39580,183,054404,54.79,76470,113293,0.6750,122300,4955000,1,1,1,1,71.40,1,360,3,6.510,4955000,11605000,357,1,9,9,9,100,1,0,0,0,0,0,0,0
1,10001729,39,18140,049,009397,69.84,66250,97262,0.6812,103300,4875000,7,1,1,1,47.60,1,120,4,5.130,4875000,10255000,117,1,1,9,9,0,1,0,0,0,0,0,0,0
1,10001730,51,47900,013,102804,72.26,84663,144539,0.5858,152900,35685000,1,1,1,1,70.00,1,60,5,5.290,35685000,51005000,57,1,9,9,9,0,1,0,0,0,0,0,0,0
1,10001731,36,35620,103,123900,28.99,130565,113844,1.1469,119300,1785000,7,1,1,1,62.60,1,180,1,5.600,6285000,2855000,177,1,1,9,9,0,1,0,0,0,0,0,0,0
1,10001732,13,47580,153,020112,51.92,79932,89734,0.8908,90900,19885000,7,1,1,1,67.00,1,120,5,5.310,19885000,29705000,117,1,9,9,9,0,1,0,0,0,0,0,0,0
1,10001733,48,19100,113,018401,79.11,63750,99957,0.6378,107300,4005000,7,1,1,1,27.90,1,120,4,5.780,4005000,14355000,117,1,9,9,9,0,1,0,0,0,0,1,0,0
1,10001734,06,31080,037,232200,97.10,70921,101056,0.7018,105700,18215000,1,1,1,1,61.70,1,204,3,5.660,18215000,29505000,201,1,9,9,9,100,1,0,0,0,0,1,0,0
1,10001735,55,16980,059,002604,31.10,128963,106055,1.2160,109800,21355000,7,1,1,1,62.40,1,120,4,5.830,21355000,34205000,117,1,1,9,9,0,1,0,0,0,0,0,0,0
1,10001736,06,41740,073,011700,92.79,63351,111734,0.5670,119500,10405000,7,5,1,1,67.60,1,120,3,5.300,10405000,15405000,117,1,1,9,9,100,1,0,0,0,0,1,0,0
1,10001737,04,38060,013,216845,31.37,77632,93191,0.8330,101300,146635000,7,5,1,1,52.30,1,144,5,5.595,146635000,280205000,138,1,1,9,9,0,1,0,0,0,0,0,1,0
1,10001738,51,47900,177,020201,46.28,119973,144539,0.8300,152900,42685000,7,1,1,1,54.50,1,120,5,4.500,42685000,78305000,117,1,1,9,9,0,1,0,0,0,0,0,1,0
1,10001739,48,15180,061,012608,86.88,58952,54380,1.0841,60400,2695000,1,1,1,1,64.10,1,120,2,6.650,3525000,4205000,117,1,1,9,9,0,1,0,0,0,0,0,0,0
1,10001740,36,10580,093,033500,26.48,97679,109385,0.8930,117800,495000,7,1,1,1,70.40,1,120,1,5.700,6905000,705000,117,1,1,9,9,0,1,0,0,0,0,0,0,0
1,10001741,08,24540,123,002101,34.45,97736,102620,0.9524,114500,75005000,7,1,1,1,51.00,1,60,5,5.100,75005000,147205000,57,1,9,9,9,0,1,1,0,0,0,0,0,0
1,10001742,13,12060,089,021225,68.65,92305,98569,0.9365,106100,16655000,1,1,1,1,69.90,1,84,4,5.930,16655000,23805000,81,1,1,9,9,0,1,0,0,0,0,0,1,0
1,10001743,47,27740,179,061500,8.79,71897,71377,1.0073,80100,28465000,9,1,1,1,63.40,1,120,5,5.340,28465000,44905000,117,1,1,9,9,0,1,0,0,0,0,0,0,0
1,10001744,08,19740,059,010902,39.18,60000,119980,0.5001,130400,1555000,7,1,1,1,52.70,1,60,1,5.650,1555000,2955000,57,1,1,9,9,0,1,0,0,0,0,1,0,0
1,10001745,06,31080,059,076103,90.04,69057,101056,0.6834,105700,16535000,7,1,1,1,31.40,1,120,4,5.280,16535000,52705000,117,1,1,9,9,0,1,0,0,0,0,0,0,0
1,10001746,06,42200,083,002708,51.97,92000,105067,0.8756,119100,2395000,1,1,1,1,55.90,1,60,1,6.070,2395000,4285000,57,1,1,9,9,0,1,0,0,0,0,0,0,0
1,10001747,12,45300,057,011716,71.70,76569,84454,0.9066,92000,56655000,1,1,1,1,55.00,1,120,5,4.810,56655000,103005000,117,1,1,9,9,0,1,0,0,0,0,0,0,0
1,10001748,12,33100,086,002003,97.89,27778,80554,0.3448,87600,1575000,7,1,1,1,64.40,1,60,1,5.790,1575000,2455000,57,1,1,9,9,0,1,0,0,0,0,1,0,0
1,10001749,48,12420,453,001922,28.70,163393,115204,1.4183,126000,53005000,7,1,1,1,42.00,1,60,5,6.060,53005000,126205000,57,1,1,9,9,0,1,0,0,0,0,0,0,0
1,10001750,36,10580,091,060705,14.29,103906,109385,0.9499,117800,1695000,9,1,1,2,66.40,1,90,5,7.910,1695000,27405000,87,1,1,9,9,0,1,0,0,0,0,0,1,0
1,10001751,53,42660,033,007101,44.65,0,127870,0.0000,136600,35005000,1,1,1,1,50.40,1,84,5,5.010,35005000,75755000,81,1,1,9,9,0,1,0,0,0,0,0,0,0
1,10001752,17,16980,031,836100,98.94,26313,106055,0.2481,109800,1945000,1,1,1,1,64.60,1,84,1,5.740,10855000,3005000,81,1,1,9,9,0,1,0,0,0,0,1,0,0
1,10001753,37,11700,021,000100,22.33,118125,83126,1.4210,86300,595000,9,1,1,2,63.90,1,199,4,6.290,595000,15305000,196,1,9,9,9,100,1,0,0,0,0,1,0,0
1,10001754,47,34980,149,041800,46.41,58229,96905,0.6009,104700,15335000,1,1,1,1,74.20,1,186,3,5.100,15005000,20655000,180,1,9,9,9,99,1,0,0,0,0,1,0,0
1,10001755,48,99999,025,950502,85.30,40709,71129,0.5723,75000,15775000,7,1,1,1,50.90,1,60,5,5.430,15775000,31005000,57,1,1,9,9,0,1,1,0,0,1,1,0,0
1,10001756,11,47900,001,000400,26.11,250001,144539,1.7296,152900,88805000,1,1,1,1,64.80,1,60,5,5.710,88805000,137135000,57,1,1,9,9,0,1,0,0,0,0,0,1,0
1,10001757,36,99999,105,951802,72.19,46250,82555,0.5602,91900,2255000,9,1,1,2,74.90,1,74,3,8.610,2255000,10255000,71,1,9,9,9,0,1,1,0,0,0,1,0,0
1,10001758,42,37980,101,034100,25.13,71596,108977,0.6570,114700,4255000,7,1,1,1,65.00,1,60,2,5.550,14625000,6555000,57,1,1,9,9,0,1,0,0,0,0,0,0,0
1,10001759,48,21340,141,000110,83.93,62723,61466,1.0205,63100,815000,2,1,1,1,78.30,1,120,1,5.110,18925000,1035000,117,1,1,9,9,100,1,0,0,0,0,0,0,0
1,10001760,13,42340,029,920103,36.42,66799,87035,0.7675,92400,2155000,2,1,1,1,67.40,1,120,1,5.600,37245000,3205000,117,1,1,9,9,0,1,1,0,0,0,0,0,0
1,10001761,24,47900,031,701211,60.84,147853,144539,1.0229,152900,24985000,7,1,1,1,62.30,1,60,5,5.395,24985000,40105000,57,1,1,9,9,63,1,0,0,0,0,0,1,0
1,10001762,06,41740,073,020305,52.22,121625,111734,1.0885,119500,24505000,2,1,1,1,35.20,1,84,5,5.290,24505000,69705000,81,1,1,9,9,0,1,0,0,0,0,0,0,0
1,10001763,36,35620,103,123001,37.68,140500,113844,1.2341,119300,1325000,2,1,1,1,67.70,1,180,1,5.600,7485000,1955000,177,1,1,9,9,0,1,0,0,0,0,0,1,0
1,10001764,01,26620,083,021201,33.77,156651,99604,1.5727,113600,14495000,1,1,1,1,65.00,1,60,3,5.500,14495000,22295000,57,1,1,9,9,0,1,0,0,0,0,0,1,0
1,10001765,29,28140,095,007500,49.40,54367,99766,0.5450,103000,4675000,7,1,1,1,64.90,1,120,3,6.170,4675000,7205000,117,1,1,9,9,0,1,0,0,0,0,1,0,0
1,10001766,37,16740,119,005528,69.88,106886,93744,1.1402,100300,26005000,1,1,1,1,65.00,1,84,5,5.570,26005000,40005000,81,1,1,9,9,0,1,0,0,0,0,0,0,0
1,10001767,06,99999,103,000702,40.35,68480,82046,0.8347,87900,2695000,1,1,1,1,72.30,1,120,2,6.150,2695000,3735000,117,1,1,9,9,0,1,1,0,0,0,1,0,0
1,10001768,17,16980,031,690300,98.57,0,106055,0.0000,109800,1695000,1,1,1,1,64.60,1,84,1,5.740,10855000,2625000,81,1,1,9,9,33,1,0,0,0,0,1,0,0
1,10001769,48,18580,355,000700,83.77,43555,77127,0.5647,75300,9625000,7,1,1,1,55.00,1,120,5,6.220,9625000,17505000,117,1,9,9,9,100,1,0,0,0,0,1,0,0
1,10001770,06,40140,065,051200,53.40,84706,90585,0.9351,97500,51355000,7,3,1,1,47.90,1,60,5,5.150,51355000,107205000,57,1,1,9,9,0,1,0,0,0,0,0,0,0
1,10001771,51,31340,680,001602,37.25,55294,80029,0.6909,81100,9545000,1,1,1,1,70.90,1,120,4,5.660,9545000,13445000,117,1,1,9,9,0,1,0,0,0,0,1,0,0
1,10001772,39,18140,049,009312,77.62,57857,97262,0.5949,103300,10505000,1,1,1,1,70.00,1,60,5,5.800,10505000,15005000,57,1,1,9,9,50,1,0,0,0,0,1,0,0
1,10001773,45,16700,035,010818,70.15,67645,96573,0.7005,105100,32975000,1,1,1,1,50.00,1,120,5,5.680,32975000,65955000,117,1,1,9,9,0,1,0,0,0,0,0,0,0
1,10001774,36,35620,005,033500,35.33,151071,113844,1.3270,119300,6015000,7,3,1,1,21.30,2,120,4,5.620,6015000,32905000,117,1,9,9,9,0,1,0,0,0,0,0,1,0
1,10001775,37,39580,183,052408,54.31,36100,113293,0.3186,122300,2235000,1,1,1,1,62.90,2,120,1,6.390,2235000,3555000,117,1,1,9,9,0,1,0,0,0,0,1,0,0
1,10001776,29,28140,095,015800,19.67,165179,99766,1.6557,103000,2275000,9,1,1,2,65.00,1,100,5,7.280,2275000,54005000,97,1,1,9,9,0,1,0,0,0,0,1,0,0
1,10001777,34,37980,015,501301,9.87,128657,108977,1.1806,114700,7275000,2,1,1,1,62.30,1,84,3,5.210,233465000,10655000,81,1,1,9,9,100,1,0,0,0,0,0,1,0
1,10001778,13,12060,121,000501,57.88,0,98569,0.0000,106100,39455000,2,1,1,1,30.80,1,60,5,5.100,39455000,128005000,57,1,1,9,9,0,1,0,0,0,0,0,1,0
1,10001779,36,35620,047,021500,54.18,142038,113844,1.2477,119300,6165000,2,1,1,1,61.00,2,60,2,5.980,6165000,10105000,57,1,1,9,9,0,1,0,0,0,0,0,0,0
1,10001780,04,46060,019,001900,33.27,121406,82620,1.4695,90200,4605000,7,1,1,1,37.60,1,120,4,5.950,4605000,12255000,117,1,1,9,9,0,1,0,0,0,0,0,0,0
1,10001781,06,23420,019,004213,61.98,91250,76092,1.1992,84300,6505000,7,1,1,1,30.70,1,120,5,5.560,6505000,21205000,117,1,1,9,9,0,1,0,0,0,0,0,1,0
1,10001782,04,38060,013,422402,36.45,93478,93191,1.0031,101300,9795000,9,5,1,2,63.70,1,73,5,7.670,9795000,55605000,70,1,1,9,9,0,1,0,0,0,0,0,0,0
1,10001783,39,18140,049,002000,18.20,193625,97262,1.9908,103300,6725000,7,3,1,1,60.00,1,84,3,5.655,6725000,11205000,81,1,1,9,9,0,1,0,0,0,0,0,0,0
1,10001784,36,35620,005,039902,98.20,52885,113844,0.4645,119300,5815000,2,1,1,1,63.20,1,60,3,6.160,14165000,9205000,57,1,1,9,9,0,1,0,0,0,0,1,0,0
1,10001785,54,16620,039,002100,22.58,97278,70615,1.3776,74800,3055000,7,1,1,1,61.20,1,120,3,5.780,3055000,4985000,117,1,1,9,9,39,1,0,0,0,0,0,0,0
1,10001786,36,35620,119,001302,85.93,75221,113844,0.6607,119300,2275000,1,1,1,1,73.90,1,84,2,6.410,2275000,3075000,81,1,9,9,9,0,1,0,0,0,0,1,0,0
1,10001787,04,38060,013,318501,41.33,91375,93191,0.9805,101300,18095000,7,5,1,1,58.20,1,84,5,5.050,18095000,31105000,81,1,1,9,9,0,1,0,0,0,0,0,0,0
1,10001788,53,28420,005,011100,40.92,79417,92746,0.8563,99900,5905000,7,1,1,1,66.70,1,120,2,5.490,5905000,8865000,117,1,1,9,9,0,1,0,0,0,0,0,0,0
1,10001789,31,30700,109,003604,10.70,154698,95060,1.6274,102200,8755000,7,1,1,1,61.10,1,120,3,5.150,8755000,14325000,117,1,9,9,9,0,1,0,0,0,0,0,0,0
1,10001790,26,24340,139,023102,51.23,73880,93131,0.7933,98500,7385000,7,1,1,1,69.00,1,120,3,5.280,15805000,10705000,117,1,1,9,9,20,1,0,0,0,0,0,0,0
1,10001791,51,40060,041,100920,49.60,76447,104391,0.7323,110000,9585000,1,1,1,2,64.90,2,57,5,7.895,9585000,54505000,54,1,1,9,9,0,1,0,0,0,0,0,0,0
1,10001792,06,41740,073,015705,44.65,59771,111734,0.5349,119500,7155000,7,1,1,1,54.80,1,60,3,5.830,7155000,13065000,57,1,1,9,9,59,1,0,0,0,0,1,0,0
1,10001793,17,16580,019,005602,39.21,130329,95272,1.3680,106200,11915000,2,1,1,1,63.10,1,60,3,5.670,182485000,18905000,57,1,1,9,9,0,1,0,0,0,0,0,0,0
1,10001794,06,12540,029,003807,36.47,93289,71065,1.3127,78600,4805000,7,1,1,1,33.70,1,120,3,5.450,4805000,14245000,117,1,1,9,9,0,1,0,0,0,0,0,1,0
1,10001795,09,35300,170,140600,93.36,36817,105763,0.3481,110400,5835000,7,1,1,1,69.70,1,60,2,6.050,5835000,8375000,57,1,1,9,9,100,1,0,0,0,0,1,0,0
1,10001796,04,38060,013,318800,49.38,55098,93191,0.5912,101300,67485000,1,1,1,1,60.30,1,120,5,5.560,67485000,112005000,117,1,9,9,9,0,1,0,0,0,0,1,0,0
1,10001797,42,37980,101,021200,24.52,132357,108977,1.2145,114700,5975000,2,1,1,1,72.00,1,120,2,5.600,17495000,8305000,117,1,1,9,9,0,1,0,0,0,0,0,0,0
1,10001798,53,42660,061,051938,54.56,142353,127870,1.1133,136600,60585000,1,5,1,1,65.00,1,120,5,4.630,60585000,93205000,117,1,1,9,9,0,1,0,0,0,0,0,1,0
1,10001799,48,21340,141,003804,96.38,37928,61466,0.6171,63100,2955000,2,1,1,1,78.30,1,120,3,5.110,18925000,3765000,117,1,1,9,9,100,1,0,0,0,0,1,0,0
1,10001800,18,99999,017,951700,11.93,95208,77754,1.2245,81100,1005000,7,3,1,1,61.60,1,120,1,6.210,5635000,1635000,117,1,1,9,9,0,1,1,0,0,0,0,0,0
1,10001801,06,31080,037,406701,91.49,104650,101056,1.0356,105700,45865000,2,1,1,1,61.20,1,60,5,5.330,45865000,75005000,57,1,1,9,9,0,1,0,0,0,0,0,1,0
1,10001802,48,19100,113,017819,80.52,52904,99957,0.5293,107300,33695000,2,1,1,1,64.00,1,84,5,5.480,210705000,52405000,81,1,1,9,9,50,1,0,0,0,0,0,0,0
1,10001803,36,15380,029,014204,6.59,97473,90767,1.0739,96900,3215000,9,1,1,2,66.00,1,65,5,8.060,3215000,44005000,62,1,9,9,9,0,1,0,0,0,0,0,1,0
1,10001804,04,38060,013,319201,62.46,45578,93191,0.4891,101300,7225000,2,1,1,1,63.40,1,60,3,6.250,7225000,11405000,57,1,1,9,9,0,1,0,0,0,0,1,0,0
1,10001805,51,47900,059,451501,73.50,58068,144539,0.4018,152900,44595000,1,1,1,1,67.90,1,60,5,5.220,44595000,65655000,57,1,1,9,9,0,1,0,0,0,0,0,0,0
1,10001806,48,19100,113,014313,70.58,135853,99957,1.3591,107300,4575000,9,1,1,2,53.70,2,94,5,7.600,4575000,62105000,91,1,1,9,9,0,1,0,0,0,0,0,0,0
1,10001807,36,35620,061,005400,25.12,250001,113844,2.1960,119300,675000,2,3,1,1,6.40,1,60,1,6.590,675000,13505000,57,1,9,9,9,0,1,0,0,0,0,0,1,0
1,10001808,05,22900,131,001310,38.23,75104,65873,1.1401,66700,2665000,1,1,1,1,79.90,1,84,3,6.010,9115000,3335000,81,1,1,9,9,0,1,0,0,0,0,0,0,0
1,10001809,29,41180,510,112400,37.33,159821,97901,1.6325,103200,13965000,1,1,1,1,75.00,2,84,3,5.910,13965000,18615000,81,1,1,9,9,0,1,0,0,0,0,0,0,0
1,10001810,06,17020,007,000104,35.30,68904,85990,0.8013,96600,6855000,2,1,1,1,52.80,1,120,3,5.760,6855000,12985000,117,1,1,9,9,0,1,0,0,0,0,0,0,0
1,10001811,31,36540,055,001800,34.00,104659,102337,1.0227,109700,75545000,7,1,1,1,57.50,1,96,5,5.810,75545000,131305000,93,1,1,9,9,0,1,0,0,0,0,1,0,0
1,10001812,36,35620,047,051100,67.35,68125,113844,0.5984,119300,9125000,1,1,1,1,54.70,1,60,1,6.470,9125000,16705000,57,1,1,9,9,0,1,0,0,0,0,1,0,0
1,10001813,06,31080,037,575103,83.33,55856,101056,0.5527,105700,10625000,2,1,1,1,47.40,1,186,3,3.760,10625000,22405000,183,1,1,9,9,97,1,0,0,0,0,0,0,0
1,10001814,28,25060,047,003406,34.30,103226,72242,1.4289,76800,6825000,1,5,1,1,80.00,1,60,5,6.140,6825000,8525000,57,1,9,9,9,100,1,0,0,0,0,0,0,0
1,10001815,12,36740,097,040808,29.80,130124,83343,1.5613,90400,64885000,2,3,1,1,61.10,1,60,5,5.230,137635000,106605000,57,1,1,9,9,0,1,0,0,0,0,0,1,0
1,10001816,12,45220,073,001001,88.93,33056,83618,0.3953,88800,8505000,7,5,1,1,43.30,1,60,3,5.120,8505000,19655000,57,1,1,9,9,100,1,0,0,0,0,1,0,0
1,10001817,48,26420,339,693302,73.15,29780,92750,0.3211,95200,4725000,2,3,1,1,53.10,1,120,3,6.190,4725000,8905000,117,1,1,9,9,50,1,0,0,0,0,0,0,0
1,10001818,48,19100,439,122002,86.18,61031,99957,0.6106,107300,7685000,7,3,1,1,66.20,1,120,3,5.340,7685000,11605000,117,1,1,9,9,0,1,0,0,0,0,1,0,0
1,10001819,08,17820,119,010104,15.34,77311,98394,0.7857,103700,1565000,7,1,1,1,58.00,1,84,1,6.640,4995000,2665000,81,1,1,9,9,0,1,0,0,0,0,0,0,0
1,10001820,41,38900,005,020101,21.78,186719,110489,1.6899,116900,6005000,7,1,1,1,32.70,1,120,4,4.860,6005000,18355000,117,1,1,9,9,0,1,0,0,0,0,0,1,0
1,10001821,13,12060,067,031007,84.34,53347,98569,0.5412,106100,2575000,2,1,1,1,69.70,1,120,1,5.740,7215000,3705000,117,1,1,9,9,0,1,0,0,0,0,1,0,0
1,10001822,48,19100,121,020116,27.36,120641,99957,1.2069,107300,26535000,7,3,1,1,82.40,1,167,5,3.410,26535000,32205000,164,1,9,9,9,100,1,0,0,0,0,0,1,0
1,10001823,13,99999,275,960501,42.77,98897,73611,1.3435,78200,6585000,7,1,1,1,69.00,1,120,3,6.110,6585000,9555000,117,1,1,9,9,0,1,1,0,0,0,1,0,0
1,10001824,13,12060,121,011627,62.09,133911,98569,1.3586,106100,53865000,7,1,1,1,58.50,1,60,5,5.580,53865000,92105000,57,1,1,9,9,0,1,0,0,0,0,0,0,0
1,10001825,13,42340,051,010901,69.88,44292,87035,0.5089,92400,13455000,7,1,1,1,69.40,1,120,4,5.530,13455000,19405000,117,1,1,9,9,0,1,0,0,0,0,1,0,0
1,10001826,26,19820,093,744900,12.31,107679,93779,1.1482,97300,6055000,7,1,1,1,54.50,1,120,4,5.450,6055000,11105000,117,1,1,9,9,0,1,0,0,0,0,0,0,0
1,10001827,48,19100,439,121704,80.16,52961,99957,0.5298,107300,11855000,7,1,1,1,37.10,1,60,5,4.900,11855000,31905000,57,1,1,9,9,0,1,0,0,0,0,1,0,0
1,10001828,36,40380,055,015102,11.27,92697,93554,0.9908,96500,5185000,9,1,1,2,63.60,1,67,5,7.100,5185000,17345000,64,1,9,9,9,0,2,0,0,0,0,0,0,0
1,10001829,17,40420,201,001600,53.04,57583,81338,0.7080,89000,9385000,7,1,1,1,70.00,1,84,4,5.140,9385000,13405000,81,1,1,9,9,0,1,0,0,0,0,0,0,0
1,10001830,48,48660,485,013000,49.42,45029,78550,0.5733,81400,8455000,7,1,1,1,64.00,1,60,4,5.180,8455000,13205000,57,1,1,9,9,51,1,0,0,0,0,1,0,0
1,10001831,18,99999,017,951600,30.02,76866,77754,0.9886,81100,1725000,7,3,1,1,61.60,1,120,2,6.210,5635000,2795000,117,1,1,9,9,0,1,1,0,0,0,0,0,0
1,10001832,42,37980,017,105704,45.15,108477,108977,0.9954,114700,12505000,7,1,1,1,63.80,1,84,3,5.515,12505000,19605000,81,1,1,9,9,0,1,0,0,0,0,0,1,0
1,10001833,06,31080,037,401101,60.45,83594,101056,0.8272,105700,17045000,7,1,1,1,60.10,1,60,5,5.620,17045000,28385000,57,1,1,9,9,30,1,0,0,0,0,0,0,0
1,10001834,31,36540,055,007522,17.91,175000,102337,1.7100,109700,18335000,1,1,1,1,65.00,1,84,3,5.990,18335000,28205000,81,1,1,9,9,0,1,0,0,0,0,0,0,0
1,10001835,08,19740,005,005611,17.98,142031,119980,1.1838,130400,14955000,1,5,1,1,65.00,1,84,4,5.070,14955000,23005000,81,1,1,9,9,0,1,0,0,0,0,0,0,0
1,10001836,06,44700,077,003503,92.65,110345,91565,1.2051,103800,5185000,9,1,1,2,53.20,1,44,5,7.450,5185000,73665000,41,1,1,9,9,0,1,0,0,0,0,0,0,0
1,10001837,06,41860,075,016101,60.97,0,154003,0.0000,166600,6265000,7,1,1,1,20.00,2,120,3,5.480,6265000,31305000,117,1,9,9,9,98,1,0,0,0,0,1,0,0
1,10001838,08,19740,031,000503,43.37,173157,119980,1.4432,130400,10445000,7,1,1,1,55.50,2,120,5,5.280,10445000,18805000,117,1,1,9,9,46,1,0,0,0,0,0,0,0
1,10001839,05,22220,143,010201,76.10,47986,88653,0.5413,94400,22965000,7,1,1,1,62.20,1,84,5,5.610,22965000,36905000,81,1,1,9,9,20,1,0,0,0,0,1,0,0
1,10001840,12,37340,009,071402,29.19,40000,87701,0.4561,99700,5255000,7,1,1,1,75.00,1,84,2,5.880,18375000,7005000,81,1,1,9,9,0,1,0,0,0,0,0,1,0
1,10001841,13,47580,153,020302,82.47,35808,89734,0.3991,90900,945000,2,1,1,1,72.60,1,84,1,5.900,1965000,1305000,81,1,9,9,9,0,1,0,0,0,0,1,0,0
1,10001842,06,41860,001,451300,41.10,158859,154003,1.0315,166600,23375000,2,1,1,1,64.90,1,120,4,5.340,23375000,36005000,117,1,1,9,9,0,1,0,0,0,0,0,1,0
1,10001843,25,14460,023,503101,8.90,190986,134646,1.4184,142000,2605000,1,1,1,2,68.00,1,61,3,8.310,2605000,26055000,58,1,1,9,9,25,1,0,0,0,0,0,1,0
1,10001844,13,10500,095,000101,93.12,20656,65307,0.3163,64500,10535000,7,1,1,1,65.00,1,60,5,5.990,10535000,16205000,57,1,1,9,9,0,1,0,0,0,0,1,0,0
1,10001845,48,21340,141,004103,96.50,38257,61466,0.6224,63100,6065000,2,3,1,1,73.10,1,120,4,5.720,6065000,8305000,117,1,9,9,9,96,1,0,0,0,0,1,0,0
1,10001846,22,12940,033,003104,95.35,29788,87118,0.3419,86800,10055000,2,1,1,1,62.50,1,180,3,5.930,10055000,16105000,177,1,9,9,9,100,1,0,0,0,0,1,0,0
1,10001847,53,42660,033,008002,42.84,204097,127870,1.5961,136600,52035000,7,1,1,1,59.80,1,60,5,5.870,52035000,87005000,57,1,1,9,9,0,1,0,0,0,0,0,0,0
1,10001848,21,17140,015,070311,20.84,78063,97826,0.7980,103700,26885000,7,1,1,1,63.10,1,84,5,5.285,26885000,42605000,81,1,1,9,9,0,1,0,0,0,0,0,0,0
1,10001849,36,10580,093,020500,38.42,94718,109385,0.8659,117800,385000,7,1,1,1,70.40,1,120,1,5.700,6905000,545000,117,1,1,9,9,0,1,0,0,0,0,0,0,0
1,10001850,17,16980,097,864513,33.22,191375,106055,1.8045,109800,59445000,2,3,1,1,54.10,1,60,5,4.385,237755000,102805000,57,1,1,9,9,0,1,0,0,0,0,0,1,0
1,10001851,37,40580,065,021500,48.85,60455,66066,0.9151,68500,1005000,1,1,1,1,60.20,1,360,2,6.510,1005000,2265000,357,1,9,9,9,100,1,1,0,0,0,0,0,0
1,10001852,17,99999,081,050500,18.15,70577,79197,0.8912,81400,5045000,1,1,1,1,60.10,1,120,5,5.900,5045000,8405000,117,1,1,9,9,0,1,1,0,0,0,0,0,0
1,10001853,29,44180,077,002300,20.62,51934,75885,0.6844,80500,22955000,1,1,1,1,65.00,1,120,5,5.260,22955000,35315000,117,1,1,9,9,0,1,0,0,0,0,1,0,0
1,10001854,48,19100,439,105703,68.56,74766,99957,0.7480,107300,8055000,1,1,1,1,76.70,2,120,4,5.670,8055000,10505000,117,1,1,9,9,100,1,0,0,0,0,0,0,0
1,10001855,48,21340,141,003402,93.36,32264,61466,0.5249,63100,1875000,9,1,1,2,69.20,1,108,5,7.800,1875000,27505000,105,1,9,9,9,0,1,0,0,0,0,1,0,0
1,10001856,04,38060,013,104226,38.83,98194,93191,1.0537,101300,9605000,1,1,1,1,58.20,1,84,3,5.620,9605000,16505000,81,1,1,9,9,0,1,0,0,0,0,0,0,0
1,10001857,27,20260,137,000301,15.00,88352,90299,0.9784,95600,15785000,1,1,1,1,86.20,1,204,4,5.350,12535000,18305000,201,1,9,9,9,98,1,0,0,0,0,0,0,0
1,10001858,39,10420,133,600303,17.58,182881,90421,2.0226,95800,31485000,1,1,1,1,70.00,1,180,5,6.190,31485000,44985000,177,1,1,9,9,0,1,0,0,0,0,0,1,0
1,10001859,48,21340,141,003402,93.36,32264,61466,0.5249,63100,6205000,7,1,1,1,21.00,1,84,5,5.855,6205000,29505000,81,1,9,9,9,35,1,0,0,0,0,1,0,0
1,10001860,01,13820,073,004502,61.03,34702,87341,0.3973,94200,3175000,2,1,1,1,39.20,1,144,4,6.000,3175000,8075000,141,9,9,9,9,0,1,0,0,0,0,1,0,0
1,10001861,29,41180,510,108300,97.10,39669,97901,0.4052,103200,5145000,7,1,1,1,55.20,2,60,4,5.200,5145000,9325000,57,1,1,9,9,50,1,0,0,0,0,1,0,0
1,10001862,06,41860,081,608025,71.94,195817,154003,1.2715,166600,44465000,7,1,1,1,60.00,1,84,5,5.475,44465000,74105000,81,1,1,9,9,0,1,0,0,0,0,0,1,0
1,10001863,06,31080,059,042330,48.24,122165,101056,1.2089,105700,69795000,7,1,1,1,54.80,1,60,5,5.060,69795000,127405000,57,1,1,9,9,0,1,0,0,0,0,0,1,0
1,10001864,08,24540,123,002210,15.47,133929,102620,1.3051,114500,22735000,7,1,1,1,62.60,1,60,4,5.530,22735000,36325000,57,1,9,9,9,0,1,1,0,0,0,0,0,0
1,10001865,53,36500,067,011422,33.10,117000,106190,1.1018,116700,8505000,2,1,1,1,60.00,1,84,4,5.960,8505000,14165000,81,1,1,9,9,100,1,0,0,0,0,0,0,0
1,10001866,48,19100,113,010903,95.55,45769,99957,0.4579,107300,18165000,2,1,1,1,65.80,1,60,5,6.030,18165000,27605000,57,1,1,9,9,0,1,0,0,0,0,1,0,0
1,10001867,41,38900,051,002502,24.97,146964,110489,1.3301,116900,1275000,7,1,1,1,54.80,1,60,1,6.220,1275000,2335000,57,1,1,9,9,0,1,0,0,0,0,0,1,0
1,10001868,12,45220,073,001402,75.89,19635,83618,0.2348,88800,17305000,7,1,1,1,70.30,1,60,4,5.200,17305000,24605000,57,1,1,9,9,0,1,0,0,0,0,1,0,0
1,10001869,06,31080,037,203200,96.55,58594,101056,0.5798,105700,11975000,7,5,1,1,52.30,1,120,3,4.600,11975000,22915000,117,1,1,9,9,98,1,0,0,0,0,1,0,0
1,10001870,48,12420,453,032100,46.28,102736,115204,0.8918,126000,19485000,7,5,1,1,55.80,1,84,5,5.460,19485000,34905000,81,1,1,9,9,0,1,0,0,0,0,0,0,0
1,10001871,39,17410,085,202500,13.90,73500,90488,0.8123,97200,7275000,1,1,1,1,75.00,1,120,4,5.715,7275000,9705000,117,1,1,9,9,0,1,0,0,0,0,0,0,0
1,10001872,48,21340,141,003402,93.36,32264,61466,0.5249,63100,815000,2,1,1,1,78.30,1,120,1,5.110,18925000,1035000,117,1,1,9,9,100,1,0,0,0,0,1,0,0
1,10001873,33,31700,011,010900,31.17,104286,118936,0.8768,126000,2385000,1,1,1,1,53.00,1,84,1,6.170,2385000,4505000,81,1,1,9,9,0,1,0,0,0,0,1,0,0
1,10001874,48,19100,439,122401,69.75,37831,99957,0.3785,107300,1305000,2,1,1,1,72.80,1,120,1,5.930,2765000,1785000,117,1,9,9,9,0,1,0,0,0,0,1,0,0
1,10001875,21,31140,111,011517,26.89,120099,88819,1.3522,95900,30545000,2,1,1,1,65.00,1,120,5,5.480,56055000,44505000,117,1,1,9,9,0,1,0,0,0,0,0,1,0
1,10001876,37,24660,081,016410,56.73,85781,76183,1.1260,80700,25005000,7,1,1,1,64.60,2,120,5,5.770,25005000,38705000,117,1,1,9,9,0,1,0,0,0,0,0,0,0
1,10001877,01,13820,117,030314,37.32,84444,87341,0.9668,94200,14505000,7,1,1,1,50.90,1,60,5,6.010,14505000,28505000,57,1,1,9,9,0,1,0,0,0,0,0,1,0
1,10001878,17,16980,031,140200,72.52,66979,106055,0.6316,109800,2035000,7,1,1,1,46.20,1,120,2,5.540,6265000,4405000,117,1,9,9,9,50,1,0,0,0,0,1,0,0
1,10001879,48,19100,113,000405,75.62,75938,99957,0.7597,107300,10885000,7,1,1,1,64.00,1,60,4,5.650,10885000,17005000,57,1,1,9,9,79,1,0,0,0,0,1,0,0
1,10001880,53,36500,067,012331,39.31,105743,106190,0.9958,116700,25025000,1,5,1,1,65.00,1,84,5,4.970,25025000,38505000,81,1,1,9,9,0,1,0,0,0,0,0,1,0
1,10001881,18,29020,067,001400,21.99,79375,79222,1.0019,74400,2885000,9,1,1,2,60.70,1,59,5,8.170,2885000,30505000,56,1,9,9,9,0,1,0,0,0,0,0,0,0
1,10001882,13,42340,051,010704,53.90,133810,87035,1.5374,92400,5445000,9,1,1,2,70.00,1,83,5,7.230,5445000,63105000,80,1,1,9,9,0,1,0,0,0,0,0,0,0
1,10001883,48,41700,029,191411,51.56,90773,85469,1.0621,89300,13655000,7,1,1,1,65.00,1,60,5,5.280,13655000,21005000,57,1,1,9,9,0,1,0,0,0,0,0,0,0
1,10001884,37,49180,057,061300,39.37,55481,76701,0.7233,81900,475000,1,1,1,1,80.00,1,120,1,6.740,3685000,595000,117,1,9,9,9,0,1,0,0,0,0,1,0,0
1,10001885,47,32820,157,011402,68.68,0,78701,0.0000,84000,915000,7,1,1,1,63.70,1,120,1,6.350,915000,1435000,117,1,1,9,9,0,1,0,0,0,0,1,0,0
1,10001886,37,40580,127,011000,50.48,57188,66066,0.8656,68500,1695000,1,1,1,1,69.50,1,360,2,6.510,1695000,2935000,357,1,9,9,9,100,1,1,0,0,0,0,0,0
1,10001887,48,19100,121,021734,69.99,60716,99957,0.6074,107300,29695000,1,1,1,1,68.60,2,120,5,6.445,29695000,43295000,117,1,1,9,9,0,1,0,0,0,0,0,0,0
1,10001888,17,16980,031,050600,22.06,221458,106055,2.0881,109800,4365000,7,1,1,1,59.10,1,60,2,5.800,4365000,7375000,57,1,1,9,9,0,1,0,0,0,0,0,0,0
1,10001889,40,36420,017,301014,37.54,83793,84302,0.9940,89100,17295000,1,3,1,1,65.00,1,120,5,5.250,17295000,26615000,117,1,1,9,9,0,1,0,0,0,0,0,1,0
1,10001890,40,99999,119,010600,29.72,58004,71757,0.8083,77200,18495000,2,1,1,1,57.30,1,60,5,6.490,85835000,32305000,57,1,1,9,9,0,1,1,0,0,1,1,0,0
1,10001891,48,32580,215,022113,90.81,55986,54864,1.0205,57300,3105000,9,1,1,2,61.70,1,71,5,8.220,3105000,17005000,68,1,9,9,9,0,2,1,0,0,0,1,0,1
1,10001892,04,38060,013,093200,69.11,48688,93191,0.5225,101300,6005000,7,1,1,1,17.00,1,120,5,6.070,6005000,35305000,117,1,1,9,9,0,1,0,0,0,0,1,0,0
1,10001893,41,38900,051,005601,33.30,140759,110489,1.2740,116900,6315000,1,5,1,1,71.40,1,84,3,5.620,6315000,8855000,81,1,1,9,9,0,1,0,0,0,0,1,0,0
1,10001894,36,35620,061,003002,48.04,0,113844,0.0000,119300,24855000,1,1,1,1,57.80,1,60,3,6.420,24855000,43005000,57,1,1,9,9,0,1,0,0,0,0,0,0,0
1,10001895,53,42660,061,052402,22.75,107109,127870,0.8376,136600,13965000,7,1,1,1,61.80,1,120,3,5.490,13965000,22595000,117,1,1,9,9,0,1,0,0,0,0,1,0,0
1,10001896,27,33460,053,024904,50.78,81250,119274,0.6812,123700,33405000,1,1,1,1,63.70,1,120,5,5.520,33405000,52425000,117,1,1,9,9,0,1,0,0,0,0,1,1,0
1,10001897,06,41500,053,001500,62.99,91429,97004,0.9425,103200,7205000,7,1,1,1,34.10,1,84,3,5.885,7205000,21105000,81,1,1,9,9,0,1,0,0,0,0,0,0,0
1,10001898,17,16980,031,831400,90.92,41731,106055,0.3935,109800,775000,7,1,1,1,80.00,2,120,1,6.020,4225000,965000,117,1,1,9,9,0,1,0,0,0,0,1,0,0
1,10001899,12,45300,103,024517,33.80,88573,84454,1.0488,92000,15235000,1,1,1,1,63.50,1,84,4,5.840,15235000,24005000,81,1,1,9,9,0,1,0,0,0,0,0,1,0
1,10001900,12,45300,103,022501,27.06,65531,84454,0.7759,92000,61005000,1,1,1,1,79.70,1,120,5,5.800,61005000,76495000,117,1,1,9,9,0,1,0,0,0,0,0,0,0
1,10001901,27,33460,053,105400,41.01,193750,119274,1.6244,123700,8795000,2,1,1,1,66.10,1,84,3,5.415,8795000,13305000,81,1,1,9,9,71,1,0,0,0,0,1,0,0
1,10001902,06,33700,099,000511,59.66,148427,83732,1.7726,91100,50695000,2,1,1,1,63.10,1,84,5,4.960,50695000,80285000,81,1,1,9,9,0,1,0,0,0,0,0,1,0
1,10001903,29,41180,189,215700,82.27,65189,97901,0.6659,103200,7205000,2,1,1,1,49.30,1,180,3,5.700,7205000,14605000,177,1,1,9,9,0,1,0,0,0,0,0,0,0
1,10001904,53,42660,053,071412,49.95,101146,127870,0.7910,136600,27255000,7,1,1,1,57.00,1,60,5,5.890,27255000,47855000,57,1,1,9,9,0,1,0,0,0,0,0,0,0
1,10001905,18,23060,003,010809,25.63,89028,83564,1.0654,88000,15525000,7,1,1,1,63.90,2,84,5,5.485,15525000,24305000,81,1,1,9,9,0,1,0,0,0,0,0,0,0
1,10001906,48,19100,439,121610,37.62,110852,99957,1.1090,107300,7815000,7,1,1,1,57.50,1,60,4,6.140,7815000,13605000,57,1,1,9,9,0,1,0,0,0,0,0,1,0
1,10001907,04,38060,013,217204,35.79,55957,93191,0.6005,101300,11165000,9,1,1,2,65.10,1,60,5,7.480,11165000,82205000,57,1,9,9,9,0,1,0,0,0,0,0,0,0
1,10001908,47,17420,011,011404,13.49,94792,74586,1.2709,80800,12295000,1,1,1,1,60.00,1,120,3,5.350,12295000,20495000,117,1,1,9,9,0,1,0,0,0,0,0,0,0
1,10001909,48,19100,439,113906,33.04,232907,99957,2.3301,107300,15505000,1,1,1,1,54.60,1,120,5,5.590,15505000,28405000,117,1,1,9,9,0,1,0,0,0,0,0,0,0
1,10001910,20,48620,173,006800,62.99,24684,84050,0.2937,91200,1985000,2,1,1,1,58.50,2,120,3,5.595,1985000,3405000,117,1,1,9,9,0,1,0,0,0,0,1,0,0
1,10001911,48,12420,491,021510,50.08,140774,115204,1.2220,126000,31715000,7,1,1,1,52.40,1,60,5,5.940,31715000,60505000,57,1,1,9,9,0,1,0,0,0,0,0,0,0
1,10001912,47,27740,179,060901,30.85,34271,71377,0.4801,80100,6245000,7,1,1,1,63.70,1,60,3,5.050,6245000,9805000,57,1,1,9,9,0,1,0,0,0,0,1,0,0
1,10001913,32,29820,003,005113,62.21,71809,82358,0.8719,87800,19465000,7,1,1,1,43.70,1,120,4,5.290,19465000,44555000,117,1,1,9,9,0,1,0,0,0,0,0,0,0
1,10001914,37,49180,057,061400,65.01,34732,76701,0.4528,81900,545000,1,1,1,1,80.00,1,120,1,6.740,3685000,685000,117,1,9,9,9,0,1,0,0,0,0,1,0,0
1,10001915,39,18140,045,030901,8.32,104398,97262,1.0734,103300,30375000,1,1,1,1,75.00,1,120,5,5.130,30375000,40505000,117,1,1,9,9,0,1,1,0,0,0,0,1,0
1,10001916,34,45940,021,001500,96.97,56688,120093,0.4720,125900,2275000,1,1,1,1,78.30,1,84,1,6.200,2275000,2905000,81,1,9,9,9,0,1,0,0,0,0,1,0,0
1,10001917,48,19100,113,019013,94.94,37216,99957,0.3723,107300,12585000,7,1,1,1,68.70,1,120,5,5.540,12585000,18305000,117,1,1,9,9,100,1,0,0,0,0,1,0,0
1,10001918,48,12420,453,002410,64.34,70673,115204,0.6135,126000,12385000,2,1,1,1,65.00,1,84,4,4.650,12385000,19055000,81,1,1,9,9,75,1,0,0,0,0,0,0,0
1,10001919,40,36420,109,100500,86.72,42353,84302,0.5024,89100,21405000,1,1,1,1,70.00,1,120,5,5.510,21405000,30585000,117,1,1,9,9,0,1,0,0,0,0,1,0,0
1,10001920,35,10740,001,000113,47.21,108218,79295,1.3648,86400,7185000,1,5,1,1,63.90,1,120,3,5.980,8945000,11255000,117,1,1,9,9,0,1,0,0,0,0,0,0,0
1,10001921,39,99999,063,000600,19.70,56415,88135,0.6401,95400,11575000,1,1,1,1,63.80,1,60,5,5.930,11575000,18125000,57,1,1,9,9,75,1,1,0,0,0,1,0,0
1,10001922,53,42660,033,007301,59.32,187446,127870,1.4659,136600,60125000,1,1,1,1,65.00,1,60,5,5.630,60125000,92505000,57,1,1,9,9,20,1,0,0,0,0,0,0,0
1,10001923,51,47260,710,000400,40.89,68698,95214,0.7215,100000,965000,1,1,1,1,48.30,1,60,1,6.010,965000,2005000,57,1,1,9,9,0,1,0,0,0,0,1,1,0
1,10001924,06,23420,019,005912,50.50,111563,76092,1.4662,84300,23135000,7,1,1,1,57.60,1,120,4,6.090,23135000,40155000,117,1,1,9,9,0,1,0,0,0,0,0,1,0
1,10001925,36,35620,061,003800,34.85,120682,113844,1.0601,119300,9105000,1,1,1,1,62.40,1,60,1,6.020,9105000,14585000,57,1,1,9,9,0,1,0,0,0,0,0,0,0
1,10001926,32,29820,003,005116,50.75,92330,82358,1.1211,87800,33835000,7,3,1,1,65.00,1,120,5,5.520,33835000,52055000,117,1,1,9,9,0,1,0,0,0,0,0,0,0
1,10001927,38,99999,093,967401,21.62,46786,94967,0.4927,101500,755000,2,1,1,1,63.30,1,120,1,6.050,5345000,1185000,117,1,1,9,9,0,1,1,0,0,0,0,0,0
1,10001928,13,12060,063,040518,93.79,53628,98569,0.5441,106100,16375000,1,1,1,1,64.70,2,60,5,6.610,16375000,25295000,57,1,1,9,9,0,1,0,0,0,0,1,0,0
1,10001929,37,16740,119,006409,17.14,193325,93744,2.0623,100300,9005000,9,1,1,2,48.60,1,54,5,7.850,9005000,95205000,51,1,1,9,9,0,1,0,0,0,0,0,0,0
1,10001930,51,40060,760,070901,90.97,88221,104391,0.8451,110000,8885000,7,5,1,1,59.60,1,120,4,5.480,8885000,14905000,117,1,1,9,9,50,1,0,0,0,0,1,0,0
1,10001931,26,22420,049,011713,20.31,78412,75461,1.0391,78300,7045000,2,1,1,1,58.70,2,120,4,5.980,7045000,12005000,117,1,1,9,9,0,1,0,0,0,0,0,0,0
1,10001932,17,16980,031,805802,15.78,172665,106055,1.6281,109800,7885000,7,1,1,1,59.90,1,60,3,5.800,7885000,13175000,57,1,1,9,9,0,1,0,0,0,0,0,0,0
1,10001933,06,31080,037,219800,92.97,75197,101056,0.7441,105700,30405000,7,1,1,1,61.70,1,60,4,5.250,30405000,49305000,57,1,1,9,9,41,1,0,0,0,0,1,0,0
1,10001934,37,39580,183,052602,16.80,155147,113293,1.3694,122300,24945000,1,1,1,1,53.00,1,120,5,5.130,24945000,47105000,117,1,1,9,9,0,1,0,0,0,0,0,0,0
1,10001935,06,41860,001,435104,87.47,137904,154003,0.8955,166600,11165000,9,1,1,2,48.20,1,100,4,6.930,11165000,45665000,97,1,1,9,9,0,1,0,0,0,0,1,1,0
1,10001936,53,38900,011,040407,19.61,96007,110489,0.8689,116900,3875000,9,1,1,2,68.20,1,91,4,7.320,3875000,24605000,88,1,1,9,9,0,1,0,0,0,0,0,0,0
1,10001937,48,47380,309,002800,32.22,83889,77527,1.0821,83100,18765000,1,1,1,1,69.40,2,84,5,5.775,18765000,27055000,81,1,1,9,9,0,1,0,0,0,0,0,0,0
1,10001938,27,33460,163,071006,32.79,132566,119274,1.1114,123700,31675000,7,1,1,1,65.00,1,60,5,5.170,31675000,48735000,57,1,1,9,9,0,1,0,0,0,0,0,1,0
1,10001939,12,36100,083,002505,35.02,68656,66666,1.0299,73700,43825000,7,3,1,1,61.60,1,120,5,5.450,43825000,71205000,117,1,1,9,9,0,1,0,0,0,0,0,0,0
1,10001940,08,19740,031,002706,23.43,166875,119980,1.3909,130400,31885000,1,1,1,1,51.40,1,60,5,5.210,31885000,62005000,57,1,1,9,9,0,1,0,0,0,0,0,0,0
1,10001941,30,99999,031,001101,20.60,54063,106394,0.5081,109000,14915000,7,1,1,1,64.90,1,84,3,4.860,14915000,22985000,81,1,1,9,9,0,1,1,0,0,0,1,0,0
1,10001942,06,42220,097,150612,31.24,157016,119780,1.3109,128400,51905000,7,1,1,1,47.30,1,84,5,5.600,51905000,109705000,81,1,1,9,9,0,1,0,0,0,0,0,1,0
1,10001943,36,45060,067,015100,13.80,126250,90955,1.3881,94800,6505000,1,1,1,1,79.30,1,60,3,5.990,6505000,8195000,57,1,1,9,9,0,1,0,0,0,0,0,1,0
1,10001944,06,31080,037,207502,77.68,42969,101056,0.4252,105700,17745000,1,1,1,1,67.70,1,120,3,5.050,17745000,26205000,117,1,1,9,9,100,1,0,0,0,0,1,0,0
1,10001945,55,33340,079,170600,30.00,71071,97232,0.7309,102100,6325000,7,1,1,1,62.00,1,60,3,5.510,6325000,10205000,57,1,1,9,9,42,1,0,0,0,0,0,0,0
1,10001946,06,31080,037,540300,98.64,69135,101056,0.6841,105700,6165000,7,1,1,1,62.90,1,60,2,6.180,6165000,9805000,57,1,9,9,9,0,1,0,0,0,0,0,0,0
1,10001947,42,37980,101,034802,47.68,98133,108977,0.9005,114700,17455000,7,3,1,1,55.00,1,60,5,5.030,17455000,31755000,57,1,9,9,9,0,1,0,0,0,0,0,0,0
1,10001948,29,41180,189,215233,30.86,138400,97901,1.4137,103200,47305000,1,1,1,1,79.80,1,180,5,5.430,47305000,59285000,177,1,1,9,9,0,1,0,0,0,0,0,0,0
1,10001949,11,47900,001,006400,76.62,23638,144539,0.1635,152900,69865000,2,1,1,1,48.70,1,84,5,5.720,69865000,143405000,81,1,1,9,9,8,1,0,0,0,0,1,0,0
1,10001950,17,16980,043,841208,56.78,86747,106055,0.8179,109800,38295000,1,1,1,1,70.90,1,84,5,5.720,38295000,54005000,81,1,1,9,9,0,1,0,0,0,0,0,0,0
1,10001951,06,41860,075,023102,92.15,66300,154003,0.4305,166600,63005000,1,3,1,1,91.50,1,180,4,4.660,63005000,84525000,177,1,9,9,9,98,1,0,0,0,0,1,0,0
1,10001952,45,22500,031,010500,30.56,89896,70289,1.2790,75500,3315000,7,5,1,1,62.50,1,60,3,6.270,3315000,5305000,57,1,1,9,9,0,1,1,0,0,0,0,0,0
1,10001953,04,38060,013,104000,54.80,59548,93191,0.6390,101300,10005000,7,1,1,1,12.90,1,120,5,5.690,10005000,77705000,117,1,9,9,9,0,1,0,0,0,0,0,0,0
1,10001954,25,14460,017,368200,27.85,139542,134646,1.0364,142000,59155000,1,1,1,1,63.70,1,60,5,4.760,59155000,92805000,57,1,1,9,9,25,1,0,0,0,0,0,1,0
1,10001955,28,27140,049,000500,98.71,51017,76033,0.6710,80100,3155000,2,1,1,1,70.00,1,60,3,6.740,3155000,4505000,57,1,9,9,9,0,1,0,0,0,0,1,0,0
1,10001956,06,40900,067,007414,53.10,75953,106925,0.7103,113700,5305000,9,5,1,2,58.70,1,72,5,7.260,5305000,37505000,69,1,1,9,9,100,1,0,0,0,0,0,0,0
1,10001957,08,17820,119,010108,14.58,116146,98394,1.1804,103700,3425000,7,1,1,1,58.00,1,84,2,6.640,4995000,5845000,81,1,1,9,9,0,1,1,0,0,0,0,1,0
1,10001958,29,41140,021,002700,11.33,89545,77829,1.1505,81500,9555000,7,1,1,1,65.00,1,120,5,4.965,9555000,14705000,117,1,1,9,9,0,1,1,0,0,0,0,0,0
1,10001959,39,18140,049,008230,88.07,33036,97262,0.3397,103300,71285000,1,1,1,1,80.00,2,120,5,6.740,71285000,89135000,117,1,1,9,9,0,1,0,0,0,0,1,0,0
1,10001960,51,40060,087,200409,63.35,89219,104391,0.8547,110000,5725000,9,1,1,2,59.70,1,84,5,8.010,5725000,42805000,81,1,1,9,9,0,1,0,0,0,0,0,0,0
1,10001961,21,17140,117,067200,19.31,84293,97826,0.8617,103700,13625000,7,1,1,1,64.90,1,60,4,5.640,13625000,21005000,57,1,1,9,9,0,1,0,0,0,0,1,1,0
1,10001962,26,19820,093,722300,11.62,71629,93779,0.7638,97300,2245000,7,1,1,1,58.80,1,120,2,6.130,2245000,3815000,117,1,1,9,9,0,1,0,0,0,0,0,0,0
1,10001963,04,38060,013,615201,32.52,121635,93191,1.3052,101300,114405000,1,1,1,1,61.00,1,120,5,5.150,114405000,187505000,117,1,1,9,9,0,1,0,0,0,0,0,1,0
1,10001964,35,10740,001,003728,44.98,68856,79295,0.8684,86400,39905000,7,5,1,1,63.00,1,60,5,5.580,39905000,63305000,57,1,1,9,9,0,1,0,0,0,0,0,0,0
1,10001965,53,42660,033,008300,44.13,162381,127870,1.2699,136600,48915000,1,1,1,1,64.10,1,84,5,5.560,48915000,76255000,81,1,1,9,9,20,1,0,0,0,0,0,0,0
1,10001966,36,40380,055,013104,41.37,69783,93554,0.7459,96500,18505000,7,1,1,1,34.10,1,120,5,5.910,18505000,54205000,117,1,1,9,9,0,1,0,0,0,0,1,0,0
1,10001967,09,25540,130,541402,32.65,120699,115967,1.0408,122400,6935000,9,1,1,2,68.50,1,120,5,7.420,6935000,52155000,117,1,1,9,9,0,1,0,0,0,0,0,0,0
1,10001968,37,20500,063,001504,73.26,34096,97980,0.3480,101800,8715000,9,1,1,2,66.80,1,130,5,7.970,8715000,63005000,127,1,1,9,9,0,1,0,0,0,0,1,0,0
1,10001969,34,35620,031,181400,98.52,59926,113844,0.5264,119300,2595000,2,1,1,1,64.80,1,120,1,5.770,22605000,4005000,117,1,1,9,9,0,1,0,0,0,0,1,0,0
1,10001970,12,29460,105,013702,61.88,67952,69667,0.9754,76400,5115000,1,1,1,1,61.60,1,120,2,6.410,5115000,8305000,117,1,1,9,9,0,1,0,0,0,0,0,0,0
1,10001971,06,31080,037,201401,92.45,72500,101056,0.7174,105700,17645000,1,1,1,1,80.00,1,120,4,5.350,17645000,22055000,117,1,1,9,9,100,1,0,0,0,0,1,0,0
1,10001972,26,29620,155,031800,6.98,63500,78144,0.8126,91100,4585000,7,1,1,1,61.60,1,120,3,6.130,4585000,7455000,117,1,1,9,9,0,1,1,0,0,0,0,0,0
1,10001973,09,25540,110,514400,52.15,84676,115967,0.7302,122400,925000,7,1,1,1,65.00,2,84,1,5.355,59805000,1425000,81,1,1,9,9,0,1,0,0,0,0,0,0,0
1,10001974,32,29820,003,005847,54.18,102642,82358,1.2463,87800,57395000,7,1,1,1,65.00,1,84,5,5.420,57395000,88305000,81,1,1,9,9,0,1,0,0,0,0,0,0,0
1,10001975,08,17820,041,000301,34.37,78125,98394,0.7940,103700,24355000,1,1,1,1,25.60,1,120,5,5.270,24355000,95005000,117,1,1,9,9,0,1,0,0,0,0,0,0,0
1,10001976,47,27740,019,070900,13.43,81667,71377,1.1442,80100,4645000,7,1,1,1,62.00,1,120,3,6.495,4645000,7505000,117,1,1,9,9,0,1,0,0,0,0,0,0,0
1,10001977,35,42140,049,001103,59.45,94766,84058,1.1274,91500,6725000,7,1,1,1,70.80,1,84,3,5.800,6725000,9505000,81,1,1,9,9,100,1,0,0,0,0,0,0,0
1,10001978,47,34980,149,040303,36.07,64783,96905,0.6685,104700,2865000,7,1,1,1,53.10,1,60,2,5.810,2865000,5405000,57,1,1,9,9,0,1,0,0,0,0,0,0,0
1,10001979,47,17420,011,010600,27.96,85603,74586,1.1477,80800,14455000,1,5,1,1,76.20,1,186,3,5.010,14455000,18965000,168,1,9,9,9,100,1,0,0,0,0,0,0,0
1,10001980,21,31140,029,020704,13.00,54800,88819,0.6170,95900,18285000,7,1,1,1,62.80,1,84,5,5.990,18285000,29105000,81,1,1,9,9,0,1,0,0,0,0,0,0,0
1,10001981,33,31700,011,014102,15.22,140250,118936,1.1792,126000,47465000,1,5,1,1,70.00,1,120,5,5.235,47465000,67805000,117,1,1,9,9,0,1,0,0,0,0,0,0,0
1,10001982,28,25620,035,010201,45.36,60625,68148,0.8896,72200,2705000,1,1,1,1,74.50,1,84,3,6.290,2705000,3625000,81,1,9,9,9,0,1,0,0,0,0,0,0,0
1,10001983,47,17420,011,011203,12.44,123705,74586,1.6586,80800,1555000,1,1,1,1,38.90,1,120,3,6.550,1555000,4005000,84,1,1,9,9,100,1,0,0,0,0,0,0,0
1,10001984,48,11100,375,011700,43.92,34706,82962,0.4183,87600,1855000,1,1,1,1,62.10,1,120,3,6.660,4275000,2985000,117,1,1,9,9,0,1,0,0,0,0,1,0,0
1,10001985,17,16980,031,071300,19.19,177250,106055,1.6713,109800,2945000,7,1,1,1,61.30,1,144,2,5.250,11715000,4805000,141,1,1,9,9,0,1,0,0,0,0,0,1,0
1,10001986,08,19740,005,081900,75.05,82848,119980,0.6905,130400,6035000,1,1,1,1,66.90,1,84,3,5.790,6035000,9005000,81,1,1,9,9,0,1,0,0,0,0,1,0,0
1,10001987,32,29820,003,002821,56.92,51424,82358,0.6244,87800,48405000,7,5,1,1,55.00,1,60,5,5.010,48405000,88005000,57,1,1,9,9,0,1,0,0,0,0,0,0,0
1,10001988,17,99999,077,011200,60.11,43059,79197,0.5437,87100,3315000,7,1,1,1,75.00,1,60,4,7.180,3315000,4425000,57,1,1,9,9,0,1,0,0,0,0,1,0,0
1,10001989,36,35620,047,036600,59.65,71200,113844,0.6254,119300,5005000,7,3,1,1,12.20,1,120,5,6.430,5005000,40905000,117,1,9,9,9,0,1,0,0,0,0,1,0,0
1,10001990,51,47260,740,210900,50.50,56310,95214,0.5914,100000,2015000,7,1,1,1,62.00,1,60,1,6.280,2015000,3255000,57,1,1,9,9,0,1,0,0,0,0,0,0,0
1,10001991,48,19100,113,000802,57.80,70688,99957,0.7072,107300,35275000,1,1,1,1,48.00,1,120,5,5.500,35275000,109505000,117,1,1,9,9,0,1,0,0,0,0,0,0,0
1,10001992,06,12540,029,002819,64.60,76635,71065,1.0784,78600,5505000,7,1,1,1,34.60,1,120,4,5.560,5505000,15905000,117,1,1,9,9,0,1,0,0,0,0,0,0,0
1,10001993,36,10580,093,033500,26.48,97679,109385,0.8930,117800,915000,7,1,1,1,70.40,1,120,1,5.700,6905000,1295000,117,1,1,9,9,0,1,0,0,0,0,0,0,0
1,10001994,24,47900,033,800212,85.36,140625,144539,0.9729,152900,5665000,9,1,1,2,64.90,1,45,5,7.630,5665000,139805000,42,1,1,9,9,0,1,0,0,0,0,0,1,0
1,10001995,05,30780,119,002403,82.57,49643,81609,0.6083,86400,3315000,1,1,1,2,74.20,1,82,5,8.230,3315000,20255000,79,1,9,9,9,0,1,0,0,0,0,1,0,0
1,10001996,49,36260,011,125415,24.29,119576,102427,1.1674,109800,39355000,7,1,1,1,61.80,1,120,5,5.340,39355000,63705000,117,1,1,9,9,0,1,0,0,0,0,0,0,0
1,10001997,35,42140,049,001102,41.98,93125,84058,1.1079,91500,19105000,7,5,1,1,57.50,1,60,4,5.870,19105000,33205000,57,1,1,9,9,0,1,0,0,0,0,0,1,0
1,10001998,49,41620,035,112402,48.77,92885,106248,0.8742,115400,13705000,1,1,1,1,65.00,1,60,3,5.260,13705000,21075000,57,1,1,9,9,0,1,0,0,0,0,0,0,0
1,10001999,48,19100,121,021644,44.78,250001,99957,2.5011,107300,20045000,7,1,1,1,63.10,1,60,5,5.520,20045000,31755000,57,1,1,9,9,0,1,0,0,0,0,0,0,0
1,10002000,18,21780,163,010101,38.39,55786,82873,0.6732,81400,19925000,7,1,1,1,60.00,1,120,5,5.520,19925000,33205000,117,1,1,9,9,0,1,0,0,0,0,0,0,0
1,10002001,06,31080,059,011720,95.27,48596,101056,0.4809,105700,1895000,9,1,1,2,55.60,1,74,2,8.140,1895000,13205000,71,1,1,9,9,0,1,0,0,0,0,1,0,0
1,10002002,32,39900,031,001204,40.27,31992,98707,0.3241,101200,64445000,7,1,1,1,65.00,1,84,5,4.960,64445000,99155000,81,1,1,9,9,0,1,0,0,0,0,1,0,0
1,10002003,09,25540,110,530301,33.77,80699,115967,0.6959,122400,495000,9,1,1,2,62.70,2,108,5,7.700,495000,34405000,105,1,1,9,9,0,1,0,0,0,0,0,0,0
1,10002004,40,46140,143,007411,53.07,61042,83507,0.7310,85300,13605000,2,1,1,1,42.90,1,120,5,5.210,13605000,31735000,117,1,9,9,9,0,1,0,0,0,0,0,0,0
1,10002005,29,28140,095,015600,50.83,45714,99766,0.4582,103000,2685000,9,1,1,2,65.30,1,118,5,8.450,2685000,34305000,115,1,1,9,9,0,1,0,0,0,0,1,0,0
1,10002006,18,34620,035,002000,19.47,47386,68452,0.6923,73400,2515000,1,1,1,1,74.80,2,84,2,5.970,10495000,3355000,81,1,1,9,9,0,1,0,0,0,0,1,0,0
1,10002007,21,17140,117,061600,34.48,62284,97826,0.6367,103700,43105000,1,1,1,1,59.60,1,120,5,5.600,43105000,72305000,117,1,1,9,9,0,1,0,0,0,0,1,0,0
1,10002008,34,35620,031,180900,96.49,41629,113844,0.3657,119300,885000,7,1,1,1,58.70,1,60,1,5.910,6285000,1505000,57,1,1,9,9,0,1,0,0,0,0,1,0,0
1,10002009,37,25860,023,021400,43.41,54358,70831,0.7674,78100,1415000,1,1,1,1,65.20,1,360,2,6.510,1415000,4645000,357,1,9,9,9,100,1,0,0,0,0,1,0,0
1,10002010,45,16700,019,003111,81.40,59701,96573,0.6182,105100,10665000,2,1,1,1,65.00,1,120,3,5.790,10665000,16405000,117,1,1,9,9,0,1,0,0,0,0,1,1,0
1,10002011,12,37860,033,003507,36.72,63988,82863,0.7722,92200,26745000,2,1,1,1,63.20,1,120,5,5.315,26745000,42305000,117,1,1,9,9,0,1,0,0,0,0,0,0,0
1,10002012,48,12420,453,043500,68.78,82692,115204,0.7178,126000,49005000,7,1,1,1,54.70,1,60,5,5.110,49005000,89605000,57,1,1,9,9,0,1,0,0,0,0,0,0,0
1,10002013,36,35620,047,115600,97.53,49404,113844,0.4340,119300,14105000,7,1,1,1,75.00,1,120,3,5.110,14105000,18805000,117,1,1,9,9,99,1,0,0,0,0,1,0,0
1,10002014,36,35620,103,169705,40.70,123333,113844,1.0834,119300,5255000,7,1,1,1,59.00,1,120,2,5.170,5255000,8905000,117,1,1,9,9,100,1,0,0,0,0,0,1,0
1,10002015,53,42660,033,025703,57.26,51000,127870,0.3988,136600,63965000,7,1,1,1,59.50,1,120,5,5.230,63965000,107425000,117,1,9,9,9,0,1,0,0,0,0,0,0,0
1,10002016,26,19820,125,161600,80.31,83244,93779,0.8877,97300,60005000,1,1,1,1,71.60,1,180,5,5.300,60005000,83785000,177,1,1,9,9,0,1,0,0,0,0,0,0,0
1,10002017,27,33460,003,050810,31.70,74787,119274,0.6270,123700,25805000,7,1,1,1,64.30,1,60,5,5.270,25805000,40155000,57,1,1,9,9,80,1,0,0,0,0,0,0,0
1,10002018,39,17140,061,026500,39.71,132381,97826,1.3532,103700,14505000,1,1,1,1,66.50,1,84,5,6.060,14505000,21805000,81,1,1,9,9,100,1,0,0,0,0,0,0,0
1,10002019,06,41740,073,005102,42.21,126168,111734,1.1292,119500,75355000,1,5,1,1,55.00,1,60,5,5.940,75355000,137005000,57,1,1,9,9,0,1,0,0,0,0,1,0,0
1,10002020,48,26420,201,533902,96.78,40365,92750,0.4352,95200,12475000,1,1,1,1,70.00,1,84,5,5.890,12475000,17815000,81,1,1,9,9,20,1,0,0,0,0,1,0,0
1,10002021,37,15500,001,021205,45.47,96795,78033,1.2404,77900,24435000,1,1,1,1,70.00,1,84,5,5.330,24435000,34905000,81,1,1,9,9,0,1,0,0,0,0,0,0,0
1,10002022,24,12580,510,230300,22.39,111313,118479,0.9395,122200,44525000,1,1,1,1,65.00,1,60,5,5.900,44525000,68505000,57,1,1,9,9,0,1,0,0,0,0,0,0,0
1,10002023,56,99999,033,000100,12.48,108738,102226,1.0637,108500,2445000,1,1,1,1,77.70,1,120,3,5.705,4005000,3495000,117,1,1,9,9,97,1,1,0,0,0,0,0,0
1,10002024,16,99999,013,960201,34.98,84311,87544,0.9631,93000,22715000,9,3,1,1,58.90,1,84,4,5.710,22715000,38605000,81,1,1,9,9,11,1,1,0,0,0,0,1,0
1,10002025,20,45820,177,002601,27.52,71701,85437,0.8392,87300,6745000,7,1,1,1,68.90,1,120,4,5.470,6745000,9795000,117,1,1,9,9,100,1,0,0,0,0,0,0,0
1,10002026,39,18140,041,010422,13.28,103013,97262,1.0591,103300,32505000,1,1,1,1,73.50,1,84,5,5.750,32505000,44255000,81,1,1,9,9,0,1,0,0,0,0,0,1,0
1,10002027,06,41860,081,608300,70.93,199000,154003,1.2922,166600,41885000,7,1,1,1,58.50,1,84,5,5.475,41885000,71605000,81,1,1,9,9,0,1,0,0,0,0,0,1,0
1,10002028,48,19100,439,111571,81.42,69033,99957,0.6906,107300,30345000,1,1,1,1,63.30,1,60,5,5.240,30345000,47955000,57,1,1,9,9,0,1,0,0,0,0,0,0,0
1,10002029,06,40900,061,022600,39.88,138750,106925,1.2976,113700,56205000,2,1,1,1,57.20,1,60,5,5.770,56205000,98305000,57,1,1,9,9,10,1,0,0,0,0,0,1,0
1,10002030,19,19780,153,003902,56.87,82255,102398,0.8033,111800,3765000,1,1,1,1,80.00,1,84,3,5.220,9765000,4705000,81,1,1,9,9,100,1,0,0,0,0,0,0,0
1,10002031,48,12420,453,000205,32.37,97536,115204,0.8466,126000,5905000,2,5,1,1,52.80,1,84,3,5.540,28045000,12505000,81,1,1,9,9,0,1,0,0,0,0,0,0,0
1,10002032,13,12060,135,050453,89.49,35799,98569,0.3632,106100,21565000,7,1,1,1,62.30,1,60,5,5.080,21565000,34605000,57,1,1,9,9,0,1,0,0,0,0,1,0,0
1,10002033,39,30620,003,013700,64.57,40179,76264,0.5268,84700,6055000,7,1,1,1,64.40,1,120,3,6.200,6055000,9405000,117,1,1,9,9,0,1,0,0,0,0,1,0,0
1,10002034,53,38900,011,041337,28.38,104875,110489,0.9492,116900,68825000,9,3,1,1,62.70,1,120,5,5.180,68825000,109805000,117,1,1,9,9,0,1,0,0,0,0,0,0,0
1,10002035,17,16980,031,081300,25.74,240927,106055,2.2717,109800,16045000,7,1,1,1,60.50,1,60,4,5.800,16045000,26505000,57,1,1,9,9,0,1,0,0,0,0,0,1,0
1,10002036,12,45300,103,028700,92.13,0,84454,0.0000,92000,27105000,2,1,1,1,68.40,1,205,5,3.760,27105000,39605000,199,1,1,9,9,100,1,0,0,0,0,1,0,0
1,10002037,27,33460,053,109100,15.93,131748,119274,1.1046,123700,28535000,9,1,1,1,64.60,1,120,5,5.675,48425000,44205000,117,1,1,9,9,0,1,0,0,0,0,0,1,0
1,10002038,48,99999,185,180201,65.43,51500,79747,0.6458,84700,2335000,7,1,1,1,64.90,1,84,2,6.420,2335000,3605000,81,1,1,9,9,100,1,1,0,0,0,0,0,0
1,10002039,09,47930,140,125200,47.33,72196,105763,0.6826,110400,3915000,7,1,1,1,71.80,1,120,1,5.650,7185000,5455000,117,1,1,9,9,0,1,0,0,0,0,1,0,0
1,10002040,36,35620,081,046000,98.45,67241,113844,0.5906,119300,7005000,7,3,1,1,15.80,1,120,5,5.970,7005000,48705000,117,1,9,9,9,0,1,0,0,0,0,1,0,0
1,10002041,37,22180,051,002506,62.47,74282,70670,1.0511,73500,20855000,2,1,1,1,65.00,1,60,5,5.540,20855000,32105000,57,1,1,9,9,0,1,0,0,0,0,0,0,0
1,10002042,18,26900,011,810500,10.77,94286,93688,1.0064,101200,4395000,1,1,1,1,57.80,1,84,2,5.990,4395000,7605000,81,1,1,9,9,0,1,1,0,0,0,0,1,0
1,10002043,39,17140,061,021509,56.33,69714,97826,0.7126,103700,37095000,1,1,1,1,80.00,1,84,5,5.760,37095000,46365000,81,1,1,9,9,20,1,0,0,0,0,0,0,0
1,10002044,18,23060,003,001200,24.30,66411,83564,0.7947,88000,16755000,1,5,1,1,69.70,1,204,5,5.460,15005000,24035000,120,1,9,9,9,100,1,0,0,0,0,1,0,0
1,10002045,48,19100,257,050500,80.41,45366,99957,0.4539,107300,9985000,1,1,1,1,63.60,1,84,4,6.000,9985000,15705000,81,1,1,9,9,0,1,1,0,0,0,1,0,0
1,10002046,21,31140,111,010103,26.73,76575,88819,0.8622,95900,25175000,2,1,1,1,65.00,1,120,5,5.480,56055000,40005000,117,1,1,9,9,0,1,0,0,0,0,0,0,0
1,10002047,13,47580,153,021117,44.15,128106,89734,1.4276,90900,24895000,1,1,1,1,65.00,1,120,5,5.240,24895000,38305000,117,1,1,9,9,0,1,0,0,0,0,0,0,0
1,10002048,17,16980,031,030500,39.74,138750,106055,1.3083,109800,1435000,7,1,1,1,52.60,1,120,2,5.730,7555000,2725000,117,1,1,9,9,0,1,0,0,0,0,0,0,0
1,10002049,48,26420,157,673403,67.04,163416,92750,1.7619,95200,36695000,1,1,1,1,75.00,1,84,5,5.600,36695000,48925000,81,1,1,9,9,90,1,0,0,0,0,0,0,0
1,10002050,37,16740,119,005306,90.80,65588,93744,0.6997,100300,1015000,7,1,1,1,60.40,2,84,1,6.250,1015000,1675000,81,1,1,9,9,0,1,0,0,0,0,1,0,0
1,10002051,25,14460,017,316300,28.46,141675,134646,1.0522,142000,76845000,1,1,1,1,67.00,1,60,5,5.070,76845000,114705000,57,1,1,9,9,25,1,0,0,0,0,0,1,0
1,10002052,37,16740,007,920502,57.18,63777,93744,0.6803,100300,2425000,1,1,1,1,72.60,1,360,1,6.510,2425000,4315000,357,1,9,9,9,100,1,0,0,0,0,0,0,0
1,10002053,13,31420,021,011800,40.97,59476,71239,0.8349,76000,10335000,2,1,1,1,63.00,1,60,4,5.670,17955000,16405000,57,1,1,9,9,0,1,0,0,0,0,0,0,0
1,10002054,26,28020,077,002802,16.60,102083,91978,1.1099,102500,4105000,2,1,1,1,54.00,2,120,2,6.600,4105000,7605000,117,1,1,9,9,0,1,0,0,0,0,0,0,0
1,10002055,37,34820,019,020204,13.64,73534,75945,0.9683,82900,725000,1,1,1,2,74.50,1,84,2,7.520,725000,4205000,81,1,9,9,9,100,1,1,0,0,0,0,0,0
1,10002056,12,38940,085,000606,17.08,131730,81366,1.6190,87800,49325000,7,1,1,1,62.50,1,120,5,5.870,49325000,78905000,117,1,1,9,9,0,1,0,0,0,0,0,1,0
1,10002057,27,33460,037,060728,30.25,139546,119274,1.1700,123700,20225000,2,3,1,1,48.30,1,120,5,5.360,20225000,41905000,117,1,9,9,9,0,1,0,0,0,0,0,1,0
1,10002058,13,12060,063,040426,85.62,86220,98569,0.8747,106100,11115000,7,1,1,1,68.20,1,84,4,6.130,11115000,16305000,81,1,1,9,9,0,1,0,0,0,0,0,0,0
1,10002059,39,49660,099,814100,51.50,32889,72376,0.4544,74900,6305000,7,1,1,1,60.60,2,120,4,5.330,6305000,10405000,117,1,1,9,9,100,1,0,0,0,0,1,0,0
1,10002060,26,19820,099,241900,28.63,84423,93779,0.9002,97300,5345000,7,1,1,1,44.60,1,120,4,5.990,5345000,11975000,117,1,1,9,9,0,1,0,0,0,0,0,0,0
1,10002061,41,38900,051,002203,37.40,130341,110489,1.1797,116900,31185000,2,1,1,1,61.20,1,60,5,5.630,31185000,51005000,57,1,1,9,9,0,1,0,0,0,0,0,0,0
1,10002062,41,38900,051,005002,30.70,0,110489,0.0000,116900,29545000,7,1,1,1,61.00,1,60,5,5.840,29545000,48405000,57,1,1,9,9,20,1,0,0,0,0,0,1,0
1,10002063,24,12580,005,440701,73.82,107448,118479,0.9069,122200,47105000,7,1,1,1,64.90,2,60,5,6.080,47105000,72605000,57,1,1,9,9,0,1,0,0,0,0,0,0,0
1,10002064,13,23580,139,000703,84.34,75938,86127,0.8817,92700,39915000,7,1,1,1,64.50,1,60,5,5.300,39915000,61905000,57,1,9,9,9,0,1,0,0,0,0,1,0,0
1,10002065,01,13820,117,030349,18.68,66094,87341,0.7567,94200,11775000,1,1,1,1,72.70,1,120,3,5.990,11775000,16205000,117,1,1,9,9,0,1,0,0,0,0,0,1,0
1,10002066,06,37100,111,004304,68.43,84969,116726,0.7279,125600,22305000,7,3,1,1,56.70,1,60,5,5.350,22305000,39355000,57,1,1,9,9,0,1,0,0,0,0,0,0,0
1,10002067,27,99999,007,450202,17.45,83886,86597,0.9687,91600,6625000,1,1,1,1,69.90,1,84,3,6.160,6625000,9475000,81,1,1,9,9,0,1,1,0,0,0,0,0,0
1,10002068,06,12540,029,002824,81.86,47083,71065,0.6625,78600,9825000,9,1,1,2,64.90,1,137,5,7.780,9825000,40405000,134,1,9,9,9,0,1,0,0,0,0,1,0,0
1,10002069,47,16860,065,012400,29.58,120089,82235,1.4603,92100,6205000,7,5,1,1,51.00,1,120,3,5.730,6205000,12155000,117,1,1,9,9,0,1,0,0,0,0,1,0,0
1,10002070,48,19100,439,111410,64.06,67500,99957,0.6753,107300,19815000,7,1,1,1,70.00,1,60,5,5.410,19815000,28305000,57,1,1,9,9,20,1,0,0,0,0,0,0,0
1,10002071,32,29820,003,004712,78.09,43333,82358,0.5262,87800,33935000,2,1,1,1,65.00,1,84,5,5.460,33935000,52205000,81,1,1,9,9,0,1,0,0,0,0,1,0,0
1,10002072,48,41700,029,191506,55.21,129024,85469,1.5096,89300,7975000,7,1,1,1,68.80,1,84,3,5.530,7975000,11605000,81,1,1,9,9,0,1,0,0,0,0,0,0,0
1,10002073,26,28020,077,001300,27.10,60938,91978,0.6625,102500,8415000,7,1,1,1,69.00,1,120,3,5.280,15805000,12205000,117,1,1,9,9,20,1,0,0,0,0,0,0,0
1,10002074,48,21340,141,010361,92.76,65750,61466,1.0697,63100,1325000,2,1,1,1,78.30,1,120,2,5.110,18925000,1695000,117,1,1,9,9,100,1,0,0,0,0,0,1,0
1,10002075,36,35620,119,002104,53.88,156579,113844,1.3754,119300,25005000,7,3,1,1,21.60,2,120,5,5.900,25005000,120305000,117,1,9,9,9,0,1,0,0,0,0,0,0,0
1,10002076,04,38060,013,103900,51.83,64839,93191,0.6958,101300,23075000,7,1,1,1,65.00,1,84,5,5.790,23075000,35505000,81,1,1,9,9,0,1,0,0,0,0,0,0,0
1,10002077,12,45300,057,011413,57.55,82371,84454,0.9753,92000,31905000,7,3,1,1,55.00,1,60,5,5.050,31905000,58005000,57,1,1,9,9,0,1,0,0,0,0,0,1,0
1,10002078,45,16700,035,010813,39.35,64979,96573,0.6729,105100,18575000,7,5,1,1,59.30,2,60,5,5.860,18575000,31305000,57,1,1,9,9,0,1,0,0,0,0,0,0,0
1,10002079,26,24340,081,012608,41.83,66123,93131,0.7100,98500,6605000,7,1,1,1,70.20,1,120,3,5.220,6605000,9405000,117,1,1,9,9,0,1,0,0,0,0,0,0,0
1,10002080,26,22420,049,010117,14.10,59597,75461,0.7898,78300,4225000,7,1,1,1,65.00,1,120,3,6.290,4225000,6505000,117,1,9,9,9,0,1,0,0,0,0,0,0,0
1,10002081,17,16980,031,841000,75.53,157625,106055,1.4863,109800,18635000,7,1,1,1,59.90,1,60,3,5.850,18635000,31105000,57,1,1,9,9,0,1,0,0,0,0,0,1,0
1,10002082,06,31080,037,124204,72.98,44970,101056,0.4450,105700,9135000,2,5,1,1,56.20,1,120,3,4.510,9135000,16245000,117,1,1,9,9,99,1,0,0,0,0,1,0,0
1,10002083,40,36420,109,106907,56.84,82589,84302,0.9797,89100,7765000,2,1,1,1,64.20,1,60,4,5.400,7765000,12105000,57,1,1,9,9,0,1,0,0,0,0,0,0,0
1,10002084,04,38060,013,115801,92.58,44177,93191,0.4741,101300,12225000,1,5,1,1,76.40,1,120,3,5.675,12225000,16005000,117,1,1,9,9,0,1,0,0,0,0,1,0,0
1,10002085,39,99999,043,041300,36.60,47683,82540,0.5777,94400,4465000,7,1,1,1,72.60,1,180,3,5.370,7875000,6155000,177,1,1,9,9,0,1,1,0,0,0,1,0,0
1,10002086,55,33340,133,200202,18.07,111156,97232,1.1432,102100,22805000,7,1,1,1,60.50,1,120,5,5.540,22805000,37705000,117,1,1,9,9,0,1,0,0,0,0,0,1,0
1,10002087,36,35620,047,019100,52.32,176513,113844,1.5505,119300,18285000,1,1,1,1,64.60,1,60,3,6.370,18285000,28305000,57,1,1,9,9,0,1,0,0,0,0,0,0,0
1,10002088,48,46340,423,001911,30.29,60797,83564,0.7276,87300,12005000,7,1,1,1,39.00,1,84,5,5.110,12005000,30805000,81,1,1,9,9,0,1,0,0,0,0,0,0,0
1,10002089,12,27260,019,031303,26.55,72262,88994,0.8120,98000,17005000,7,1,1,1,45.90,1,60,5,5.640,17005000,37005000,57,1,1,9,9,0,1,0,0,0,0,0,1,0
1,10002090,39,18140,049,010202,50.04,78547,97262,0.8076,103300,31675000,7,1,1,1,65.30,1,120,5,5.630,31675000,48505000,117,1,1,9,9,20,1,0,0,0,0,0,0,0
1,10002091,48,41700,029,181819,70.52,87065,85469,1.0187,89300,31105000,7,1,1,1,60.60,1,60,5,5.550,31105000,51305000,57,1,1,9,9,0,1,0,0,0,0,0,0,0
1,10002092,21,30460,067,001800,29.04,0,89904,0.0000,95200,8145000,7,1,1,1,49.70,1,120,4,4.910,8145000,16405000,117,1,1,9,9,0,1,0,0,0,0,1,0,0
1,10002093,25,14460,009,208200,21.59,100339,134646,0.7452,142000,3765000,7,1,1,1,44.30,1,60,2,4.990,9005000,8505000,57,1,1,9,9,0,1,0,0,0,0,0,1,0
1,10002094,44,39300,009,050302,10.58,139773,103773,1.3469,113200,18505000,7,1,1,1,64.70,1,120,4,5.990,18505000,28605000,117,1,1,9,9,100,1,0,0,0,0,0,0,0
1,10002095,12,33100,011,070104,74.39,51711,80554,0.6419,87600,8515000,1,1,1,1,77.40,1,84,3,5.770,8515000,11005000,81,1,1,9,9,0,1,0,0,0,0,0,0,0
1,10002096,29,41180,189,217806,20.20,119219,97901,1.2178,103200,26585000,1,1,1,1,65.00,1,120,5,5.820,26585000,40905000,117,1,1,9,9,0,1,0,0,0,0,0,0,0
1,10002097,06,31080,037,221900,70.84,46011,101056,0.4553,105700,45505000,1,1,1,1,62.80,1,192,5,4.910,45505000,72425000,168,1,9,9,9,100,1,0,0,0,0,1,0,0
1,10002098,53,42660,033,032325,57.52,175208,127870,1.3702,136600,62685000,2,5,1,1,63.60,1,84,5,4.930,62685000,98605000,81,1,1,9,9,0,1,0,0,0,0,0,1,0
1,10002099,36,35620,119,001000,90.28,27581,113844,0.2423,119300,19815000,2,1,1,1,71.50,1,120,4,5.480,19815000,27705000,117,1,1,9,9,98,1,0,0,0,0,1,0,0
1,10002100,53,42660,033,030802,57.35,100260,127870,0.7841,136600,4565000,2,1,1,1,58.10,1,60,2,5.580,4565000,7855000,57,1,1,9,9,0,1,0,0,0,0,1,0,0
1,10002101,40,46140,143,007410,62.90,61850,83507,0.7407,85300,20005000,7,1,1,1,64.60,1,120,5,5.620,20005000,30975000,117,1,1,9,9,0,1,0,0,0,0,0,0,0
1,10002102,17,16980,031,063400,24.95,213750,106055,2.0155,109800,4035000,7,1,1,1,60.20,1,144,2,5.250,13015000,6705000,141,1,1,9,9,0,1,0,0,0,0,0,0,0
1,10002103,45,43900,083,022804,25.85,95792,75197,1.2739,72500,3485000,1,1,1,1,60.00,2,120,2,5.840,10905000,5805000,117,1,1,9,9,0,1,0,0,0,0,0,0,0
1,10002104,51,40060,730,811000,76.16,83594,104391,0.8008,110000,6505000,7,1,1,1,54.60,1,120,4,5.440,6505000,11905000,117,1,1,9,9,0,1,0,0,0,0,1,0,0
1,10002105,30,99999,029,000901,14.17,66397,82539,0.8044,88400,10515000,7,3,1,1,52.10,1,145,3,6.150,10515000,20205000,142,1,1,9,9,0,1,1,0,0,0,0,0,0
1,10002106,05,30780,085,020206,18.40,62557,81609,0.7666,86400,5105000,7,1,1,1,70.00,1,84,3,5.710,5105000,7305000,81,1,9,9,9,0,1,0,0,0,0,0,0,0
1,10002107,32,39900,031,000900,77.65,41292,98707,0.4183,101200,6375000,7,1,1,1,51.40,1,120,3,5.610,6375000,12405000,117,1,1,9,9,0,1,0,0,0,0,1,0,0
1,10002108,53,42660,033,022005,42.34,103688,127870,0.8109,136600,53765000,1,5,1,1,54.10,1,120,5,4.970,53765000,73355000,117,1,1,9,9,0,1,0,0,0,0,0,1,0
1,10002109,06,31080,037,217200,73.14,74674,101056,0.7389,105700,14345000,7,5,1,1,52.30,1,120,3,4.510,14345000,27445000,117,1,1,9,9,97,1,0,0,0,0,0,0,0
1,10002110,36,35620,103,158304,12.61,171250,113844,1.5043,119300,985000,2,1,1,1,67.70,1,180,1,5.600,7485000,1455000,177,1,1,9,9,0,1,0,0,0,0,0,1,0
1,10002111,48,19100,439,121703,85.15,45525,99957,0.4555,107300,22195000,2,1,1,1,64.50,1,120,5,5.550,22195000,34405000,117,1,1,9,9,0,1,0,0,0,0,1,0,0
1,10002112,13,12060,121,002900,42.23,163438,98569,1.6581,106100,2105000,7,1,1,1,63.00,1,60,1,5.550,6175000,3335000,57,1,1,9,9,0,1,0,0,0,0,0,0,0
1,10002113,01,13820,073,010702,20.58,185926,87341,2.1287,94200,27305000,2,1,1,1,64.80,1,120,4,5.870,27305000,42105000,117,1,9,9,9,0,1,0,0,0,0,1,0,0
1,10002114,37,39580,183,052407,43.54,93374,113293,0.8242,122300,17455000,1,1,1,1,65.00,1,120,5,5.820,17455000,26855000,117,1,1,9,9,0,1,0,0,0,0,1,0,0
1,10002115,45,24860,045,001205,51.28,61875,82045,0.7542,84700,9625000,7,5,1,1,58.80,1,60,4,5.970,9625000,16355000,57,1,1,9,9,0,1,0,0,0,0,1,0,0
1,10002116,48,46340,423,001909,26.62,107045,83564,1.2810,87300,14755000,1,1,1,1,74.80,1,84,5,5.595,14755000,19735000,81,1,1,9,9,96,1,0,0,0,0,0,0,0
1,10002117,48,19100,085,031902,71.19,73125,99957,0.7316,107300,13945000,1,1,1,1,70.00,2,84,5,5.690,13945000,19915000,81,1,1,9,9,0,1,0,0,0,0,1,0,0
1,10002118,06,41740,073,010112,94.47,59306,111734,0.5308,119500,7705000,7,1,1,1,45.30,1,60,4,5.730,7705000,17005000,57,1,1,9,9,97,1,0,0,0,0,1,0,0
1,10002119,45,17900,079,011701,50.36,46346,81690,0.5673,86300,51535000,2,1,1,1,57.30,1,60,5,6.490,85835000,90005000,57,1,1,9,9,0,1,0,0,0,0,1,0,0
1,10002120,35,10740,001,004715,87.94,51547,79295,0.6501,86400,1755000,9,1,1,2,87.50,1,177,5,6.760,1755000,20305000,174,1,1,9,9,100,1,0,0,0,0,1,0,0
1,10002121,48,19100,439,113517,55.42,80000,99957,0.8003,107300,25215000,7,1,1,1,64.60,1,60,5,5.520,25215000,39055000,57,1,1,9,9,0,1,0,0,0,0,0,1,0
1,10002122,08,17820,041,000302,39.17,58867,98394,0.5983,103700,19005000,7,1,1,1,50.00,1,84,5,4.820,19005000,38005000,81,1,1,9,9,0,1,0,0,0,0,1,0,0
1,10002123,13,47580,225,040302,78.96,44286,89734,0.4935,90900,8305000,7,3,1,1,63.70,2,120,4,5.620,8305000,13025000,117,1,1,9,9,0,1,1,0,0,1,1,0,0
1,10002124,01,19460,103,005109,55.38,50500,76812,0.6575,82500,9525000,2,1,1,1,70.00,1,120,4,5.380,17045000,13605000,117,1,1,9,9,0,1,0,0,0,0,1,0,0
1,10002125,13,12060,217,100701,76.81,31086,98569,0.3154,106100,12355000,2,1,1,1,64.70,2,60,4,5.560,12355000,19105000,57,1,1,9,9,0,1,0,0,0,0,1,0,0
1,10002126,42,37980,101,033702,46.77,95697,108977,0.8781,114700,8385000,7,1,1,1,65.00,1,60,2,5.550,14625000,12905000,57,1,1,9,9,0,1,0,0,0,0,0,0,0
1,10002127,26,24340,081,001102,34.95,85000,93131,0.9127,98500,20505000,1,1,1,1,62.10,1,60,5,5.850,20505000,33005000,57,1,1,9,9,0,1,0,0,0,0,0,0,0
1,10002128,26,22420,049,011713,20.31,78412,75461,1.0391,78300,12915000,7,1,1,1,65.00,1,120,3,5.970,12915000,19875000,117,1,1,9,9,0,1,0,0,0,0,0,0,0
1,10002129,36,28740,111,952600,15.38,129643,104189,1.2443,117200,5255000,1,1,1,1,70.00,1,84,3,5.600,5255000,7505000,81,1,1,9,9,50,1,0,0,0,0,0,0,0
1,10002130,24,12580,510,170100,77.96,75125,118479,0.6341,122200,38375000,1,1,1,1,64.10,1,84,5,5.370,206065000,52005000,81,1,9,9,9,100,1,0,0,0,0,1,0,0
1,10002131,10,41540,005,050303,26.61,89598,91800,0.9760,100600,8385000,1,1,1,1,74.70,1,60,3,6.030,8385000,11225000,57,1,1,9,9,0,1,1,0,0,0,1,0,0
1,10002132,28,27140,049,000301,95.76,34271,76033,0.4507,80100,7015000,1,5,1,1,80.00,1,60,5,6.140,7015000,8765000,57,1,9,9,9,100,1,0,0,0,0,1,0,0
1,10002133,41,21660,039,002103,30.30,63497,84068,0.7553,89100,12305000,7,3,1,1,32.70,1,120,5,4.880,12305000,37675000,117,1,1,9,9,0,1,0,0,0,0,1,0,0
1,10002134,01,20020,069,040204,23.45,104803,69693,1.5038,77200,6965000,7,1,1,1,67.00,1,120,4,6.000,11795000,10405000,117,1,1,9,9,0,1,0,0,0,0,0,1,0
1,10002135,37,16740,097,060601,51.21,56912,93744,0.6071,100300,7205000,7,1,1,1,51.20,1,60,5,5.900,7205000,14075000,57,1,9,9,9,0,1,0,0,0,0,0,0,0
1,10002136,06,40900,067,001201,44.14,133000,106925,1.2439,113700,13365000,2,3,1,1,61.50,1,359,5,4.110,13365000,21745000,356,1,9,9,9,98,1,0,0,0,0,0,0,0
1,10002137,39,18140,089,753100,12.17,64306,97262,0.6612,103300,19005000,7,1,1,1,64.80,1,120,5,5.600,19005000,29305000,117,1,1,9,9,70,1,0,0,0,0,0,0,0
1,10002138,17,16980,031,061902,23.15,149318,106055,1.4079,109800,7595000,2,1,1,1,62.80,1,84,3,5.140,7595000,12105000,81,1,1,9,9,0,1,0,0,0,0,0,1,0
1,10002139,17,16980,097,861506,63.61,115379,106055,1.0879,109800,61885000,7,3,1,1,65.00,1,84,5,5.420,61885000,95205000,81,1,1,9,9,0,1,0,0,0,0,0,0,0
1,10002140,47,34980,037,015629,74.22,61571,96905,0.6354,104700,5295000,1,1,1,1,80.00,1,120,3,6.180,5295000,6625000,117,1,1,9,9,60,1,0,0,0,0,0,0,0
1,10002141,36,13780,007,001100,45.97,22461,80050,0.2806,88700,17285000,7,1,1,1,73.60,2,120,4,5.020,17285000,23475000,117,1,1,9,9,99,1,0,0,0,0,1,0,0
1,10002142,06,41860,001,436601,91.30,81161,154003,0.5270,166600,5935000,2,1,1,1,31.10,1,60,3,4.850,5935000,19105000,57,1,1,9,9,0,1,0,0,0,0,0,0,0
1,10002143,31,36540,055,007523,10.22,197740,102337,1.9322,109700,45305000,2,1,1,1,63.50,1,120,5,4.925,45305000,71305000,117,1,1,9,9,0,1,0,0,0,0,0,0,0
1,10002144,24,41540,045,010200,89.22,59189,89809,0.6591,100600,4155000,7,1,1,1,69.30,1,120,3,6.115,4155000,6005000,117,1,1,9,9,100,1,0,0,0,0,0,0,0
1,10002145,13,12060,089,021418,89.54,31080,98569,0.3153,106100,26555000,1,1,1,1,65.00,1,120,5,5.820,26555000,40855000,117,1,1,9,9,0,1,0,0,0,0,1,0,0
1,10002146,42,37980,101,021000,19.58,89021,108977,0.8169,114700,11515000,2,1,1,1,72.00,1,120,2,5.600,17495000,16005000,117,1,1,9,9,0,1,0,0,0,0,0,0,0
1,10002147,48,12420,491,020311,56.37,135667,115204,1.1776,126000,43735000,7,1,1,1,57.00,1,120,5,5.750,43735000,76805000,117,1,1,9,9,0,1,0,0,0,0,0,0,0
1,10002148,51,47260,199,051100,38.60,136773,95214,1.4365,100000,14235000,1,1,1,1,65.00,1,60,4,5.830,14235000,21905000,57,1,1,9,9,0,1,0,0,0,0,0,0,0
1,10002149,48,26420,201,330303,95.59,58832,92750,0.6343,95200,37525000,2,1,1,1,62.10,1,60,5,6.060,37525000,60405000,57,1,1,9,9,0,1,0,0,0,0,0,0,0
1,10002150,13,17980,215,011400,45.65,32266,68897,0.4683,68500,8155000,2,3,1,1,76.20,1,180,4,3.190,8155000,10705000,177,1,9,9,9,100,1,0,0,0,0,1,0,0
1,10002151,33,31700,011,025502,8.60,108065,118936,0.9086,126000,1995000,7,1,1,1,64.30,1,120,2,5.960,1995000,3105000,117,1,1,9,9,100,1,1,0,0,0,0,0,0
1,10002152,42,37980,101,003300,73.71,52132,108977,0.4784,114700,5665000,7,1,1,1,72.20,2,120,2,6.090,5665000,7855000,117,1,1,9,9,10,1,0,0,0,0,1,0,0
1,10002153,06,31080,059,052430,67.06,181299,101056,1.7940,105700,44215000,7,1,1,1,52.50,1,60,5,4.960,44215000,84205000,57,1,1,9,9,0,1,0,0,0,0,0,1,0
1,10002154,06,31080,059,110301,74.40,125758,101056,1.2444,105700,8875000,7,1,1,1,26.60,1,120,3,4.845,8875000,33405000,117,1,1,9,9,0,1,0,0,0,0,0,1,0
1,10002155,36,40380,069,050104,11.06,197726,93554,2.1135,96500,6405000,7,1,1,1,49.20,2,84,3,5.840,6405000,13005000,81,1,1,9,9,0,1,0,0,0,0,0,1,0
1,10002156,36,35620,081,071100,55.57,129539,113844,1.1379,119300,8005000,7,1,1,1,21.60,1,60,4,5.890,8005000,37005000,57,1,1,9,9,0,1,0,0,0,0,0,0,0
1,10002157,19,47940,013,002601,14.22,94800,87266,1.0863,90000,2255000,9,1,1,2,64.70,1,127,4,7.940,2255000,25805000,124,1,9,9,9,0,1,0,0,0,0,1,0,0
1,10002158,13,12060,135,050574,77.38,45877,98569,0.4654,106100,57745000,7,1,1,1,54.70,1,120,5,5.990,57745000,105605000,117,1,1,9,9,0,1,0,0,0,0,0,0,0
1,10002159,39,18140,045,030901,8.32,104398,97262,1.0734,103300,3185000,9,1,1,2,65.00,1,63,4,7.190,3185000,23305000,60,1,9,9,9,0,1,1,0,0,0,0,1,0
1,10002160,32,29820,003,002506,77.23,65727,82358,0.7981,87800,9005000,7,1,1,1,39.00,1,60,5,4.900,9005000,23105000,57,1,1,9,9,0,1,0,0,0,0,1,0,0
1,10002161,16,14260,001,001702,27.49,65875,91708,0.7183,98000,1265000,9,1,1,2,56.50,1,70,3,6.680,1265000,10745000,67,1,1,9,9,0,1,0,0,0,0,1,0,0
1,10002162,48,15180,061,013700,98.13,36141,54380,0.6646,60400,835000,1,1,1,1,64.10,1,120,1,6.650,3525000,1305000,117,1,1,9,9,0,1,0,0,0,0,1,0,0
1,10002163,41,38900,067,031617,53.43,80046,110489,0.7245,116900,91915000,7,5,1,1,65.00,1,60,5,5.175,91915000,141405000,57,1,1,9,9,0,1,0,0,0,0,0,1,0
1,10002164,34,35620,031,182302,98.04,57063,113844,0.5012,119300,4005000,2,1,1,1,51.00,1,120,1,6.680,4005000,7855000,117,1,9,9,9,0,1,0,0,0,0,1,0,0
1,10002165,12,33100,011,030402,97.83,33647,80554,0.4177,87600,10085000,7,1,1,1,52.50,1,180,4,5.080,10085000,19205000,177,1,9,9,9,87,1,0,0,0,0,1,0,0
1,10002166,36,35620,059,303600,46.56,160776,113844,1.4123,119300,965000,2,1,1,1,66.80,1,180,1,5.600,6745000,1455000,177,1,1,9,9,0,1,0,0,0,0,0,1,0
1,10002167,36,28880,027,140101,35.04,100568,113377,0.8870,114800,19595000,2,1,1,1,63.40,1,84,3,5.930,19595000,30905000,81,1,1,9,9,50,1,0,0,0,0,0,0,0
1,10002168,34,35620,031,183200,94.48,0,113844,0.0000,119300,5765000,2,1,1,1,64.80,1,120,1,5.770,22605000,8905000,117,1,1,9,9,0,1,0,0,0,0,1,0,0
1,10002169,09,35980,180,800600,77.26,42426,109247,0.3884,111400,375000,7,1,1,1,71.40,2,60,1,7.770,1205000,535000,57,1,9,9,9,0,1,1,0,0,0,1,0,0
1,10002170,17,16980,031,252102,99.53,51945,106055,0.4898,109800,495000,7,1,1,1,80.00,2,120,1,6.020,4225000,615000,117,1,1,9,9,0,1,0,0,0,0,1,0,0
1,10002171,37,39580,183,053608,74.35,140530,113293,1.2404,122300,44155000,2,3,1,1,60.90,1,120,5,6.030,123395000,71805000,117,1,1,9,9,0,1,0,0,0,0,0,0,0
1,10002172,54,13220,081,000300,29.89,46042,64351,0.7155,68100,1885000,7,1,1,1,65.00,1,60,2,6.490,1885000,2895000,57,1,1,9,9,0,1,0,0,0,0,0,0,0
1,10002173,36,10580,093,033500,26.48,97679,109385,0.8930,117800,455000,7,1,1,1,70.40,1,120,1,5.700,6905000,645000,117,1,1,9,9,0,1,0,0,0,0,0,0,0
1,10002174,12,33100,086,003607,97.46,31035,80554,0.3853,87600,4705000,7,5,1,1,22.60,1,168,5,5.710,4705000,20805000,165,1,1,9,9,100,1,0,0,0,0,1,0,0
1,10002175,36,35620,119,000204,96.67,61467,113844,0.5399,119300,7865000,2,1,1,1,66.60,1,120,3,5.480,7865000,11805000,117,1,1,9,9,96,1,0,0,0,0,1,0,0
1,10002176,48,19100,113,006001,96.76,59605,99957,0.5963,107300,6575000,1,1,1,1,75.00,1,60,4,6.850,6575000,8765000,57,1,9,9,9,0,1,0,0,0,0,1,0,0
1,10002177,26,19820,163,565302,57.93,64118,93779,0.6837,97300,20505000,1,1,1,1,74.90,1,120,5,5.680,20505000,27355000,117,1,1,9,9,0,1,0,0,0,0,0,0,0
1,10002178,48,19100,439,111536,87.09,64917,99957,0.6495,107300,19395000,2,1,1,1,70.00,1,60,5,5.660,19395000,27705000,57,1,1,9,9,35,1,0,0,0,0,0,0,0
1,10002179,27,20260,075,370400,6.50,70833,90540,0.7823,95600,2545000,7,1,1,1,41.40,1,120,2,5.180,2545000,6145000,117,1,1,9,9,0,1,1,0,0,0,0,0,0
1,10002180,06,23420,019,005607,55.88,44938,76092,0.5906,84300,9005000,7,1,1,1,32.60,1,120,5,5.560,9005000,27605000,117,1,1,9,9,0,1,0,0,0,0,0,0,0
1,10002181,51,47260,700,032128,68.90,57446,95214,0.6033,100000,12345000,1,1,1,1,69.80,1,120,4,5.210,12345000,17705000,117,1,1,9,9,0,1,0,0,0,0,0,0,0
1,10002182,51,40060,087,200151,44.33,138035,104391,1.3223,110000,5975000,9,1,1,2,68.50,1,96,5,7.830,5975000,55605000,93,1,1,9,9,0,1,0,0,0,0,0,0,0
1,10002183,37,16740,007,920301,31.17,62350,93744,0.6651,100300,1095000,1,1,1,1,73.40,1,360,1,6.510,1095000,2155000,357,1,9,9,9,100,1,1,0,0,0,0,0,0
1,10002184,18,26900,097,310306,91.85,63981,93688,0.6829,101200,6005000,7,1,1,1,27.60,1,120,5,5.890,6005000,21705000,117,1,1,9,9,0,1,0,0,0,0,1,0,0
1,10002185,20,28140,091,053007,25.47,127083,99766,1.2738,103000,3525000,9,1,1,2,61.30,1,104,5,7.920,3525000,28805000,101,1,1,9,9,45,1,0,0,0,0,0,1,0
1,10002186,38,99999,053,962301,17.74,122571,102045,1.2012,108300,1885000,9,3,1,2,54.30,1,69,4,7.030,1885000,17775000,66,1,1,9,9,0,1,1,0,0,0,0,0,0
1,10002187,49,39340,049,001107,25.17,91477,100078,0.9141,109500,78375000,7,1,1,1,53.30,2,120,5,5.540,78375000,146935000,117,1,1,9,9,0,1,0,0,0,0,0,0,0
1,10002188,12,45300,103,021600,51.53,101875,84454,1.2063,92000,15085000,1,1,1,2,65.00,1,69,5,7.060,15085000,81005000,66,1,1,9,9,0,1,0,0,0,0,1,0,0
1,10002189,09,14860,190,021602,61.33,87418,135149,0.6468,145700,74315000,7,1,1,1,63.50,1,60,5,5.070,74315000,117005000,57,1,1,9,9,0,1,0,0,0,0,0,0,0
1,10002190,34,35620,013,014600,80.00,100809,113844,0.8855,119300,70875000,7,1,1,1,64.20,1,60,5,5.340,70875000,110405000,57,1,1,9,9,0,1,0,0,0,0,0,0,0
1,10002191,48,21340,141,000206,88.92,51957,61466,0.8453,63100,1775000,2,1,1,1,78.30,1,120,2,5.110,18925000,2265000,117,1,1,9,9,100,1,0,0,0,0,0,0,0
1,10002192,22,12940,033,003804,32.50,112083,87118,1.2866,86800,17145000,7,3,1,1,65.00,2,120,5,5.770,17145000,26375000,117,1,1,9,9,0,1,0,0,0,0,0,0,0
1,10002193,06,41860,001,406000,78.40,82361,154003,0.5348,166600,11835000,7,5,1,1,57.70,1,120,3,5.460,11835000,20505000,117,1,1,9,9,60,1,0,0,0,0,1,0,0
1,10002194,36,35620,047,052300,65.59,61500,113844,0.5402,119300,8935000,7,1,1,1,51.30,1,60,1,5.900,8935000,17405000,57,1,1,9,9,0,1,0,0,0,0,0,0,0
1,10002195,53,42660,033,030003,56.25,81583,127870,0.6380,136600,16755000,7,1,1,1,37.30,1,84,5,5.360,16755000,44855000,81,1,1,9,9,0,1,0,0,0,0,0,0,0
1,10002196,04,46060,019,000100,39.79,134464,82620,1.6275,90200,7715000,7,1,1,1,58.00,1,120,3,5.950,7715000,13305000,117,1,1,9,9,0,1,0,0,0,0,0,0,0
1,10002197,29,44180,077,002700,18.98,69875,75885,0.9208,80500,13355000,7,5,1,1,65.00,1,60,4,5.480,13355000,20555000,57,1,1,9,9,0,1,0,0,0,0,1,0,0
1,10002198,04,38060,013,104302,51.75,0,93191,0.0000,101300,25765000,7,1,1,1,66.20,1,60,5,4.930,25765000,38905000,57,1,1,9,9,0,1,0,0,0,0,1,0,0
1,10002199,19,16300,113,001102,17.53,93516,95503,0.9792,101700,25765000,1,1,1,1,75.00,1,120,5,5.390,25765000,34355000,117,1,1,9,9,0,1,0,0,0,0,0,0,0
1,10002200,09,14860,120,071300,93.69,34822,135149,0.2577,145700,5255000,7,1,1,1,65.60,2,60,2,6.490,5255000,8005000,57,1,1,9,9,0,1,0,0,0,0,1,0,0
1,10002201,48,19100,113,010904,97.52,46488,99957,0.4651,107300,23305000,1,1,1,1,71.20,1,84,5,5.410,23305000,32745000,81,1,1,9,9,0,1,0,0,0,0,1,0,0
1,10002202,06,31080,037,461600,88.04,72028,101056,0.7128,105700,18955000,9,1,1,2,74.30,1,94,5,7.630,18955000,203005000,91,1,9,9,9,100,1,0,0,0,0,0,0,0
1,10002203,40,99999,119,010202,39.55,95526,71757,1.3312,77200,13475000,1,1,1,1,66.70,1,120,5,5.860,13475000,20205000,117,1,1,9,9,0,1,1,0,0,1,1,0,0
1,10002204,06,99999,005,000401,23.73,95410,95970,0.9942,101900,1795000,7,3,1,1,65.90,2,144,2,5.830,1795000,4275000,141,1,9,9,9,98,1,1,0,0,0,0,1,0
1,10002205,17,16980,031,061901,29.57,149803,106055,1.4125,109800,5545000,7,1,1,1,60.20,1,144,2,5.250,13015000,9205000,141,1,1,9,9,0,1,0,0,0,0,0,1,0
1,10002206,37,99999,165,010102,54.18,55528,67542,0.8221,73300,2225000,1,1,1,1,72.00,1,360,2,6.510,2225000,4965000,357,1,9,9,9,100,1,1,0,0,0,1,0,0
1,10002207,47,16860,065,011444,84.93,49167,82235,0.5979,92100,6015000,1,1,1,1,54.90,1,60,3,6.240,6015000,10955000,57,1,1,9,9,100,1,0,0,0,0,1,0,0
1,10002208,42,37980,045,401502,44.66,87824,108977,0.8059,114700,38255000,2,1,1,1,62.30,1,84,5,5.210,233465000,61505000,81,1,1,9,9,100,1,0,0,0,0,0,0,0
1,10002209,20,99999,037,957100,31.13,35769,76220,0.4693,82700,7745000,1,1,1,1,70.30,1,204,4,5.130,7745000,11015000,201,1,9,9,9,100,1,1,0,0,0,1,0,0
1,10002210,12,27260,031,013504,68.67,68828,88994,0.7734,98000,6625000,7,1,1,1,64.30,1,60,3,5.940,6625000,10315000,57,1,1,9,9,0,1,0,0,0,0,0,0,0
1,10002211,36,35620,103,123500,45.72,82719,113844,0.7266,119300,1215000,2,1,1,1,67.70,1,180,1,5.600,7485000,1805000,177,1,1,9,9,0,1,0,0,0,0,0,0,0
1,10002212,21,21780,101,020602,22.07,74934,71953,1.0414,81400,6835000,1,1,1,1,65.00,1,120,4,5.740,6835000,10515000,117,1,1,9,9,18,1,0,0,0,0,0,0,0
1,10002213,29,44180,077,001401,25.34,39411,75885,0.5194,80500,14435000,1,1,1,1,75.00,1,60,5,6.060,14435000,19255000,57,1,1,9,9,0,1,0,0,0,0,1,0,0
1,10002214,05,22220,143,010512,35.72,59804,88653,0.6746,94400,27535000,7,1,1,1,62.40,1,120,5,5.270,27535000,44105000,117,1,1,9,9,0,1,0,0,0,0,0,0,0
1,10002215,16,38540,005,001102,20.01,86488,79316,1.0904,84200,21075000,7,1,1,1,64.40,2,120,5,5.610,21075000,32715000,117,1,1,9,9,0,1,0,0,0,0,0,1,0
1,10002216,12,37340,009,064123,29.69,63942,87701,0.7291,99700,13895000,1,1,1,1,65.00,1,60,5,4.700,13895000,21375000,57,1,1,9,9,0,1,0,0,0,0,0,0,0
1,10002217,48,12420,453,000204,25.70,250001,115204,2.1701,126000,6155000,2,5,1,1,52.80,1,84,3,5.540,28045000,12355000,81,1,1,9,9,0,1,0,0,0,0,0,0,0
1,10002218,49,41620,035,111602,51.88,49892,106248,0.4696,115400,7145000,9,1,1,2,56.30,1,53,5,8.750,7145000,74975000,50,1,9,9,9,0,1,0,0,0,0,1,0,0
1,10002219,35,42140,049,001202,78.27,48377,84058,0.5755,91500,7715000,1,1,1,1,74.80,1,120,4,5.550,17335000,10405000,117,1,1,9,9,98,1,0,0,0,0,1,0,0
1,10002220,49,36260,057,200900,44.07,52625,102427,0.5138,109800,6255000,7,1,1,1,26.80,1,120,5,6.280,6255000,23335000,117,1,1,9,9,0,1,0,0,0,0,1,0,0
1,10002221,12,33100,011,070504,88.75,34441,80554,0.4276,87600,14325000,7,1,1,1,55.70,1,60,4,6.320,14325000,25745000,57,1,1,9,9,0,1,0,0,0,0,0,0,0
1,10002222,47,34980,037,018904,52.26,82688,96905,0.8533,104700,10955000,1,1,1,1,75.00,1,60,4,5.690,10955000,14605000,57,1,1,9,9,0,1,0,0,0,0,0,0,0
1,10002223,45,16700,019,003700,81.40,34663,96573,0.3589,105100,61755000,7,1,1,1,65.80,1,84,5,5.650,61755000,93805000,81,1,1,9,9,75,1,0,0,0,0,1,0,0
1,10002224,41,38900,051,002702,25.69,99722,110489,0.9026,116900,5815000,1,1,1,1,70.00,1,84,2,5.970,5815000,8305000,81,1,1,9,9,38,1,0,0,0,0,0,0,0
1,10002225,13,12060,089,021910,88.58,66219,98569,0.6718,106100,19905000,7,1,1,1,57.90,1,60,5,5.790,19905000,34405000,57,1,1,9,9,0,1,0,0,0,0,0,0,0
1,10002226,48,19100,113,004300,72.21,72500,99957,0.7253,107300,41775000,7,5,1,1,50.50,2,60,5,6.160,41775000,82805000,57,1,1,9,9,0,1,0,0,0,0,1,0,0
1,10002227,47,34980,037,010403,70.30,31250,96905,0.3225,104700,10915000,2,1,1,1,62.40,1,120,4,5.760,10915000,17505000,117,1,1,9,9,60,1,0,0,0,0,1,0,0
1,10002228,55,24580,009,020502,19.12,68155,93298,0.7305,96900,9295000,7,1,1,1,65.00,1,120,3,5.800,9295000,14305000,117,1,1,9,9,0,1,0,0,0,0,1,1,0
1,10002229,26,19820,125,160600,67.76,98056,93779,1.0456,97300,17635000,1,1,1,1,70.00,1,180,5,5.780,17635000,25195000,177,1,1,9,9,0,1,0,0,0,0,0,0,0
1,10002230,33,31700,011,012202,15.62,101000,118936,0.8492,126000,6125000,7,1,1,1,70.40,1,120,3,5.960,6125000,8705000,117,1,1,9,9,100,1,0,0,0,0,0,0,0
1,10002231,51,47900,059,451400,85.47,54450,144539,0.3767,152900,20715000,7,1,1,1,43.90,1,60,5,5.480,20715000,47205000,57,1,1,9,9,0,1,0,0,0,0,1,0,0
1,10002232,21,31140,111,010004,33.95,67464,88819,0.7596,95900,36785000,2,1,1,1,65.00,1,120,5,5.480,56055000,54505000,117,1,1,9,9,0,1,0,0,0,0,0,1,0
1,10002233,53,48300,007,961301,16.99,103846,86553,1.1998,100300,16885000,1,1,1,1,65.00,1,84,3,5.915,16885000,25985000,81,1,1,9,9,0,1,0,0,0,0,0,0,0
1,10002234,18,26900,095,012000,48.78,29325,93688,0.3130,101200,3585000,1,1,1,1,65.80,2,120,3,6.280,3585000,5405000,117,1,1,9,9,100,1,0,0,0,0,1,0,0
1,10002235,47,34980,037,010901,55.49,82730,96905,0.8537,104700,18715000,1,1,1,1,66.90,1,84,5,5.500,18715000,28005000,81,1,1,9,9,0,1,0,0,0,0,0,0,0
1,10002236,20,48620,173,009301,29.96,69417,84050,0.8259,91200,1845000,9,1,1,2,69.90,1,102,4,7.460,1845000,10805000,99,1,9,9,9,0,1,0,0,0,0,0,1,0
1,10002237,08,24540,123,002107,19.54,128438,102620,1.2516,114500,5675000,7,1,1,1,55.30,1,60,3,5.755,5675000,10265000,57,1,9,9,9,0,1,1,0,0,0,0,0,0
1,10002238,48,99999,323,950701,94.64,90600,58679,1.5440,62300,15505000,1,1,1,1,74.40,1,84,5,5.970,15505000,20825000,81,1,1,9,9,0,1,1,0,0,0,0,0,1
1,10002239,40,36420,109,106601,46.06,73059,84302,0.8666,89100,6115000,7,1,1,1,65.00,2,120,4,5.595,6115000,9415000,117,1,1,9,9,0,1,0,0,0,0,0,0,0
1,10002240,04,38060,013,318800,49.38,55098,93191,0.5912,101300,9355000,7,1,1,1,55.00,1,120,4,6.080,9355000,17005000,117,1,1,9,9,0,1,0,0,0,0,1,0,0
1,10002241,08,19740,035,013904,26.08,101635,119980,0.8471,130400,64325000,1,5,1,1,63.20,1,60,5,5.130,64325000,101725000,57,1,1,9,9,0,1,0,0,0,0,0,0,0
1,10002242,13,42340,051,003900,61.12,71089,87035,0.8168,92400,1545000,7,5,1,1,56.10,1,84,2,6.210,2305000,2755000,81,1,1,9,9,0,1,0,0,0,0,0,0,0
1,10002243,18,26900,097,342200,51.32,57953,93688,0.6186,101200,11855000,7,1,1,1,61.10,1,60,4,5.370,11855000,19405000,57,1,1,9,9,50,1,0,0,0,0,1,0,0
1,10002244,39,17140,061,000700,38.48,141513,97826,1.4466,103700,36925000,2,1,1,1,64.00,1,120,5,5.890,36925000,57705000,117,1,1,9,9,100,1,0,0,0,0,0,0,0
1,10002245,37,16740,159,051303,51.29,68234,93744,0.7279,100300,6015000,7,1,1,1,63.40,2,60,3,5.820,6015000,9495000,57,1,1,9,9,0,1,0,0,0,0,0,0,0
1,10002246,45,22500,041,001200,19.78,108839,70289,1.5485,75500,8215000,7,1,1,1,62.20,1,60,4,6.160,8215000,13205000,57,1,1,9,9,0,1,0,0,0,0,0,0,0
1,10002247,48,19100,113,001703,27.22,195289,99957,1.9537,107300,26855000,2,3,1,1,54.10,1,60,5,4.385,237755000,52805000,57,1,1,9,9,0,1,0,0,0,0,0,1,0
1,10002248,36,35620,061,008900,36.43,192044,113844,1.6869,119300,615000,7,3,1,1,5.60,1,120,1,6.440,615000,14405000,117,1,9,9,9,0,1,0,0,0,0,0,0,0
1,10002249,01,26620,089,010625,86.37,32374,99604,0.3250,113600,13775000,2,1,1,1,60.40,1,120,5,5.315,13775000,22805000,117,1,1,9,9,0,1,0,0,0,0,1,0,0
1,10002250,36,35620,103,169705,40.70,123333,113844,1.0834,119300,23255000,7,1,1,1,62.50,1,120,5,5.170,23255000,37205000,117,1,1,9,9,99,1,0,0,0,0,0,1,0
1,10002251,06,41740,073,005402,32.09,140380,111734,1.2564,119500,32565000,7,1,1,1,56.80,1,120,5,5.650,32565000,57375000,117,1,1,9,9,99,1,0,0,0,0,0,0,0
1,10002252,24,12580,510,250101,90.06,69379,118479,0.5856,122200,6185000,7,1,1,1,54.50,1,120,3,5.260,6185000,11355000,117,1,1,9,9,0,1,0,0,0,0,0,0,0
1,10002253,36,45060,067,011102,35.43,46019,90955,0.5060,94800,4175000,7,1,1,1,74.50,1,84,2,5.390,12075000,5605000,81,1,9,9,9,0,1,0,0,0,0,0,1,0
1,10002254,55,39540,101,001701,43.66,63781,90539,0.7045,97300,52105000,7,1,1,1,62.50,1,120,5,6.250,52105000,83355000,117,1,1,9,9,0,1,0,0,0,0,0,1,0
1,10002255,41,41420,053,020304,30.98,78029,85870,0.9087,91300,1345000,1,1,1,1,66.00,1,60,1,6.860,1345000,2035000,57,1,1,9,9,91,1,1,0,0,0,1,0,0
1,10002256,06,17020,007,000904,24.01,129390,85990,1.5047,96600,18905000,7,1,1,1,60.00,1,120,5,5.410,18905000,31505000,117,1,1,9,9,0,1,1,0,0,0,0,0,0
1,10002257,05,30780,119,002103,58.88,69938,81609,0.8570,86400,10325000,1,1,1,1,80.00,1,120,5,5.560,10325000,12905000,117,1,1,9,9,0,1,0,0,0,0,0,0,0
1,10002258,05,30780,119,004215,31.33,150227,81609,1.8408,86400,12515000,1,1,1,1,65.00,1,60,5,5.570,20605000,19255000,57,1,1,9,9,0,1,0,0,0,0,0,0,0
1,10002259,40,36420,109,108538,35.32,64727,84302,0.7678,89100,12505000,7,1,1,1,59.60,1,120,5,5.620,12505000,20975000,117,1,1,9,9,0,1,0,0,0,0,0,1,0
1,10002260,25,14460,025,060602,19.94,250001,134646,1.8567,142000,56325000,1,1,1,1,55.00,1,120,5,5.320,56325000,102455000,117,1,1,9,9,13,1,0,0,0,0,0,1,0
1,10002261,17,16980,031,071400,24.43,250001,106055,2.3573,109800,3275000,7,1,1,1,57.30,1,60,2,5.800,39285000,5725000,57,1,1,9,9,0,1,0,0,0,0,0,0,0
1,10002262,09,14860,120,061400,43.94,145987,135149,1.0802,145700,47515000,2,1,1,1,57.00,1,60,5,5.160,47515000,83405000,57,1,1,9,9,10,1,0,0,0,0,0,0,0
1,10002263,06,31080,037,207502,77.68,42969,101056,0.4252,105700,23255000,7,1,1,1,36.30,1,60,5,4.690,23255000,64105000,57,1,1,9,9,0,1,0,0,0,0,1,0,0
1,10002264,34,35620,013,015600,66.99,128365,113844,1.1276,119300,10005000,7,1,1,1,58.80,1,60,3,6.080,10005000,17005000,57,1,9,9,9,0,1,0,0,0,0,0,0,0
1,10002265,18,99999,017,951600,30.02,76866,77754,0.9886,81100,2905000,7,3,1,1,61.60,1,120,2,6.210,5635000,4715000,117,1,1,9,9,0,1,1,0,0,0,0,0,0
1,10002266,06,12540,029,000601,64.37,0,71065,0.0000,78600,8175000,1,1,1,1,65.90,1,120,3,5.950,8175000,12415000,117,1,1,9,9,100,1,0,0,0,0,1,0,0
1,10002267,42,37980,091,200906,26.38,110511,108977,1.0141,114700,30195000,1,1,1,1,59.30,1,60,5,5.510,30195000,50905000,57,1,1,9,9,0,1,0,0,0,0,0,0,0
1,10002268,36,10580,093,033500,26.48,97679,109385,0.8930,117800,835000,7,1,1,1,70.40,1,120,1,5.700,6905000,1195000,117,1,1,9,9,0,1,0,0,0,0,0,0,0
1,10002269,13,12060,121,001203,44.63,250001,98569,2.5363,106100,26925000,1,1,1,1,46.00,1,60,5,5.240,103345000,70305000,57,1,1,9,9,0,1,0,0,0,0,0,0,0
1,10002270,13,12060,135,050576,81.22,74496,98569,0.7558,106100,24435000,7,1,1,1,62.70,1,60,5,5.080,24435000,39005000,57,1,1,9,9,0,1,0,0,0,0,0,0,0
1,10002271,12,33100,011,060114,79.53,107612,80554,1.3359,87600,99565000,7,5,1,1,61.50,1,60,5,5.060,99565000,161805000,57,1,1,9,9,0,1,0,0,0,0,0,1,0
1,10002272,13,15260,127,000503,55.74,54234,75301,0.7202,77000,26155000,7,1,1,1,59.60,1,120,5,5.520,26155000,43905000,117,1,1,9,9,0,1,0,0,0,0,0,0,0
1,10002273,39,17140,017,011200,16.52,103612,97826,1.0592,103700,13205000,7,1,1,1,75.00,1,84,4,5.630,13205000,17605000,81,1,1,9,9,0,1,0,0,0,0,0,1,0
1,10002274,36,10580,001,013511,33.55,138374,109385,1.2650,117800,14265000,1,1,1,1,67.40,1,84,4,6.000,14265000,21165000,81,1,1,9,9,0,1,0,0,0,0,0,1,0
1,10002275,48,19100,439,111522,81.91,69167,99957,0.6920,107300,22235000,2,1,1,1,65.00,1,60,5,6.030,22235000,34205000,57,1,1,9,9,0,1,0,0,0,0,0,0,0
1,10002276,47,17300,125,101201,66.03,67656,74935,0.9029,85000,18445000,1,1,1,1,60.00,1,60,5,5.160,18445000,30745000,57,1,1,9,9,0,1,0,0,0,0,0,0,0
1,10002277,18,21780,163,001700,35.31,41651,82873,0.5026,81400,1525000,1,1,1,1,75.00,1,120,1,6.120,14355000,2035000,117,1,1,9,9,0,1,0,0,0,0,1,0,0
1,10002278,53,99999,029,970602,33.61,94601,98023,0.9651,102000,2525000,1,1,1,1,65.00,1,120,2,5.790,2525000,3885000,117,1,1,9,9,0,1,1,0,0,0,0,0,0
1,10002279,21,17140,015,070311,20.84,78063,97826,0.7980,103700,41605000,1,1,1,1,52.60,1,120,5,5.460,41605000,79105000,117,1,1,9,9,0,1,0,0,0,0,0,0,0
1,10002280,42,37980,091,206005,20.55,137617,108977,1.2628,114700,1405000,9,1,1,2,69.90,1,75,4,7.510,2265000,7855000,72,1,9,9,9,0,2,0,0,0,0,0,0,0
1,10002281,48,32580,215,020905,78.36,78288,54864,1.4270,57300,4665000,1,1,1,1,42.20,1,120,4,6.530,4665000,11055000,117,1,1,9,9,0,1,0,0,0,0,0,0,0
1,10002282,48,19100,121,021734,69.99,60716,99957,0.6074,107300,30305000,7,1,1,1,63.30,1,60,5,4.900,30305000,47905000,57,1,1,9,9,0,1,0,0,0,0,0,0,0
1,10002283,06,23420,019,005100,80.80,49635,76092,0.6523,84300,2905000,7,1,1,1,30.10,1,120,3,5.450,2905000,9625000,117,1,1,9,9,0,1,0,0,0,0,0,0,0
1,10002284,06,41740,073,002710,92.04,60615,111734,0.5425,119500,5215000,1,1,1,1,73.50,1,120,2,6.050,5215000,7105000,117,1,1,9,9,100,1,0,0,0,0,1,0,0
1,10002285,01,12220,081,041600,76.77,47813,86772,0.5510,95800,8975000,1,1,1,1,65.00,1,120,3,5.710,8975000,13805000,117,1,1,9,9,0,1,0,0,0,0,1,0,0
1,10002286,12,35840,081,001300,28.19,78563,91784,0.8560,97000,2165000,7,1,1,1,50.90,1,60,2,6.180,2165000,4255000,57,1,1,9,9,0,1,0,0,0,0,0,0,0
1,10002287,13,12060,089,021103,33.57,208607,98569,2.1164,106100,42505000,2,1,1,1,50.60,1,84,5,5.270,42505000,83405000,81,1,1,9,9,0,1,0,0,0,0,0,1,0
1,10002288,36,40380,069,050205,15.51,112813,93554,1.2059,96500,4145000,7,1,1,1,61.00,1,120,1,6.780,4145000,6805000,117,1,1,9,9,0,1,0,0,0,0,0,1,0
1,10002289,39,18140,049,007426,20.49,116233,97262,1.1951,103300,5935000,7,1,1,1,58.70,1,84,2,5.930,5935000,10105000,81,1,1,9,9,0,1,0,0,0,0,0,0,0
1,10002290,34,35620,031,182302,98.04,57063,113844,0.5012,119300,2865000,2,1,1,1,67.30,1,120,1,5.310,13655000,4255000,117,1,1,9,9,0,1,0,0,0,0,1,0,0
1,10002291,39,17410,035,131105,42.99,125729,90488,1.3895,97200,31745000,1,1,1,1,67.50,1,84,5,6.135,31745000,47055000,81,1,1,9,9,0,1,0,0,0,0,0,1,0
1,10002292,06,31080,037,603005,95.40,76683,101056,0.7588,105700,1405000,7,1,1,1,31.10,1,120,1,6.460,1405000,4505000,117,1,1,9,9,0,1,0,0,0,0,0,0,0
1,10002293,17,16980,031,691100,99.36,40142,106055,0.3785,109800,4575000,7,1,1,1,67.30,1,120,2,5.680,7805000,6805000,117,1,1,9,9,100,1,0,0,0,0,1,0,0
1,10002294,32,39900,031,001903,60.39,50398,98707,0.5106,101200,8275000,7,5,1,1,61.30,1,84,3,5.430,8275000,13505000,81,1,1,9,9,0,1,0,0,0,0,1,0,0
1,10002295,12,37860,113,010504,19.31,104417,82863,1.2601,92200,10305000,1,1,1,1,63.20,1,120,3,5.670,10305000,16305000,117,1,1,9,9,0,1,0,0,0,0,0,1,0
1,10002296,53,42660,033,008300,44.13,162381,127870,1.2699,136600,8025000,7,1,1,1,50.00,1,120,3,5.920,8025000,16055000,117,1,1,9,9,0,1,0,0,0,0,0,0,0
1,10002297,34,35620,031,181000,95.70,62500,113844,0.5490,119300,885000,7,1,1,1,58.70,1,60,1,5.910,6285000,1505000,57,1,1,9,9,0,1,0,0,0,0,1,0,0
1,10002298,55,31540,025,000504,29.44,115230,112276,1.0263,121200,1925000,1,1,1,2,66.10,1,96,3,7.530,1925000,13755000,93,1,1,9,9,0,1,0,0,0,0,0,1,0
1,10002299,04,49740,027,001003,65.47,47386,61867,0.7659,63900,12505000,1,1,1,1,63.10,2,204,4,6.560,12505000,19815000,201,1,9,9,9,100,1,0,0,0,0,0,0,0
1,10002300,06,40140,071,000823,76.14,64250,90585,0.7093,97500,46755000,7,1,1,1,64.50,1,84,5,4.600,46755000,72505000,81,1,1,9,9,100,1,0,0,0,0,0,0,0
1,10002301,51,40060,730,811000,76.16,83594,104391,0.8008,110000,40195000,7,1,1,1,63.90,1,60,5,5.670,40195000,62905000,57,1,1,9,9,50,1,0,0,0,0,1,0,0
1,10002302,42,37980,045,403401,58.86,70372,108977,0.6458,114700,665000,1,1,1,2,69.90,1,105,2,7.920,665000,4605000,102,1,9,9,9,0,1,0,0,0,0,1,0,0
1,10002303,48,17780,041,001608,37.47,116571,82943,1.4054,93400,24625000,1,1,1,1,69.70,1,60,5,5.690,24625000,35345000,57,1,9,9,9,100,1,0,0,0,0,1,0,0
1,10002304,35,10740,001,000126,47.15,80592,79295,1.0164,86400,37965000,2,5,1,1,65.00,1,60,5,5.150,37965000,58405000,57,1,1,9,9,0,1,0,0,0,0,0,0,0
1,10002305,21,21780,101,020701,15.79,77500,71953,1.0771,81400,4725000,1,5,1,1,67.40,1,120,4,5.855,4725000,7005000,117,1,1,9,9,100,1,0,0,0,0,0,0,0
1,10002306,49,36260,011,126206,10.87,135125,102427,1.3192,109800,11355000,2,1,1,1,53.60,2,60,2,6.440,11355000,21195000,57,1,1,9,9,0,1,0,0,0,0,0,1,0
1,10002307,21,30460,067,003913,26.66,158750,89904,1.7658,95200,21845000,7,1,1,1,65.00,1,84,4,5.480,21845000,33605000,81,1,1,9,9,0,1,1,0,0,0,0,1,0
1,10002308,48,19100,121,021716,53.28,107955,99957,1.0800,107300,24245000,7,1,1,1,65.00,1,60,5,5.520,24245000,37305000,57,1,1,9,9,0,1,0,0,0,0,0,0,0
1,10002309,45,16700,015,020810,60.71,64926,96573,0.6723,105100,1695000,1,1,1,2,67.70,1,93,3,8.250,1695000,12255000,90,1,1,9,9,0,1,0,0,0,0,0,0,0
1,10002310,13,12060,121,005501,71.34,0,98569,0.0000,106100,3115000,7,5,1,1,72.50,1,120,2,5.950,3115000,4305000,117,1,1,9,9,87,1,0,0,0,0,1,0,0
1,10002311,35,10740,001,003501,68.64,73250,79295,0.9238,86400,12255000,7,1,1,1,72.50,1,84,4,4.860,12255000,16905000,81,1,1,9,9,0,1,0,0,0,0,0,0,0
1,10002312,37,49180,059,080500,30.43,70313,76701,0.9167,81900,1505000,1,1,1,1,67.10,1,360,2,6.510,1505000,3315000,357,1,9,9,9,100,1,1,0,1,0,0,0,0
1,10002313,49,41620,035,112823,23.49,107768,106248,1.0143,115400,42175000,7,1,1,1,54.80,1,60,5,5.320,42175000,76905000,57,1,1,9,9,0,1,0,0,0,0,0,1,0
1,10002314,48,26420,201,423203,91.70,48443,92750,0.5223,95200,1545000,9,1,1,2,65.00,1,60,5,7.650,1545000,15805000,57,1,9,9,9,0,1,0,0,0,0,1,0,0
1,10002315,41,41420,047,001801,52.45,47276,85870,0.5506,91300,1695000,7,1,1,1,39.00,1,60,1,6.220,1695000,4355000,57,1,1,9,9,0,1,0,0,0,0,0,0,0
1,10002316,04,38060,013,104212,42.19,80925,93191,0.8684,101300,7505000,9,3,1,2,46.30,1,129,5,7.370,7505000,75205000,126,1,1,9,9,0,1,0,0,0,0,0,0,0
1,10002317,51,40060,760,061002,54.94,78636,104391,0.7533,110000,31795000,7,1,1,1,56.70,1,60,5,5.530,31795000,56105000,57,1,1,9,9,0,1,0,0,0,0,1,0,0
1,10002318,06,37100,111,005601,54.09,132027,116726,1.1311,125600,25245000,7,1,1,1,64.00,1,60,3,5.860,25245000,39455000,57,1,1,9,9,0,1,0,0,0,0,0,1,0
1,10002319,47,32820,157,008000,80.29,49167,78701,0.6247,84000,2485000,7,1,1,1,70.00,2,60,2,6.260,6445000,3555000,57,1,1,9,9,0,1,0,0,0,0,0,0,0
1,10002320,51,47260,810,046011,36.29,78750,95214,0.8271,100000,3205000,7,3,1,1,65.30,1,120,1,5.880,9405000,4905000,117,1,1,9,9,0,1,0,0,0,0,0,0,0
1,10002321,29,28140,095,017400,72.03,41250,99766,0.4135,103000,4405000,2,1,1,1,38.30,1,120,5,6.080,4405000,11505000,117,1,9,9,9,0,1,0,0,0,0,1,0,0
1,10002322,39,17410,035,194300,14.63,141314,90488,1.5617,97200,29905000,1,5,1,1,74.90,1,60,5,6.020,29905000,39915000,57,1,1,9,9,0,1,0,0,0,0,0,1,0
1,10002323,01,13820,073,005800,68.68,36738,87341,0.4206,94200,15055000,7,3,1,1,69.50,2,84,5,6.320,15055000,21655000,81,1,1,9,9,0,1,0,0,0,0,1,0,0
1,10002324,53,42660,053,071310,41.32,134519,127870,1.0520,136600,24695000,2,1,1,1,60.70,1,84,4,5.150,24695000,40715000,81,1,1,9,9,0,1,0,0,0,0,0,0,0
1,10002325,48,12420,491,020517,42.57,146447,115204,1.2712,126000,37585000,7,5,1,1,56.40,1,84,5,4.810,37585000,66605000,81,1,1,9,9,0,1,0,0,0,0,0,0,0
1,10002326,48,99999,449,950800,66.17,71964,71129,1.0117,75000,14235000,7,5,1,1,65.00,1,84,4,5.550,14235000,21905000,81,1,1,9,9,0,1,1,0,0,0,0,0,0
1,10002327,51,40060,760,021100,77.56,39939,104391,0.3826,110000,32305000,7,1,1,1,64.20,1,84,5,5.685,32305000,50305000,81,1,1,9,9,0,1,0,0,0,0,1,0,0
1,10002328,06,42100,087,110302,94.20,56964,127331,0.4474,127300,6975000,1,1,1,1,75.00,2,60,2,5.900,6975000,9305000,57,1,9,9,9,97,1,0,0,0,0,1,0,0
1,10002329,45,99999,047,970201,30.44,72540,64288,1.1284,62300,1135000,7,1,1,1,63.20,1,120,1,6.410,1135000,1805000,117,1,1,9,9,0,1,1,0,0,0,0,0,0
1,10002330,48,19100,439,113115,74.37,47281,99957,0.4730,107300,9665000,9,1,1,2,59.60,1,105,5,7.680,9665000,35975000,102,1,1,9,9,0,2,0,0,0,0,0,0,0
1,10002331,48,19100,113,017007,75.02,47361,99957,0.4738,107300,835000,2,1,1,1,46.20,1,60,1,6.630,835000,1805000,57,1,1,9,9,0,1,0,0,0,0,1,0,0
1,10002332,55,31540,025,011505,37.59,91667,112276,0.8164,121200,36135000,2,1,1,1,60.80,1,60,5,5.620,36135000,59405000,57,1,1,9,9,0,1,0,0,0,0,1,1,0
1,10002333,48,19100,085,030519,60.12,195754,99957,1.9584,107300,49575000,1,3,1,1,60.30,1,60,5,5.920,49575000,82255000,57,1,1,9,9,0,1,0,0,0,0,0,1,0
1,10002334,13,31420,021,013407,57.22,70288,71239,0.9867,76000,7625000,2,1,1,1,63.00,1,60,3,5.670,17955000,12105000,57,1,1,9,9,0,1,0,0,0,0,0,0,0
1,10002335,06,40900,067,002100,58.57,47969,106925,0.4486,113700,13225000,2,1,1,1,65.00,1,120,3,5.435,13225000,20355000,117,1,1,9,9,100,1,0,0,0,0,0,0,0
1,10002336,53,49420,077,002006,85.23,65996,73344,0.8998,78600,2035000,1,1,1,1,65.00,1,84,2,6.340,2035000,3125000,81,1,1,9,9,0,1,1,0,0,0,0,0,0
1,10002337,08,19740,001,007900,77.01,64434,119980,0.5370,130400,60755000,1,1,1,1,61.40,1,120,5,5.325,60755000,99005000,117,1,1,9,9,0,1,0,0,0,0,1,0,0
1,10002338,17,16980,031,031502,65.28,42188,106055,0.3978,109800,7605000,9,1,1,2,57.10,2,54,5,6.010,7605000,155705000,51,1,1,9,9,5,1,0,0,0,0,1,0,0
1,10002339,48,30980,183,000401,43.45,65375,75665,0.8640,79100,9405000,7,1,1,1,63.10,1,120,5,5.450,9405000,14905000,117,1,1,9,9,0,1,0,0,0,0,0,0,0
1,10002340,12,37460,005,000402,12.53,106029,77037,1.3763,85900,25185000,7,5,1,1,59.50,1,120,5,5.755,25185000,42305000,117,1,1,9,9,0,1,1,0,0,0,1,0,0
1,10002341,40,36420,027,200604,37.92,46742,84302,0.5545,89100,2015000,7,1,1,1,65.00,1,120,3,6.040,2015000,3105000,117,1,1,9,9,100,1,0,0,0,0,1,0,0
1,10002342,28,99999,151,000300,92.41,29444,60730,0.4848,64200,3015000,1,5,1,1,80.00,1,60,4,5.540,3015000,3775000,57,1,9,9,9,100,1,1,1,0,0,1,0,0
1,10002343,29,28140,095,004400,23.75,132031,99766,1.3234,103000,8125000,1,5,1,1,65.00,1,60,3,5.160,8125000,12505000,57,1,1,9,9,0,1,0,0,0,0,1,0,0
1,10002344,24,47900,031,701205,31.44,250001,144539,1.7296,152900,44815000,2,1,1,1,63.70,1,60,5,5.830,44815000,70305000,57,1,1,9,9,0,1,0,0,0,0,0,1,0
1,10002345,48,12420,453,034100,59.82,92679,115204,0.8045,126000,22105000,2,1,1,1,47.00,1,84,5,5.510,130705000,49205000,81,1,1,9,9,0,1,0,0,0,0,0,0,0
1,10002346,09,47930,140,405402,35.31,87781,115967,0.7570,122400,2405000,7,1,1,1,66.90,1,120,2,6.290,4285000,3605000,117,1,1,9,9,0,1,0,0,0,0,0,0,0
1,10002347,12,45300,103,025413,24.28,78068,84454,0.9244,92000,60845000,2,1,1,1,57.70,1,60,5,5.060,60845000,88905000,57,1,1,9,9,0,1,0,0,0,0,0,0,0
1,10002348,17,16980,031,807300,56.53,83109,106055,0.7836,109800,2965000,7,1,1,1,63.90,1,120,1,6.380,2965000,4645000,117,1,1,9,9,0,1,0,0,0,0,0,0,0
1,10002349,39,18140,049,009385,39.44,119018,97262,1.2237,103300,14005000,7,1,1,1,55.60,1,120,5,6.060,14005000,25205000,117,1,1,9,9,0,1,0,0,0,0,0,1,0
1,10002350,13,31420,207,050200,48.32,64835,71239,0.9101,76000,7165000,1,1,1,1,70.90,1,84,3,6.070,7165000,10105000,81,1,1,9,9,0,1,1,0,0,0,0,0,0
1,10002351,41,38900,051,005102,26.73,186815,110489,1.6908,116900,21825000,1,1,1,1,65.00,1,84,4,5.570,21825000,33585000,81,1,1,9,9,0,1,0,0,0,0,0,0,0
1,10002352,24,12580,510,110200,51.43,123433,118479,1.0418,122200,10775000,7,1,1,1,68.90,1,84,3,5.500,10775000,15655000,81,1,1,9,9,0,1,0,0,0,0,1,0,0
1,10002353,53,36500,067,011628,30.94,115300,106190,1.0858,116700,1325000,7,1,1,1,51.60,1,120,1,5.910,1325000,2575000,117,1,1,9,9,0,1,0,0,0,0,0,0,0
1,10002354,51,47260,650,010601,75.42,44792,95214,0.4704,100000,23725000,7,1,1,1,65.00,1,84,5,5.540,23725000,36505000,81,1,1,9,9,0,1,0,0,0,0,1,0,0
1,10002355,06,41940,085,507003,28.25,250001,172303,1.4509,180400,17045000,7,1,1,1,52.90,1,60,3,4.790,17045000,32205000,57,1,1,9,9,0,1,0,0,0,0,0,1,0
1,10002356,30,99999,049,001101,14.13,110417,97500,1.1325,90000,2085000,7,1,1,1,49.50,1,120,2,6.470,2085000,4205000,117,1,1,9,9,100,1,1,0,0,0,0,0,0
1,10002357,16,26820,019,971302,23.36,94953,85494,1.1106,87200,17005000,1,1,1,1,55.30,1,60,4,5.720,17005000,30755000,57,1,1,9,9,0,1,0,0,0,0,0,0,0
1,10002358,17,16980,031,061902,23.15,149318,106055,1.4079,109800,18225000,1,1,1,1,80.00,1,180,4,5.960,18225000,22775000,177,1,1,9,9,0,1,0,0,0,0,0,1,0
1,10002359,29,28140,095,004300,43.27,105903,99766,1.0615,103000,47125000,1,5,1,1,62.90,1,60,5,5.060,47125000,74935000,57,1,1,9,9,0,1,0,0,0,0,1,0,0
1,10002360,47,32820,157,004600,87.60,48689,78701,0.6187,84000,805000,7,1,1,1,61.50,1,120,1,6.230,805000,1305000,117,1,1,9,9,0,1,0,0,0,0,1,0,0
1,10002361,34,35620,013,004100,98.64,35787,113844,0.3144,119300,2075000,2,1,1,1,64.80,1,120,1,5.770,22605000,3205000,117,1,1,9,9,0,1,0,0,0,0,1,0,0
1,10002362,37,11700,089,930402,19.33,56369,83126,0.6781,86300,40045000,9,1,1,1,65.00,2,120,5,5.565,40045000,61605000,117,1,1,9,9,0,1,0,0,0,0,1,0,0
1,10002363,24,47900,033,804600,84.17,91563,144539,0.6335,152900,13035000,1,1,1,1,65.00,1,120,4,5.595,13035000,20045000,117,1,1,9,9,64,1,0,0,0,0,0,0,0
1,10002364,34,35620,031,175501,96.22,49375,113844,0.4337,119300,885000,7,1,1,1,58.70,1,60,1,5.910,6285000,1505000,57,1,1,9,9,0,1,0,0,0,0,1,0,0
1,10002365,34,35620,031,181400,98.52,59926,113844,0.5264,119300,1295000,2,1,1,1,64.80,1,120,1,5.770,22605000,2005000,117,1,1,9,9,0,1,0,0,0,0,1,0,0
1,10002366,37,16740,025,042101,85.45,52367,93744,0.5586,100300,5865000,2,3,1,1,72.90,1,120,2,5.460,5865000,8055000,117,1,1,9,9,0,1,0,0,0,0,1,0,0
1,10002367,06,41740,073,013306,87.74,97857,111734,0.8758,119500,16295000,7,1,1,1,53.10,1,120,3,6.180,16295000,30705000,117,1,1,9,9,0,1,0,0,0,0,0,0,0
1,10002368,53,99999,075,000300,26.35,94413,87926,1.0738,93400,5495000,7,3,1,1,58.40,1,60,2,6.150,5495000,9405000,57,1,1,9,9,0,1,1,0,0,1,0,0,0
1,10002369,49,41620,035,113909,29.89,132264,106248,1.2449,115400,43705000,1,1,1,1,60.40,1,60,5,5.710,43705000,72345000,57,1,1,9,9,0,1,0,0,0,0,0,0,0
1,10002370,48,21340,141,010203,93.91,47000,61466,0.7647,63100,1325000,2,1,1,1,78.30,1,120,2,5.110,18925000,1695000,117,1,1,9,9,100,1,1,0,0,0,0,0,1
1,10002371,24,47900,033,802805,98.37,102570,144539,0.7096,152900,10255000,1,1,1,1,64.10,1,84,3,5.370,206065000,18505000,81,1,9,9,9,98,1,0,0,0,0,0,0,0
1,10002372,12,33100,099,004207,66.33,59643,80554,0.7404,87600,14385000,7,1,1,1,53.50,1,60,4,4.890,14385000,26905000,57,1,1,9,9,0,1,0,0,0,0,0,0,0
1,10002373,37,16740,119,003805,63.57,105710,93744,1.1277,100300,7885000,9,1,1,2,58.60,1,68,5,7.100,7885000,61605000,65,1,9,9,9,0,1,0,0,0,0,0,0,0
1,10002374,48,26420,201,550308,95.04,41659,92750,0.4492,95200,13995000,7,1,1,1,64.80,1,120,5,5.405,13995000,21605000,117,1,1,9,9,61,1,0,0,0,0,1,0,0
1,10002375,36,35620,081,122703,72.37,76629,113844,0.6731,119300,47205000,7,3,1,1,23.00,1,120,5,5.400,47205000,224005000,117,1,1,9,9,0,1,0,0,0,0,0,0,0
1,10002376,06,31080,037,310602,44.66,129750,101056,1.2839,105700,29625000,7,1,1,1,57.70,1,84,4,5.430,29625000,51355000,81,1,1,9,9,0,1,0,0,0,0,0,1,0
1,10002377,37,49180,067,003903,62.31,53527,76701,0.6979,81900,1805000,9,3,1,2,51.10,1,76,4,8.880,1805000,18005000,73,1,1,9,9,0,1,0,0,0,0,1,0,0
1,10002378,34,37980,015,501404,35.91,92656,108977,0.8502,114700,45485000,2,1,1,1,63.00,1,84,5,5.210,214035000,72905000,81,1,1,9,9,92,1,0,0,0,0,1,0,0
1,10002379,45,17900,063,020511,59.24,62969,81690,0.7708,86300,14095000,7,5,1,1,56.40,1,60,5,6.000,14095000,25005000,57,1,1,9,9,0,1,0,0,0,0,0,0,0
1,10002380,37,99999,047,930700,48.04,56566,67542,0.8375,73300,2255000,1,1,1,1,70.20,1,360,2,6.510,2255000,4475000,357,1,9,9,9,100,1,1,0,0,1,1,0,0
1,10002381,13,12260,245,010205,62.96,83202,78239,1.0634,87100,26355000,7,1,1,1,62.70,1,60,5,5.390,26355000,42005000,57,1,1,9,9,0,1,0,0,0,0,0,0,0
1,10002382,06,40140,065,044701,45.54,67902,90585,0.7496,97500,9205000,7,1,1,1,33.20,1,120,5,5.480,9205000,27705000,117,1,9,9,9,0,1,0,0,0,0,0,0,0
1,10002383,32,29820,003,003235,47.30,116719,82358,1.4172,87800,43375000,1,1,1,1,50.90,1,60,5,5.290,43375000,85255000,57,1,1,9,9,0,1,0,0,0,0,0,1,0
1,10002384,39,18140,049,007533,89.76,41667,97262,0.4284,103300,6045000,2,1,1,1,65.00,1,60,3,5.940,6045000,9305000,57,1,1,9,9,0,1,0,0,0,0,1,0,0
1,10002385,49,41620,035,114000,32.07,120795,106248,1.1369,115400,14775000,2,1,1,1,63.80,1,84,4,5.280,14775000,23185000,81,1,1,9,9,0,1,0,0,0,0,0,0,0
1,10002386,47,27740,179,060100,32.86,40521,71377,0.5677,80100,345000,9,3,1,2,69.00,2,86,1,7.540,805000,2005000,83,1,9,9,9,0,1,0,0,0,0,1,0,0
1,10002387,24,12580,005,402503,89.68,90606,118479,0.7647,122200,120685000,7,1,1,1,73.50,1,84,5,4.600,120685000,164205000,81,1,1,9,9,0,1,0,0,0,0,1,0,0
1,10002388,48,41700,029,160702,95.31,35811,85469,0.4190,89300,625000,9,1,1,2,65.00,1,101,1,7.760,625000,2775000,98,1,1,9,9,0,1,0,0,0,0,1,0,0
1,10002389,24,12580,025,303605,25.67,131815,118479,1.1126,122200,88765000,1,5,1,1,74.60,1,120,5,5.720,88765000,118955000,117,1,1,9,9,0,1,0,0,0,0,0,1,0
1,10002390,51,47900,059,415100,39.06,234375,144539,1.6215,152900,67405000,9,3,1,1,50.30,1,60,5,5.640,67405000,134105000,57,1,1,9,9,12,1,0,0,0,0,0,0,0
1,10002391,13,99999,299,950900,31.01,51106,66121,0.7729,70500,3415000,7,3,1,1,54.50,1,120,3,5.500,3415000,6275000,117,1,1,9,9,0,1,1,0,0,1,1,0,0
1,10002392,39,17140,165,032203,10.77,162875,97826,1.6650,103700,17015000,2,1,1,1,70.30,1,120,4,5.425,17015000,24205000,117,1,1,9,9,0,1,0,0,0,0,0,0,0
1,10002393,27,33460,053,026818,70.49,92109,119274,0.7723,123700,6855000,1,1,1,1,77.70,1,84,3,5.890,6855000,8825000,81,1,1,9,9,0,1,0,0,0,0,0,0,0
1,10002394,36,35620,005,001901,89.09,39074,113844,0.3432,119300,11575000,7,1,1,1,65.00,1,84,3,5.350,11575000,17805000,81,1,1,9,9,0,1,0,0,0,0,1,0,0
1,10002395,24,12580,005,421000,46.68,43750,118479,0.3693,122200,9535000,7,1,1,1,68.60,1,60,5,5.930,9535000,13905000,57,1,1,9,9,100,1,0,0,0,0,1,0,0
1,10002396,53,36500,067,010510,30.54,61472,106190,0.5789,116700,37095000,1,1,1,1,62.00,1,120,5,5.310,90425000,60985000,117,1,1,9,9,0,1,0,0,0,0,1,0,0
1,10002397,28,27140,049,003300,94.58,32228,76033,0.4239,80100,7915000,7,1,1,1,62.30,1,60,4,5.730,7915000,12705000,57,1,9,9,9,0,1,0,0,0,0,1,0,0
1,10002398,39,17140,025,040404,8.71,130809,97826,1.3372,103700,1175000,9,1,1,2,60.40,1,72,3,8.390,1175000,15405000,69,1,9,9,9,0,1,0,0,0,0,0,1,0
1,10002399,45,24860,045,002811,38.71,115549,82045,1.4084,84700,11995000,1,1,1,1,64.50,1,60,4,4.680,11995000,18605000,57,1,1,9,9,0,1,0,0,0,0,0,0,0
1,10002400,25,39300,005,650600,44.75,44512,103773,0.4289,113200,15005000,7,1,1,1,55.60,1,120,4,5.845,15005000,27005000,117,1,1,9,9,0,1,0,0,0,0,1,0,0
1,10002401,17,16980,031,040201,36.49,113819,106055,1.0732,109800,1015000,7,1,1,1,46.20,1,120,1,5.540,6265000,2205000,117,1,9,9,9,47,1,0,0,0,0,0,0,0
1,10002402,41,38900,067,031506,29.70,138796,110489,1.2562,116900,24695000,7,5,1,1,55.00,1,84,5,4.660,24695000,44905000,81,1,1,9,9,0,1,0,0,0,0,0,1,0
1,10002403,12,48680,119,911704,4.93,78426,82977,0.9452,88300,37545000,7,1,1,1,57.80,1,120,4,6.490,37545000,65005000,117,1,1,9,9,0,1,0,0,0,0,0,1,0
1,10002404,51,40060,760,040202,29.86,99531,104391,0.9534,110000,51745000,7,1,1,1,65.00,1,120,5,5.640,51745000,79605000,117,1,1,9,9,0,1,0,0,0,0,1,0,0
1,10002405,13,23580,139,001005,56.26,71779,86127,0.8334,92700,18185000,2,1,1,1,62.70,1,60,4,5.450,18185000,29005000,57,1,9,9,9,0,1,0,0,0,0,0,0,0
1,10002406,32,39900,031,001903,60.39,50398,98707,0.5106,101200,5695000,7,1,1,1,50.90,1,60,3,5.920,5695000,11205000,57,1,1,9,9,0,1,0,0,0,0,1,0,0
1,10002407,18,26900,095,001801,23.68,74470,93688,0.7949,101200,14105000,7,1,1,1,70.00,1,84,5,5.370,14105000,20155000,81,1,1,9,9,50,1,0,0,0,0,0,0,0
1,10002408,27,33460,123,034203,36.46,199512,119274,1.6727,123700,22155000,1,1,1,1,65.00,1,60,5,5.140,22155000,34075000,57,1,1,9,9,0,1,0,0,0,0,0,0,0
1,10002409,06,31080,037,192410,52.56,240039,101056,2.3753,105700,14885000,7,1,1,1,60.00,1,60,3,5.930,14885000,24805000,57,1,1,9,9,0,1,0,0,0,0,0,0,0
1,10002410,08,19740,031,005502,51.87,97500,119980,0.8126,130400,51115000,2,1,1,1,63.90,1,60,5,5.570,51115000,80005000,57,1,1,9,9,0,1,0,0,0,0,0,0,0
1,10002411,22,26380,057,020500,49.07,99055,75413,1.3135,79600,855000,1,1,1,1,64.90,1,60,1,6.830,855000,1325000,57,1,1,9,9,0,1,0,0,0,0,0,0,0
1,10002412,16,14260,001,010346,18.31,93942,91708,1.0244,98000,28305000,2,1,1,1,46.30,1,60,5,5.380,28305000,61105000,57,1,1,9,9,0,1,0,0,0,0,0,1,0
1,10002413,04,38060,013,216816,18.35,158750,93191,1.7035,101300,64995000,1,5,1,1,55.50,1,84,5,5.805,64995000,117005000,81,1,1,9,9,0,1,0,0,0,0,0,1,0
1,10002414,42,37980,091,200502,29.88,66895,108977,0.6139,114700,42165000,1,1,1,1,64.90,1,60,5,5.510,42165000,65015000,57,1,1,9,9,0,1,0,0,0,0,0,0,0
1,10002415,06,41860,041,106002,40.17,184213,154003,1.1962,166600,28075000,1,1,1,1,71.80,1,192,3,4.885,28075000,39085000,189,1,9,9,9,100,1,0,0,0,0,0,0,0
1,10002416,01,13820,073,004502,61.03,34702,87341,0.3973,94200,31655000,2,1,1,1,53.30,1,60,5,6.320,31655000,59405000,57,1,1,9,9,0,1,0,0,0,0,1,0,0
1,10002417,36,35620,061,022800,84.65,103826,113844,0.9120,119300,10125000,2,1,1,1,59.60,1,60,2,5.960,10125000,17005000,57,1,1,9,9,30,1,0,0,0,0,1,0,0
1,10002418,51,47900,013,101502,28.81,250001,144539,1.7296,152900,74005000,2,1,1,1,44.60,1,60,5,5.490,175005000,158005000,57,1,1,9,9,2,1,0,0,0,0,0,1,0
1,10002419,25,14460,025,010404,42.74,92250,134646,0.6851,142000,34375000,1,5,1,1,64.90,1,84,4,5.320,34375000,52935000,81,1,1,9,9,0,1,0,0,0,0,1,0,0
1,10002420,36,35620,061,008000,31.22,221593,113844,1.9465,119300,4205000,2,1,1,1,8.80,1,60,4,5.580,4205000,48005000,57,1,1,9,9,0,1,0,0,0,0,0,0,0
1,10002421,36,10580,001,000700,88.23,44889,109385,0.4104,117800,12325000,1,1,1,1,80.00,1,120,5,5.860,12325000,15405000,117,1,1,9,9,0,1,0,0,0,0,1,0,0
1,10002422,06,41860,075,023103,96.80,41234,154003,0.2678,166600,76505000,1,3,1,1,71.00,1,192,5,4.770,76505000,107785000,180,1,9,9,9,99,1,0,0,0,0,1,0,0
1,10002423,51,47260,550,020100,89.19,42422,95214,0.4455,100000,18345000,2,1,1,1,77.70,1,192,4,5.250,18345000,23605000,186,1,9,9,9,100,1,0,0,0,0,1,1,0
1,10002424,06,31080,037,209106,88.91,59667,101056,0.5904,105700,29795000,2,1,1,1,54.30,1,120,5,5.650,29795000,54895000,117,1,1,9,9,13,1,0,0,0,0,1,0,0
1,10002425,41,10540,043,020802,31.77,53496,81297,0.6580,84900,3125000,7,1,1,1,65.70,1,120,2,5.900,3125000,4755000,117,1,9,9,9,0,1,0,0,0,0,0,0,0
1,10002426,27,33460,037,060726,42.24,73773,119274,0.6185,123700,25885000,7,1,1,1,60.00,1,120,5,5.070,25885000,43105000,117,1,1,9,9,0,1,0,0,0,0,0,1,0
1,10002427,08,19740,005,005612,25.98,168000,119980,1.4002,130400,9785000,9,5,1,2,65.00,1,72,5,7.670,9785000,90005000,69,1,1,9,9,0,1,0,0,0,0,0,0,0
1,10002428,48,19100,085,031512,55.92,83802,99957,0.8384,107300,38625000,7,1,1,1,64.30,1,60,5,4.900,38625000,60105000,57,1,1,9,9,0,1,0,0,0,0,0,0,0
1,10002429,41,41420,047,001801,52.45,47276,85870,0.5506,91300,3795000,7,1,1,1,69.60,1,120,2,5.900,3795000,5455000,117,1,9,9,9,0,1,0,0,0,0,0,0,0
1,10002430,48,26420,201,431701,30.85,244394,92750,2.6350,95200,21005000,2,1,1,1,44.60,1,60,5,5.490,175005000,57605000,57,1,1,9,9,0,1,0,0,0,0,0,1,0
1,10002431,36,35620,047,083000,98.02,113854,113844,1.0001,119300,6055000,2,1,1,1,51.70,1,60,1,5.620,6055000,11705000,57,1,1,9,9,27,1,0,0,0,0,0,0,0
1,10002432,36,35620,061,017000,89.11,69483,113844,0.6103,119300,3405000,1,1,1,1,77.80,1,120,1,6.840,3405000,4375000,117,1,1,9,9,0,1,0,0,0,0,1,0,0
1,10002433,28,25060,059,040903,25.39,0,72242,0.0000,76800,14565000,1,1,1,1,80.00,1,120,3,5.720,14565000,18205000,117,1,1,9,9,0,1,0,0,0,0,0,0,0
1,10002434,13,12260,073,030503,38.36,94803,78239,1.2117,87100,14315000,2,3,1,1,59.10,1,60,4,5.810,14315000,24205000,57,1,1,9,9,0,1,0,0,0,0,0,0,0
1,10002435,48,36220,135,002501,65.13,102865,81404,1.2636,82000,10545000,7,5,1,1,58.90,1,60,5,5.545,10545000,17905000,57,1,1,9,9,0,1,0,0,0,0,0,1,0
1,10002436,17,16580,019,005401,55.60,63261,95272,0.6640,106200,6805000,1,5,1,1,75.00,2,120,3,6.225,6805000,9085000,117,1,1,9,9,0,1,0,0,0,0,1,0,0
1,10002437,36,35620,047,004400,20.83,164185,113844,1.4422,119300,3465000,7,1,1,1,52.80,1,60,2,6.450,3465000,6555000,57,1,9,9,9,0,1,0,0,0,0,0,1,0
1,10002438,31,36540,025,966100,11.42,66987,102337,0.6546,109700,3825000,7,1,1,1,64.70,1,180,2,6.430,3825000,5905000,177,1,1,9,9,0,1,0,0,0,0,0,0,0
1,10002439,36,99999,019,101600,12.38,62656,86712,0.7226,97000,2015000,1,1,1,2,72.90,1,89,4,7.910,2015000,7005000,86,1,9,9,9,0,2,1,0,0,0,0,0,0
1,10002440,08,19740,059,012050,26.34,146033,119980,1.2171,130400,66025000,1,1,1,1,65.00,2,60,5,5.850,66025000,101575000,57,1,1,9,9,0,1,0,0,0,0,0,1,0
1,10002441,06,42220,097,152804,66.87,66661,119780,0.5565,128400,25375000,7,1,1,1,60.00,1,84,4,5.750,25375000,42295000,81,1,1,9,9,0,1,0,0,0,0,1,0,0
1,10002442,36,40380,055,014505,19.87,74725,93554,0.7987,96500,9675000,7,1,1,1,70.10,1,120,3,6.050,9675000,13805000,117,1,1,9,9,0,1,0,0,0,0,0,0,0
1,10002443,08,22660,069,001602,20.21,104870,112985,0.9282,118800,6005000,7,1,1,1,54.80,1,60,2,5.755,6005000,10965000,57,1,9,9,9,0,1,0,0,0,0,0,0,0
1,10002444,48,28660,027,021302,25.51,98036,75208,1.3035,75800,7825000,7,1,1,1,63.90,2,120,4,5.800,11545000,12235000,117,1,1,9,9,0,1,0,0,0,0,0,0,0
1,10002445,35,10740,001,003723,48.12,73750,79295,0.9301,86400,52505000,7,1,1,1,67.90,1,60,5,5.830,52505000,77305000,57,1,1,9,9,0,1,0,0,0,0,0,0,0
1,10002446,24,12580,003,740205,49.34,109555,118479,0.9247,122200,26595000,2,1,1,1,58.30,2,120,5,5.960,26595000,45605000,117,1,1,9,9,0,1,0,0,0,0,0,0,0
1,10002447,53,34580,057,951800,50.05,84540,94291,0.8966,102800,24065000,9,1,1,1,52.40,2,84,4,6.145,24065000,45905000,81,1,1,9,9,0,1,0,0,0,0,0,0,0
1,10002448,48,19100,113,019214,84.67,56212,99957,0.5624,107300,29195000,7,1,1,1,70.00,1,60,5,5.410,29195000,41705000,57,1,1,9,9,20,1,0,0,0,0,0,0,0
1,10002449,39,18140,049,004301,18.04,168194,97262,1.7293,103300,58085000,1,1,1,1,65.00,2,60,5,6.250,58085000,89365000,57,1,1,9,9,0,1,0,0,0,0,0,1,0
1,10002450,06,41860,001,428600,62.18,158594,154003,1.0298,166600,15415000,1,1,1,1,68.30,1,204,2,5.140,15415000,22555000,201,1,9,9,9,98,1,0,0,0,0,0,1,0
1,10002451,17,16980,031,031502,65.28,42188,106055,0.3978,109800,7005000,1,1,1,1,64.60,1,120,2,5.660,7005000,10835000,117,1,1,9,9,9,1,0,0,0,0,1,0,0
1,10002452,53,42660,033,028902,74.93,54451,127870,0.4258,136600,10885000,7,1,1,1,57.00,1,60,3,5.405,10885000,19105000,57,1,1,9,9,0,1,0,0,0,0,1,0,0
1,10002453,39,10420,133,601703,19.46,77385,90421,0.8558,95800,1505000,9,1,1,2,68.20,1,66,3,7.780,1505000,14655000,63,1,9,9,9,0,1,0,0,0,0,0,0,0
1,10002454,37,48900,129,011503,50.89,79035,91984,0.8592,102100,7455000,7,1,1,1,60.60,1,60,2,5.640,7455000,12305000,57,1,1,9,9,0,1,0,0,0,0,0,0,0
1,10002455,13,23580,139,001405,48.09,75659,86127,0.8785,92700,44815000,1,1,1,1,65.00,1,84,5,5.450,44815000,68945000,81,1,1,9,9,0,1,0,0,0,0,0,0,0
1,10002456,06,31080,059,088402,86.58,105239,101056,1.0414,105700,8105000,1,1,1,1,43.10,1,192,3,5.910,8105000,18805000,189,1,9,9,9,100,1,0,0,0,0,0,0,0
1,10002457,13,19140,313,001000,84.47,51330,69402,0.7396,76600,355000,1,1,1,2,74.60,1,95,2,7.600,355000,3085000,92,1,9,9,9,0,1,0,0,0,0,0,0,0
1,10002458,29,41180,510,105400,95.15,68224,97901,0.6969,103200,5445000,7,1,1,1,64.10,2,60,3,5.200,5445000,8495000,57,1,1,9,9,49,1,0,0,0,0,1,0,0
1,10002459,45,24860,045,001204,39.13,73712,82045,0.8984,84700,27355000,2,3,1,1,61.10,1,60,5,5.230,137635000,42905000,57,1,1,9,9,0,1,0,0,0,0,0,0,0
1,10002460,37,16740,119,006115,78.83,75327,93744,0.8035,100300,46155000,7,5,1,1,61.40,1,84,5,5.200,46155000,75205000,81,1,1,9,9,0,1,0,0,0,0,0,0,0
1,10002461,09,25540,110,514103,64.02,106283,115967,0.9165,122400,6475000,7,1,1,1,65.00,2,84,2,5.355,59805000,9955000,81,1,1,9,9,0,1,0,0,0,0,0,0,0
1,10002462,49,41620,035,111602,51.88,49892,106248,0.4696,115400,40165000,7,5,1,1,60.00,1,60,5,5.215,40165000,66945000,57,1,1,9,9,0,1,0,0,0,0,1,0,0
1,10002463,06,41740,073,020029,71.33,68495,111734,0.6130,119500,7055000,9,1,1,2,66.70,1,122,4,7.200,7055000,67155000,119,1,1,9,9,0,1,0,0,0,0,1,0,0
1,10002464,06,40140,065,031402,71.22,78432,90585,0.8658,97500,6565000,7,1,1,1,65.00,1,60,2,5.720,6565000,10105000,57,1,1,9,9,0,1,0,0,0,0,0,0,0
1,10002465,37,20500,063,000600,50.88,145938,97980,1.4895,101800,1205000,7,1,1,1,56.00,1,84,1,5.805,1205000,2155000,81,1,1,9,9,0,1,0,0,0,0,0,0,0
1,10002466,39,19430,057,200700,26.36,40456,87717,0.4612,92900,825000,7,1,1,1,64.60,1,60,1,6.210,825000,1275000,57,1,1,9,9,0,1,0,0,0,0,1,1,0
1,10002467,31,36540,153,010623,17.69,119844,102337,1.1711,109700,36705000,1,1,1,1,69.90,1,120,5,5.940,36705000,52525000,117,1,1,9,9,0,1,0,0,0,0,0,0,0
1,10002468,37,49180,067,000200,49.58,75588,76701,0.9855,81900,45135000,7,5,1,1,62.80,1,84,5,5.820,45135000,71905000,81,1,1,9,9,0,1,0,0,0,0,1,0,0
1,10002469,26,19820,125,127300,12.46,113681,93779,1.2122,97300,6505000,7,1,1,1,38.20,1,120,4,5.815,6505000,17005000,117,1,1,9,9,0,1,0,0,0,0,0,0,0
1,10002470,37,49180,067,003904,38.46,84155,76701,1.0972,81900,15925000,7,1,1,1,63.20,1,60,5,5.580,22495000,25215000,57,1,1,9,9,0,1,0,0,0,0,0,0,0
1,10002471,48,21340,141,000800,93.73,26139,61466,0.4253,63100,1145000,2,1,1,1,78.30,1,120,2,5.110,18925000,1465000,117,1,1,9,9,100,1,0,0,0,0,1,0,0
1,10002472,06,40900,067,009335,91.18,79267,106925,0.7413,113700,50295000,1,5,1,1,65.00,1,120,5,5.790,50295000,77375000,117,1,9,9,9,0,1,0,0,0,0,0,0,0
1,10002473,36,35620,047,037401,33.88,74524,113844,0.6546,119300,7005000,7,3,1,1,18.00,1,120,5,6.130,7005000,44505000,117,1,9,9,9,0,1,0,0,0,0,0,0,0
1,10002474,36,35620,061,023700,82.11,46111,113844,0.4050,119300,7005000,7,1,1,1,70.30,2,60,4,6.420,7005000,18805000,57,1,1,9,9,100,1,0,0,0,0,1,0,0
1,10002475,04,38060,021,001405,34.14,74375,93191,0.7981,101300,6015000,7,1,1,1,45.50,1,60,4,5.725,6015000,13205000,57,1,9,9,9,0,1,0,0,0,0,0,0,0
1,10002476,25,14460,009,210401,34.22,83438,134646,0.6197,142000,5235000,7,1,1,1,44.30,1,60,2,4.990,9005000,11805000,57,1,1,9,9,0,1,0,0,0,0,0,1,0
1,10002477,53,42660,033,025402,63.67,81298,127870,0.6358,136600,49835000,7,5,1,1,62.10,1,84,5,5.590,49835000,80205000,81,1,1,9,9,20,1,0,0,0,0,1,0,0
1,10002478,17,16980,031,070200,23.52,215536,106055,2.0323,109800,9145000,7,1,1,1,57.30,1,60,3,5.800,39285000,15965000,57,1,1,9,9,0,1,0,0,0,0,0,0,0
1,10002479,34,35620,003,023601,78.41,86780,113844,0.7623,119300,6815000,1,1,1,1,53.20,1,60,3,5.555,6815000,12805000,57,1,1,9,9,0,1,0,0,0,0,0,0,0
1,10002480,47,99999,003,950600,43.76,58449,71159,0.8214,75600,2185000,1,1,1,1,75.60,1,60,3,6.450,2185000,2885000,57,1,9,9,9,100,1,1,0,0,0,0,0,0
1,10002481,13,31420,021,012102,49.10,103500,71239,1.4529,76000,14465000,1,1,1,1,65.00,1,60,5,5.730,14465000,22245000,57,1,1,9,9,0,1,0,0,0,0,0,0,0
1,10002482,26,22420,049,013202,11.83,106714,75461,1.4142,78300,35405000,1,1,1,1,74.50,1,120,5,4.810,35405000,47525000,117,1,1,9,9,0,1,0,0,0,0,0,0,0
1,10002483,12,33100,086,002800,82.43,0,80554,0.0000,87600,58925000,7,1,1,1,63.00,1,60,5,5.080,58925000,93505000,57,1,1,9,9,0,1,0,0,0,0,1,0,0
1,10002484,40,36420,109,108514,52.47,63261,84302,0.7504,89100,29705000,7,1,1,1,68.40,1,60,5,5.650,29705000,43405000,57,1,1,9,9,0,1,0,0,0,0,0,0,0
1,10002485,42,38300,003,429500,15.78,96007,96434,0.9956,100600,17005000,7,1,1,1,42.00,1,120,5,4.980,17005000,40505000,117,1,9,9,9,0,1,0,0,0,0,0,0,0
1,10002486,08,19740,031,000703,38.88,156738,119980,1.3064,130400,18715000,2,1,1,1,47.40,1,60,5,5.690,18715000,39505000,57,1,1,9,9,50,1,0,0,0,0,1,0,0
1,10002487,01,13820,073,005800,68.68,36738,87341,0.4206,94200,12135000,7,3,1,1,69.40,2,84,4,6.320,12135000,17505000,81,1,1,9,9,0,1,0,0,0,0,1,0,0
1,10002488,48,19100,113,016418,83.66,100893,99957,1.0094,107300,32295000,1,1,1,1,49.50,1,120,5,5.440,32295000,74305000,117,1,1,9,9,0,1,0,0,0,0,0,0,0
1,10002489,41,41420,047,001601,48.72,70106,85870,0.8164,91300,14475000,1,1,1,1,63.90,1,84,3,6.230,14475000,22655000,81,1,1,9,9,0,1,0,0,0,0,1,0,0
1,10002490,06,40900,067,007011,75.89,84854,106925,0.7936,113700,3875000,9,1,1,2,70.00,1,100,5,7.990,3875000,34105000,97,1,9,9,9,0,1,0,0,0,0,1,1,0
1,10002491,29,44180,077,003004,23.90,65660,75885,0.8653,80500,32215000,7,1,1,1,54.60,1,120,5,5.560,32215000,59005000,117,1,1,9,9,0,1,0,0,0,0,1,0,0
1,10002492,32,29820,003,003429,78.97,53147,82358,0.6453,87800,8645000,7,1,1,1,60.90,1,84,4,5.440,8645000,14205000,81,1,1,9,9,0,1,0,0,0,0,0,0,0
1,10002493,39,18140,049,010204,65.02,61838,97262,0.6358,103300,45005000,1,1,1,1,63.60,1,60,5,4.590,45005000,70755000,57,1,1,9,9,20,1,0,0,0,0,0,0,0
1,10002494,12,29460,105,012514,56.92,74701,69667,1.0723,76400,13225000,1,1,1,1,64.10,1,84,3,5.090,13225000,20645000,81,1,1,9,9,0,1,0,0,0,0,0,0,0
1,10002495,17,16980,031,440201,99.43,56136,106055,0.5293,109800,575000,7,1,1,1,65.00,1,84,1,6.250,2145000,885000,81,1,1,9,9,0,1,0,0,0,0,1,0,0
1,10002496,53,42660,033,001000,38.92,155179,127870,1.2136,136600,6275000,7,1,1,1,49.00,1,60,2,5.780,6275000,12805000,57,1,9,9,9,0,1,0,0,0,0,0,0,0
1,10002497,26,19820,125,138302,18.00,155950,93779,1.6630,97300,54385000,1,1,1,1,64.10,2,120,5,6.110,54385000,84895000,117,1,1,9,9,0,1,0,0,0,0,0,0,0
1,10002498,25,14460,017,383300,50.67,108173,134646,0.8034,142000,9075000,1,1,1,1,54.70,1,60,3,5.450,9075000,16605000,57,1,1,9,9,0,1,0,0,0,0,1,1,0
1,10002499,42,10900,077,001502,61.76,58667,96828,0.6059,101400,22425000,2,1,1,1,62.30,1,84,4,5.210,233465000,35455000,81,1,1,9,9,30,1,0,0,0,0,0,0,0
1,10002500,39,18140,049,007812,28.88,97734,97262,1.0049,103300,44075000,7,1,1,1,56.40,1,120,5,5.400,44075000,78205000,117,1,1,9,9,0,1,0,0,0,0,1,1,0
1,10002501,55,48140,073,000400,24.76,80394,89475,0.8985,91400,6065000,1,1,1,1,79.50,1,120,4,5.880,6065000,8705000,117,1,1,9,9,100,1,0,0,0,0,0,0,0
1,10002502,06,40140,071,007105,71.37,109479,90585,1.2086,97500,16645000,2,1,1,1,65.00,1,60,4,5.690,16645000,25605000,57,1,1,9,9,0,1,0,0,0,0,0,1,0
1,10002503,09,25540,110,471300,63.46,89261,115967,0.7697,122400,8195000,1,1,1,1,65.00,1,84,3,5.580,8195000,12605000,81,1,1,9,9,0,1,0,0,0,0,0,0,0
1,10002504,34,35620,031,175200,97.02,36571,113844,0.3212,119300,5245000,7,1,1,1,68.60,1,60,2,6.510,5245000,7655000,57,1,1,9,9,0,1,0,0,0,0,1,0,0
1,10002505,35,10740,001,003501,68.64,73250,79295,0.9238,86400,2425000,9,1,1,2,62.60,1,134,5,6.830,2425000,16905000,131,1,9,9,9,100,1,0,0,0,0,0,0,0
1,10002506,51,47900,059,461802,52.06,161477,144539,1.1172,152900,46785000,7,1,1,1,54.10,1,120,5,6.055,46785000,86505000,117,1,1,9,9,0,1,0,0,0,0,0,1,0
1,10002507,36,27060,109,000100,42.20,31750,106005,0.2995,110200,56575000,2,1,1,1,63.40,1,60,5,5.755,56575000,89205000,57,1,1,9,9,0,1,0,0,0,0,1,0,0
1,10002508,20,29940,045,000802,31.06,71603,101379,0.7063,102000,5155000,7,1,1,1,47.80,1,120,4,6.240,5155000,10805000,117,1,9,9,9,98,1,0,0,0,0,0,0,0
1,10002509,39,19430,109,355001,8.89,73261,87717,0.8352,92900,2075000,7,1,1,1,47.70,1,120,3,5.840,2075000,4355000,117,1,9,9,9,99,1,0,0,0,0,0,1,0
1,10002510,39,18140,049,008168,41.77,82035,97262,0.8434,103300,2755000,9,1,1,2,65.10,1,100,4,8.050,2755000,19855000,97,1,9,9,9,0,1,0,0,0,0,0,0,0
1,10002511,55,33340,079,120203,30.75,85000,97232,0.8742,102100,34075000,1,1,1,1,59.10,1,60,5,5.210,34075000,57705000,57,1,1,9,9,0,1,0,0,0,0,0,1,0
1,10002512,51,47900,510,200409,70.81,62365,144539,0.4315,152900,157505000,1,1,1,1,68.80,1,60,5,5.740,157505000,228775000,57,1,1,9,9,50,1,0,0,0,0,0,0,0
1,10002513,08,17820,041,000103,35.54,75988,98394,0.7723,103700,31845000,1,1,1,1,75.00,1,120,5,4.950,31845000,42465000,117,1,1,9,9,0,1,0,0,0,0,0,0,0
1,10002514,09,25540,110,514400,52.15,84676,115967,0.7302,122400,925000,7,1,1,1,65.00,2,84,1,5.355,59805000,1425000,81,1,1,9,9,0,1,0,0,0,0,0,0,0
1,10002515,36,35620,103,169904,43.29,157645,113844,1.3848,119300,32655000,1,3,1,1,74.40,2,204,4,5.240,32655000,43905000,180,1,9,9,9,100,1,0,0,0,0,0,0,0
1,10002516,37,99999,161,960900,25.57,51667,67542,0.7650,73300,1215000,7,1,1,1,65.00,1,120,2,6.540,1215000,1875000,117,1,1,9,9,0,1,1,0,1,0,0,0,0
1,10002517,27,33460,053,126102,34.21,197847,119274,1.6588,123700,34635000,1,5,1,1,65.00,1,60,5,5.720,34635000,53275000,57,1,1,9,9,0,1,0,0,0,0,1,0,0
1,10002518,47,34980,147,080103,14.43,82214,96905,0.8484,104700,1855000,1,1,1,1,43.00,1,120,3,6.060,1855000,4305000,117,1,1,9,9,100,1,0,0,0,0,0,0,0
1,10002519,04,46060,019,001600,29.82,86818,82620,1.0508,90200,6985000,7,1,1,1,64.20,2,84,3,5.700,6985000,10885000,81,1,1,9,9,0,1,0,0,0,0,0,0,0
1,10002520,06,41860,001,450607,56.87,199539,154003,1.2957,166600,24855000,1,1,1,1,70.00,2,60,4,5.840,24855000,35505000,57,1,1,9,9,31,1,0,0,0,0,0,1,0
1,10002521,53,42660,033,030802,57.35,100260,127870,0.7841,136600,3685000,7,1,1,1,58.60,1,60,2,5.580,3685000,6295000,57,1,1,9,9,0,1,0,0,0,0,1,0,0
1,10002522,17,16980,031,071300,19.19,177250,106055,1.6713,109800,4475000,7,1,1,1,61.30,1,144,2,5.250,11715000,7305000,141,1,1,9,9,0,1,0,0,0,0,0,1,0
1,10002523,37,48900,129,012300,10.73,153155,91984,1.6650,102100,30195000,1,1,1,1,62.10,1,84,5,5.350,30195000,48605000,81,1,1,9,9,0,1,0,0,0,0,0,1,0
1,10002524,47,34980,037,010301,50.73,70333,96905,0.7258,104700,12995000,7,1,1,1,62.50,1,84,4,5.250,12995000,20805000,81,1,1,9,9,0,1,1,0,0,0,0,0,0
1,10002525,06,41860,001,442900,80.51,167226,154003,1.0859,166600,7755000,7,1,1,1,48.10,1,60,2,5.445,7755000,16105000,57,1,1,9,9,0,1,0,0,0,0,0,1,0
1,10002526,36,40380,055,014601,18.44,104514,93554,1.1172,96500,21525000,7,1,1,1,70.00,1,120,5,5.650,21525000,30755000,117,1,9,9,9,0,1,0,0,0,0,0,1,0
1,10002527,39,17410,103,415300,10.87,100472,90488,1.1103,97200,3665000,7,1,1,1,61.10,1,120,3,6.300,3665000,6005000,117,1,1,9,9,0,1,0,0,0,0,0,0,0
1,10002528,18,21780,163,001800,22.56,113750,82873,1.3726,81400,2705000,1,1,1,1,75.00,1,120,1,6.120,14355000,3605000,117,1,1,9,9,0,1,0,0,0,0,0,0,0
1,10002529,28,27140,163,950500,92.80,32679,76033,0.4298,80100,2935000,1,5,1,1,80.00,1,60,3,5.540,2935000,3675000,57,1,9,9,9,100,1,1,1,0,0,1,0,0
1,10002530,08,14500,013,013305,31.14,117813,136591,0.8625,148400,52805000,1,3,1,1,75.00,1,84,5,5.120,84375000,70405000,81,1,1,9,9,0,1,0,0,0,0,0,0,0
1,10002531,37,49180,067,003701,72.94,46779,76701,0.6099,81900,4475000,7,1,1,1,63.90,1,60,2,5.720,4475000,7005000,57,1,1,9,9,0,1,0,0,0,0,1,0,0
1,10002532,47,27740,179,060401,12.10,110792,71377,1.5522,80100,6135000,7,1,1,1,66.70,1,84,3,5.500,6135000,9205000,81,1,1,9,9,0,1,0,0,0,0,0,0,0
1,10002533,09,25540,110,502800,96.74,33105,115967,0.2855,122400,1175000,7,1,1,1,65.00,2,120,1,7.690,1175000,1805000,117,1,1,9,9,0,1,0,0,0,0,1,0,0
1,10002534,06,41940,085,505202,77.63,148720,172303,0.8631,180400,39505000,7,1,1,1,51.00,1,60,5,5.475,39505000,77405000,57,1,1,9,9,0,1,0,0,0,0,0,0,0
1,10002535,51,47260,650,012000,81.58,43489,95214,0.4568,100000,1285000,2,1,1,1,64.40,1,120,1,6.630,1285000,1995000,117,1,1,9,9,0,1,0,0,0,0,1,0,0
1,10002536,17,16980,031,030500,39.74,138750,106055,1.3083,109800,1995000,7,1,1,1,52.60,1,120,1,5.730,7555000,3795000,117,1,1,9,9,0,1,0,0,0,0,0,0,0
1,10002537,48,19100,121,021203,64.03,33864,99957,0.3388,107300,6025000,7,1,1,1,53.30,1,60,4,5.880,6025000,11305000,57,1,1,9,9,100,1,0,0,0,0,1,0,0
1,10002538,08,19740,005,005952,27.11,115417,119980,0.9620,130400,85705000,1,1,1,1,63.20,1,60,5,4.990,85705000,135505000,57,1,1,9,9,0,1,0,0,0,0,0,0,0
1,10002539,27,33460,053,026723,22.32,204271,119274,1.7126,123700,7225000,1,1,1,1,69.80,1,84,2,6.030,7225000,10345000,81,1,1,9,9,19,1,0,0,0,0,0,1,0
1,10002540,06,31080,037,113234,77.39,99528,101056,0.9849,105700,21285000,7,1,1,1,57.40,1,60,5,5.170,21285000,37105000,57,1,1,9,9,0,1,0,0,0,0,0,0,0
1,10002541,18,23060,003,010706,28.86,72225,83564,0.8643,88000,1515000,9,1,1,2,65.90,1,61,3,8.480,1515000,16145000,58,1,9,9,9,0,1,0,0,0,0,0,0,0
1,10002542,13,12060,067,030912,67.06,72222,98569,0.7327,106100,4635000,2,1,1,1,69.70,1,120,2,5.740,7215000,6655000,117,1,1,9,9,0,1,0,0,0,0,1,0,0
1,10002543,45,16700,015,020407,12.35,131250,96573,1.3591,105100,55135000,1,1,1,1,64.90,1,120,5,5.150,55135000,85005000,117,1,1,9,9,0,1,0,0,0,0,0,1,0
1,10002544,17,16980,031,081000,32.93,219338,106055,2.0682,109800,58505000,2,5,1,1,65.00,1,60,5,5.580,58505000,90005000,57,1,1,9,9,0,1,0,0,0,0,0,0,0
1,10002545,19,16300,113,001002,20.39,79177,95503,0.8291,101700,12455000,1,1,1,1,78.80,1,120,5,5.500,12455000,15805000,117,1,1,9,9,0,1,0,0,0,0,0,0,0
1,10002546,17,16980,031,070102,25.37,249167,106055,2.3494,109800,3435000,7,1,1,1,60.20,1,144,2,5.250,13015000,5705000,141,1,1,9,9,0,1,0,0,0,0,0,0,0
1,10002547,12,19660,127,081500,41.00,70037,77045,0.9090,83900,19005000,1,3,1,1,78.40,1,120,5,5.880,19005000,24255000,117,1,9,9,9,100,1,0,0,0,0,1,0,0
1,10002548,13,12060,121,010603,96.60,57774,98569,0.5861,106100,14475000,7,1,1,1,61.20,1,60,5,5.230,14475000,23655000,57,1,1,9,9,50,1,0,0,0,0,1,0,0
1,10002549,36,35620,061,005400,25.12,250001,113844,2.1960,119300,1655000,7,1,1,1,47.30,1,60,1,7.080,1655000,3505000,57,1,1,9,9,0,1,0,0,0,0,0,1,0
1,10002550,27,20260,137,010301,9.28,100794,90299,1.1162,95600,6465000,7,1,1,1,64.60,1,60,3,5.660,6465000,10025000,57,1,1,9,9,0,1,0,0,0,0,0,1,0
1,10002551,48,19100,085,030801,58.00,69741,99957,0.6977,107300,88535000,1,5,1,1,79.90,1,84,5,4.930,88535000,110825000,81,1,1,9,9,50,1,0,0,0,0,1,0,0
1,10002552,37,39580,183,053716,36.43,91125,113293,0.8043,122300,11445000,1,1,1,1,65.00,1,120,4,5.820,11445000,17605000,117,1,1,9,9,0,1,0,0,0,0,0,0,0
1,10002553,48,31180,303,001714,51.93,60114,80497,0.7468,85800,6005000,9,3,1,1,64.90,1,120,3,5.590,6005000,9255000,117,1,1,9,9,0,1,0,0,0,0,0,0,0
1,10002554,40,36420,109,108226,50.18,94464,84302,1.1205,89100,8935000,1,1,1,1,51.50,1,120,4,5.140,8935000,17355000,117,1,1,9,9,0,1,0,0,0,0,0,1,0
1,10002555,04,38060,013,092312,55.53,61458,93191,0.6595,101300,13855000,2,5,1,1,60.20,1,60,3,5.870,13855000,23005000,57,1,1,9,9,0,1,0,0,0,0,1,0,0
1,10002556,13,12020,059,000401,42.26,0,85162,0.0000,90900,9455000,1,1,1,1,75.00,1,84,4,5.970,9455000,12605000,81,1,1,9,9,0,1,0,0,0,0,1,0,0
1,10002557,39,17140,061,024303,14.02,101951,97826,1.0422,103700,10355000,1,1,1,1,87.30,1,180,3,5.390,10355000,11865000,177,1,9,9,9,100,1,0,0,0,0,0,0,0
1,10002558,45,43900,083,023002,30.03,75324,75197,1.0017,72500,7425000,1,1,1,1,60.00,2,120,3,5.840,10905000,12375000,117,1,1,9,9,0,1,0,0,0,0,0,0,0
1,10002559,48,33260,329,000302,49.32,110880,107796,1.0286,91500,7445000,7,5,1,1,60.00,1,60,3,5.545,7445000,12405000,57,1,1,9,9,0,1,0,0,0,0,0,0,0
1,10002560,48,26420,201,313902,76.81,74940,92750,0.8080,95200,9005000,1,1,1,1,75.00,1,60,3,5.700,9005000,12005000,57,1,1,9,9,0,1,0,0,0,0,0,0,0
1,10002561,13,12060,015,960403,44.72,62277,98569,0.6318,106100,4125000,1,1,1,1,75.00,2,60,2,6.520,4125000,5505000,57,1,1,9,9,0,1,0,0,0,0,0,0,0
1,10002562,39,18140,049,008500,13.07,162500,97262,1.6707,103300,2755000,2,1,1,1,44.10,1,60,2,6.200,2755000,6255000,57,1,1,9,9,0,1,0,0,0,0,0,1,0
1,10002563,13,99999,157,010104,32.77,79714,91750,0.8688,98100,58775000,7,5,1,1,64.10,1,60,5,5.460,58775000,91655000,57,1,1,9,9,0,1,1,0,0,0,0,0,0
1,10002564,39,18140,049,006352,41.06,79438,97262,0.8167,103300,30235000,1,1,1,1,69.80,1,120,5,5.050,30235000,43295000,117,1,1,9,9,7,1,0,0,0,0,0,0,0
1,10002565,13,12060,121,002300,97.47,25353,98569,0.2572,106100,1195000,7,1,1,1,64.50,1,60,1,6.240,1195000,1855000,57,1,1,9,9,0,1,0,0,0,0,1,0,0
1,10002566,29,28140,037,060004,25.24,92529,99766,0.9275,103000,40205000,1,1,1,1,57.00,1,120,5,5.200,40205000,70505000,117,1,1,9,9,0,1,0,0,0,0,0,0,0
1,10002567,48,19100,113,017203,81.82,68026,99957,0.6806,107300,10665000,7,1,1,1,65.00,1,60,4,4.920,10665000,16405000,57,1,1,9,9,0,1,0,0,0,0,1,0,0
1,10002568,48,41700,029,181402,69.73,65938,85469,0.7715,89300,33645000,2,1,1,1,56.00,1,60,5,5.880,33645000,60105000,57,1,1,9,9,0,1,0,0,0,0,1,0,0
1,10002569,47,28940,093,006202,8.39,92184,84160,1.0953,89000,5165000,7,5,1,1,65.00,1,120,2,5.330,5165000,7955000,117,1,1,9,9,0,1,0,0,0,0,0,0,0
1,10002570,37,16740,119,005534,73.95,67354,93744,0.7185,100300,37235000,1,5,1,1,75.00,1,84,5,5.390,37235000,49655000,81,1,1,9,9,0,1,0,0,0,0,0,0,0
1,10002571,48,19100,439,113222,59.26,69022,99957,0.6905,107300,90095000,2,1,1,1,64.00,1,84,5,5.480,210705000,141505000,81,1,1,9,9,50,1,0,0,0,0,0,0,0
1,10002572,51,47900,153,900905,74.06,129587,144539,0.8966,152900,7545000,1,1,1,1,69.60,2,120,4,5.410,7545000,10845000,117,1,1,9,9,100,1,0,0,0,0,0,0,0
1,10002573,06,31080,037,143500,28.56,187269,101056,1.8531,105700,8685000,2,1,1,1,59.90,1,60,2,5.930,8685000,14505000,57,1,1,9,9,0,1,0,0,0,0,0,1,0
1,10002574,37,99999,045,951503,21.28,69544,67542,1.0296,73300,2025000,1,1,1,1,69.60,1,360,2,6.510,2025000,3525000,357,1,9,9,9,100,1,1,0,0,0,0,1,0
1,10002575,35,99999,005,001400,69.25,67375,67338,1.0006,70600,835000,7,1,1,1,58.60,2,120,1,7.095,835000,1425000,117,1,9,9,9,0,1,1,0,0,0,0,0,1
1,10002576,17,16980,031,824300,93.91,66607,106055,0.6280,109800,895000,7,1,1,1,68.60,1,60,1,7.700,895000,1305000,57,1,9,9,9,0,1,0,0,0,0,1,0,0
1,10002577,06,31080,037,123301,69.53,83958,101056,0.8308,105700,32935000,1,1,1,1,71.30,1,60,5,5.570,32935000,46175000,57,1,1,9,9,100,1,0,0,0,0,0,0,0
1,10002578,06,41940,085,508708,82.21,250001,172303,1.4509,180400,84145000,7,3,1,1,63.70,1,120,5,5.305,84145000,132205000,117,1,1,9,9,6,1,0,0,0,0,0,1,0
1,10002579,34,35620,013,018300,97.41,45866,113844,0.4029,119300,4495000,1,1,1,1,85.00,1,84,4,6.310,4495000,7755000,81,1,9,9,9,100,1,0,0,0,0,1,0,0
1,10002580,48,21340,141,004105,96.61,41723,61466,0.6788,63100,1325000,2,1,1,1,78.30,1,120,2,5.110,18925000,1695000,117,1,1,9,9,100,1,0,0,0,0,1,0,0
1,10002581,36,35620,061,008700,29.88,226974,113844,1.9937,119300,9925000,7,1,1,1,57.00,1,60,2,6.100,9925000,17405000,57,1,1,9,9,0,1,0,0,0,0,0,1,0
1,10002582,48,10180,441,013402,28.52,97689,76762,1.2726,85600,28635000,7,1,1,1,67.70,1,144,5,5.820,28635000,42305000,141,1,1,9,9,0,1,0,0,0,0,0,0,0
1,10002583,06,31080,037,224310,92.01,52670,101056,0.5212,105700,14945000,1,1,1,1,64.40,1,192,3,5.100,14945000,23205000,189,1,9,9,9,97,1,0,0,0,0,1,0,0
1,10002584,36,10580,093,033500,26.48,97679,109385,0.8930,117800,385000,7,1,1,1,70.40,1,120,1,5.700,6905000,545000,117,1,1,9,9,0,1,0,0,0,0,0,0,0
1,10002585,53,36500,067,011721,30.06,118810,106190,1.1188,116700,10835000,7,1,1,1,63.40,1,60,3,5.170,10835000,17105000,57,1,1,9,9,0,1,0,0,0,0,0,0,0
1,10002586,48,41700,029,121204,71.78,48019,85469,0.5618,89300,15275000,1,3,1,1,61.80,2,60,5,5.840,15275000,24705000,57,1,1,9,9,0,1,0,0,0,0,0,0,0
1,10002587,06,31080,037,231603,98.32,41964,101056,0.4153,105700,4635000,7,1,1,1,59.50,1,120,2,6.130,4635000,7805000,117,1,1,9,9,93,1,0,0,0,0,1,0,0
1,10002588,48,19100,121,021740,66.95,72404,99957,0.7244,107300,7545000,7,1,1,1,64.20,1,96,2,5.000,7545000,11755000,93,1,1,9,9,0,1,0,0,0,0,0,0,0
1,10002589,48,43300,181,001803,22.30,111719,80421,1.3892,92100,25105000,9,1,1,1,62.00,2,60,5,5.630,25105000,40505000,57,1,1,9,9,0,1,1,0,0,0,0,0,0
1,10002590,13,12060,135,050317,84.17,59500,98569,0.6036,106100,39135000,7,1,1,1,65.00,1,60,5,5.210,39135000,60205000,57,1,1,9,9,0,1,0,0,0,0,1,0,0
1,10002591,06,44700,077,003215,75.41,82289,91565,0.8987,103800,12505000,7,1,1,1,64.30,1,120,4,5.580,12505000,19445000,117,1,1,9,9,0,1,1,0,0,0,0,0,0
1,10002592,21,31140,111,011907,30.88,80585,88819,0.9073,95900,5035000,1,1,1,1,65.00,1,60,2,5.730,5035000,7755000,57,1,1,9,9,0,1,0,0,0,0,0,1,0
1,10002593,53,42660,053,940002,49.64,90429,127870,0.7072,136600,9735000,7,1,1,1,65.50,1,120,3,5.490,9735000,14875000,117,1,1,9,9,0,1,0,0,0,0,0,0,0
1,10002594,38,99999,093,967401,21.62,46786,94967,0.4927,101500,1005000,2,1,1,1,63.30,1,120,1,6.050,5345000,1585000,117,1,1,9,9,0,1,1,0,0,0,0,0,0
1,10002595,20,28140,091,053556,47.71,65536,99766,0.6569,103000,6135000,7,1,1,1,69.70,1,120,3,5.740,6135000,8805000,117,1,1,9,9,0,1,0,0,0,0,0,0,0
1,10002596,38,99999,093,967402,10.21,88320,94967,0.9300,101500,1585000,2,1,1,1,63.30,1,120,2,6.050,5345000,2505000,117,1,1,9,9,0,1,1,0,0,0,0,0,0
1,10002597,36,35620,047,020700,43.65,237396,113844,2.0853,119300,7385000,7,1,1,1,62.00,2,60,2,5.630,7385000,11905000,57,1,1,9,9,0,1,0,0,0,0,0,1,0
1,10002598,51,47260,810,042600,37.56,96667,95214,1.0153,100000,3005000,7,1,1,1,47.30,1,120,3,6.120,3005000,6335000,117,1,9,9,9,0,1,0,0,0,0,0,0,0
1,10002599,34,35620,031,181500,97.72,44432,113844,0.3903,119300,1945000,2,1,1,1,64.80,1,120,1,5.770,22605000,3005000,117,1,1,9,9,0,1,0,0,0,0,1,0,0
1,10002600,55,31540,025,011403,23.93,123269,112276,1.0979,121200,18835000,1,1,1,1,65.00,1,120,5,4.940,18835000,28985000,117,1,9,9,9,0,1,0,0,0,0,0,1,0
1,10002601,12,15980,071,010302,43.13,71486,81979,0.8720,88800,17005000,1,1,1,1,63.90,2,192,5,5.640,17005000,26605000,186,1,9,9,9,100,1,0,0,0,0,0,0,0
1,10002602,10,37980,003,014402,28.50,129241,108977,1.1860,114700,19615000,2,1,1,1,63.00,1,84,5,5.210,214035000,30705000,81,1,1,9,9,97,1,0,0,0,0,1,0,0
1,10002603,53,42660,033,010302,47.89,137794,127870,1.0776,136600,63425000,1,1,1,1,65.00,2,60,5,5.980,63425000,97575000,57,1,1,9,9,0,1,0,0,0,0,0,0,0
1,10002604,36,15380,029,008202,15.84,80875,90767,0.8910,96900,22315000,1,3,1,1,86.10,2,204,5,5.150,22315000,25925000,180,1,9,9,9,99,1,0,0,0,0,0,0,0
1,10002605,29,41180,189,215004,43.83,126012,97901,1.2871,103200,23505000,1,1,1,1,72.90,1,144,5,5.250,23505000,32215000,141,1,1,9,9,0,1,0,0,0,0,0,0,0
1,10002606,35,42140,049,001202,78.27,48377,84058,0.5755,91500,25695000,7,5,1,1,64.70,1,60,4,5.445,25695000,39705000,57,1,1,9,9,0,1,0,0,0,0,1,0,0
1,10002607,12,33100,011,020414,62.39,97576,80554,1.2113,87600,61275000,7,1,1,1,63.10,1,60,5,5.660,61275000,97105000,57,1,1,9,9,0,1,0,0,0,0,0,0,0
1,10002608,48,19100,113,007205,97.94,40988,99957,0.4101,107300,10065000,1,1,1,1,63.30,1,60,5,6.130,10065000,15905000,57,1,1,9,9,0,1,0,0,0,0,1,0,0
1,10002609,48,19100,113,015403,80.63,67148,99957,0.6718,107300,1935000,1,1,1,2,70.20,1,95,5,7.945,1935000,37255000,92,1,9,9,9,0,1,0,0,0,0,0,0,0
1,10002610,06,44700,077,003115,80.86,106500,91565,1.1631,103800,17035000,7,1,1,1,63.70,1,120,5,5.580,17035000,26735000,117,1,1,9,9,0,1,0,0,0,0,1,0,0
1,10002611,17,16980,031,061902,23.15,149318,106055,1.4079,109800,6155000,2,1,1,1,63.40,1,120,3,5.500,9515000,9705000,117,1,1,9,9,0,1,0,0,0,0,0,1,0
1,10002612,13,99999,031,110602,51.22,39695,72633,0.5465,71200,2305000,1,5,1,1,61.10,1,60,2,6.080,4675000,3775000,57,1,1,9,9,0,1,1,0,0,1,0,0,0
1,10002613,09,25540,110,494600,32.32,106500,115967,0.9184,122400,16695000,1,1,1,1,73.10,1,120,4,5.210,16695000,22845000,117,1,1,9,9,0,1,0,0,0,0,0,1,0
1,10002614,53,42660,033,030802,57.35,100260,127870,0.7841,136600,4195000,2,1,1,1,55.20,1,60,2,5.580,4195000,7605000,57,1,1,9,9,0,1,0,0,0,0,1,0,0
1,10002615,04,46060,019,004630,34.60,80893,82620,0.9791,90200,34155000,7,3,1,1,65.00,2,60,5,5.465,34155000,52555000,57,1,1,9,9,0,1,0,0,0,0,0,0,0
1,10002616,17,16980,031,691000,99.33,90174,106055,0.8503,109800,835000,1,1,1,1,64.60,1,84,1,5.740,10855000,1285000,81,1,1,9,9,25,1,0,0,0,0,0,0,0
1,10002617,36,35620,081,007300,43.29,148906,113844,1.3080,119300,6255000,7,1,1,1,49.60,1,60,3,5.190,6255000,12605000,57,1,1,9,9,0,1,0,0,0,0,0,0,0
1,10002618,13,12060,067,030247,49.25,64870,98569,0.6581,106100,62685000,1,5,1,1,64.90,1,60,5,5.075,62685000,96615000,57,1,1,9,9,0,1,0,0,0,0,0,0,0
1,10002619,12,33100,011,042501,39.42,115052,80554,1.4283,87600,6155000,1,1,1,1,42.30,1,120,1,6.340,6155000,14555000,117,1,1,9,9,0,1,0,0,0,0,0,0,0
1,10002620,53,14740,035,091900,39.35,107898,109621,0.9843,119700,66925000,7,1,1,1,60.40,1,84,5,5.330,66925000,110765000,81,1,9,9,9,0,1,0,0,0,0,0,0,0
1,10002621,48,12420,453,002322,62.36,0,115204,0.0000,126000,22705000,7,1,1,1,57.20,1,120,5,5.170,22705000,39685000,117,1,1,9,9,100,1,0,0,0,0,1,0,0
1,10002622,51,47900,013,102400,41.78,217987,144539,1.5082,152900,273625000,7,1,1,1,59.90,1,60,5,5.190,273625000,456605000,57,1,1,9,9,0,1,0,0,0,0,0,0,0
1,10002623,36,35620,047,022000,21.93,40896,113844,0.3592,119300,4645000,7,1,1,1,58.80,1,60,2,6.280,4645000,7905000,57,1,1,9,9,0,1,0,0,0,0,1,0,0
1,10002624,39,19430,113,080500,40.56,44132,87717,0.5031,92900,21305000,1,5,1,1,70.10,1,192,5,5.240,21305000,30405000,168,1,9,9,9,100,1,0,0,0,0,1,0,0
1,10002625,18,18020,005,010700,32.50,71125,90657,0.7846,93600,13205000,7,1,1,1,64.70,1,60,4,5.820,13205000,20405000,57,1,1,9,9,100,1,0,0,0,0,0,0,0
1,10002626,27,33460,037,060828,41.63,97344,119274,0.8161,123700,14285000,7,1,1,1,60.30,1,60,4,5.380,14285000,23705000,57,1,1,9,9,0,1,0,0,0,0,0,0,0
1,10002627,25,14460,017,370103,34.48,176818,134646,1.3132,142000,23585000,7,1,1,1,43.80,1,120,4,5.425,23585000,53905000,117,1,1,9,9,0,1,0,0,0,0,0,0,0
1,10002628,48,36220,135,002503,60.54,62917,81404,0.7729,82000,11555000,7,5,1,1,50.00,1,60,5,5.595,11555000,23105000,57,1,1,9,9,0,1,0,0,0,0,0,0,0
1,10002629,27,33460,037,060751,22.42,202965,119274,1.7017,123700,15925000,1,5,1,1,74.30,1,120,5,5.610,15925000,21445000,117,1,1,9,9,0,1,0,0,0,0,0,1,0
1,10002630,36,35620,061,022301,84.79,48198,113844,0.4234,119300,11375000,2,1,1,1,59.30,1,60,2,5.960,11375000,19205000,57,1,1,9,9,29,1,0,0,0,0,1,0,0
1,10002631,13,99999,301,970400,64.11,45859,66121,0.6936,70500,2025000,2,3,1,1,47.00,1,180,3,6.110,2025000,4305000,177,1,9,9,9,100,1,1,0,0,1,1,0,0
1,10002632,34,37980,015,502100,14.70,145789,108977,1.3378,114700,1075000,9,1,1,2,68.00,1,75,2,7.510,1755000,4405000,72,1,9,9,9,0,2,0,0,0,0,0,1,0
1,10002633,21,31140,111,012203,23.39,93889,88819,1.0571,95900,5135000,7,1,1,1,64.60,1,60,4,5.470,5135000,7955000,57,1,1,9,9,100,1,0,0,0,0,0,1,0
1,10002634,37,20500,063,002026,84.63,63611,97980,0.6492,101800,21235000,1,5,1,1,70.00,1,120,5,5.475,21235000,30335000,117,1,1,9,9,0,1,0,0,0,0,0,0,0
1,10002635,48,12420,453,000302,29.84,141705,115204,1.2300,126000,3205000,2,5,1,1,52.80,1,84,2,5.540,28045000,5565000,81,1,1,9,9,0,1,0,0,0,0,0,0,0
1,10002636,31,99999,141,965500,29.59,96625,90843,1.0637,96500,4855000,7,1,1,1,65.00,1,120,4,6.020,8405000,7475000,117,1,1,9,9,0,1,1,0,0,0,0,0,0
1,10002637,06,41940,085,506000,60.98,183649,172303,1.0659,180400,127815000,1,1,1,1,62.90,1,60,5,5.390,127815000,203155000,57,1,1,9,9,0,1,0,0,0,0,0,1,0
1,10002638,05,22900,131,001309,32.24,66319,65873,1.0068,66700,3715000,1,1,1,1,79.90,1,84,3,6.010,9115000,4645000,81,1,1,9,9,0,1,0,0,0,0,0,0,0
1,10002639,11,47900,001,009505,89.99,177321,144539,1.2268,152900,60895000,1,1,1,1,69.20,1,60,5,4.900,60895000,88005000,57,1,1,9,9,0,1,0,0,0,0,1,0,0
1,10002640,36,10580,001,013602,44.44,82563,109385,0.7548,117800,23235000,1,1,1,1,77.40,1,84,5,5.510,23235000,30005000,81,1,1,9,9,0,1,0,0,0,0,0,1,0
1,10002641,48,26420,201,240804,92.55,45577,92750,0.4914,95200,25085000,2,1,1,1,60.00,1,84,5,5.490,25085000,41805000,81,1,1,9,9,20,1,0,0,0,0,0,0,0
1,10002642,29,41180,510,115300,64.18,64250,97901,0.6563,103200,7965000,7,1,1,1,61.20,2,60,3,5.560,7965000,13005000,57,1,1,9,9,0,1,0,0,0,0,1,0,0
1,10002643,48,19100,121,020121,41.74,105107,99957,1.0515,107300,33105000,2,1,1,1,62.80,1,60,5,4.950,33105000,58005000,57,1,1,9,9,74,1,0,0,0,0,0,1,0
1,10002644,30,99999,031,000505,13.30,106276,106394,0.9989,109000,34235000,1,1,1,1,69.60,1,120,5,5.160,34235000,49175000,117,1,1,9,9,0,1,1,0,0,0,0,0,0
1,10002645,06,41860,081,603400,41.74,177344,154003,1.1516,166600,29825000,7,5,1,1,60.30,1,84,4,5.190,29825000,49475000,81,1,1,9,9,100,1,1,0,0,0,0,1,0
1,10002646,48,26420,201,220500,89.80,44702,92750,0.4820,95200,10015000,1,1,1,1,80.00,1,60,3,5.800,10015000,12515000,57,1,1,9,9,50,1,0,0,0,0,1,0,0
1,10002647,48,12420,453,000305,28.78,129792,115204,1.1266,126000,4925000,2,5,1,1,52.80,1,84,3,5.540,28045000,10595000,81,1,1,9,9,0,1,0,0,0,0,0,0,0
1,10002648,06,46700,095,251802,85.86,47006,110159,0.4267,113200,30475000,7,1,1,1,55.00,1,60,5,5.120,30475000,55405000,57,1,1,9,9,0,1,0,0,0,0,1,0,0
1,10002649,34,45940,021,003500,66.74,111894,120093,0.9317,125900,20005000,7,1,1,1,65.80,2,120,4,5.450,20005000,30405000,117,1,1,9,9,98,1,0,0,0,0,0,0,0
1,10002650,53,42660,033,023401,57.66,168636,127870,1.3188,136600,7505000,7,5,1,1,50.00,1,84,2,6.120,7505000,15005000,81,1,1,9,9,0,1,0,0,0,0,0,0,0
1,10002651,13,42340,051,010806,54.58,81391,87035,0.9352,92400,3195000,1,1,1,2,73.80,1,102,5,8.090,3195000,39105000,99,1,1,9,9,0,1,0,0,0,0,0,0,0
1,10002652,51,99999,005,080202,6.01,67727,69927,0.9685,73300,1235000,7,1,1,1,63.50,1,60,2,5.470,7145000,1945000,57,1,1,9,9,100,1,1,0,1,0,0,0,0
1,10002653,49,41620,035,112823,23.49,107768,106248,1.0143,115400,27265000,2,1,1,1,62.50,1,60,3,5.300,27265000,43605000,57,1,1,9,9,0,1,0,0,0,0,0,1,0
1,10002654,06,12540,029,002302,96.79,53142,71065,0.7478,78600,6005000,7,1,1,1,64.30,2,120,5,5.780,6005000,9335000,117,1,9,9,9,100,1,0,0,0,0,1,0,0
1,10002655,30,99999,029,000601,9.58,98125,82539,1.1888,88400,8975000,2,1,1,1,63.50,1,60,2,5.715,8975000,14125000,57,1,1,9,9,0,1,1,0,0,0,0,0,0
1,10002656,06,40140,065,042512,93.44,68438,90585,0.7555,97500,64935000,2,1,1,1,65.00,1,60,5,5.690,64935000,99905000,57,1,1,9,9,0,1,0,0,0,0,0,0,0
1,10002657,36,35620,005,036902,97.76,0,113844,0.0000,119300,5885000,2,1,1,1,75.00,1,60,2,5.970,5885000,7855000,57,1,9,9,9,0,1,0,0,0,0,1,0,0
1,10002658,22,35380,103,040306,19.84,144258,81500,1.7700,87100,6055000,2,1,1,1,63.10,1,60,3,5.670,182485000,9605000,57,1,1,9,9,0,1,0,0,0,0,0,1,0
1,10002659,32,29820,003,005115,47.46,84631,82358,1.0276,87800,34855000,7,3,1,1,62.90,1,120,5,5.520,34855000,55405000,117,1,1,9,9,0,1,0,0,0,0,0,0,0
1,10002660,37,16740,119,000502,52.24,237937,93744,2.5382,100300,1525000,7,1,1,1,56.30,1,60,1,5.840,5575000,2705000,57,1,1,9,9,0,1,0,0,0,0,0,0,0
1,10002661,36,10580,091,062410,31.37,99083,109385,0.9058,117800,14245000,9,1,1,2,68.70,1,123,5,7.510,14245000,115005000,120,1,1,9,9,0,1,0,0,0,0,0,0,0
1,10002662,04,38060,013,812000,58.78,74798,93191,0.8026,101300,32165000,1,1,1,1,58.20,1,84,5,6.040,32165000,55255000,81,1,1,9,9,0,1,0,0,0,0,0,0,0
1,10002663,48,19100,121,020508,45.22,69615,99957,0.6965,107300,9695000,1,1,1,1,65.00,1,60,4,5.455,9695000,14915000,57,1,1,9,9,50,1,0,0,0,0,1,0,0
1,10002664,17,16580,019,005401,55.60,63261,95272,0.6640,106200,29005000,1,1,1,1,75.00,1,60,5,5.755,29005000,38665000,57,1,1,9,9,0,1,0,0,0,0,1,0,0
1,10002665,04,38060,013,612200,30.84,147576,93191,1.5836,101300,22005000,9,3,1,2,46.60,1,192,5,8.100,22005000,111505000,189,1,9,9,9,0,1,0,0,0,0,0,1,0
1,10002666,21,31140,111,010314,23.76,150905,88819,1.6990,95900,35955000,7,1,1,1,61.50,1,60,5,5.190,35955000,58505000,57,1,1,9,9,0,1,0,0,0,0,0,1,0
1,10002667,48,19100,113,016635,96.67,26875,99957,0.2689,107300,19485000,1,1,1,1,65.40,1,204,5,5.130,19485000,29805000,201,1,1,9,9,100,1,0,0,0,0,1,0,0
1,10002668,37,20500,135,011206,55.43,165361,97980,1.6877,101800,24755000,7,1,1,1,63.50,1,120,5,5.820,24755000,39005000,117,1,1,9,9,0,1,0,0,0,0,0,0,0
1,10002669,24,12580,005,421000,46.68,43750,118479,0.3693,122200,1535000,9,1,1,2,70.00,1,93,5,7.850,1535000,19605000,90,1,1,9,9,86,1,0,0,0,0,1,0,0
1,10002670,18,29200,157,001300,32.72,52378,80868,0.6477,83100,3265000,7,1,1,1,56.20,1,84,3,5.700,3265000,5805000,81,1,1,9,9,0,1,0,0,0,0,0,0,0
1,10002671,21,31140,029,020702,11.19,74250,88819,0.8360,95900,11515000,7,1,1,1,59.40,1,60,4,5.930,11515000,19405000,57,1,1,9,9,0,1,0,0,0,0,0,1,0
1,10002672,08,19740,035,014504,23.89,101944,119980,0.8497,130400,3495000,1,3,1,1,54.40,1,360,2,6.620,3495000,6435000,357,9,9,9,9,0,1,0,0,0,0,0,1,0
1,10002673,13,12060,151,070322,85.89,82298,98569,0.8349,106100,34155000,1,5,1,1,63.30,1,60,5,6.045,34155000,53945000,57,1,1,9,9,0,1,0,0,0,0,0,0,0
1,10002674,47,28940,093,005809,14.57,143807,84160,1.7087,89000,19805000,7,1,1,1,57.20,1,120,5,5.865,19805000,34605000,117,1,1,9,9,0,1,0,0,0,0,0,1,0
1,10002675,42,99999,109,070200,7.27,81111,76881,1.0550,81600,1005000,1,1,1,2,69.00,1,59,3,7.240,1005000,4505000,56,1,9,9,9,0,2,1,0,0,0,0,0,0
1,10002676,45,34820,051,051406,6.98,61071,75945,0.8042,82900,8905000,7,1,1,1,65.00,1,60,3,5.590,8905000,13705000,57,1,1,9,9,0,1,0,0,0,0,0,1,0
1,10002677,37,16740,119,000503,41.33,104205,93744,1.1116,100300,32205000,1,3,1,1,72.00,1,204,4,5.190,30005000,44705000,180,1,9,9,9,100,1,0,0,0,0,0,0,0
1,10002678,01,20020,069,040600,86.40,28696,69693,0.4118,77200,4825000,7,1,1,1,67.00,1,120,3,6.000,11795000,7205000,117,1,1,9,9,0,1,0,0,0,0,1,0,0
1,10002679,13,12260,245,010105,34.28,69420,78239,0.8873,87100,15005000,7,5,1,1,51.00,1,84,5,5.670,15005000,29405000,81,1,1,9,9,0,1,0,0,0,0,0,0,0
1,10002680,32,29820,003,003637,74.09,72225,82358,0.8770,87800,34155000,7,5,1,1,38.20,1,120,5,5.170,34155000,89505000,117,1,1,9,9,0,1,0,0,0,0,0,0,0
1,10002681,31,36540,055,007436,38.15,67500,102337,0.6596,109700,4145000,7,1,1,1,54.60,1,120,4,5.870,4145000,7605000,117,1,1,9,9,0,1,0,0,0,0,0,0,0
1,10002682,13,12060,121,001501,31.66,136250,98569,1.3823,106100,995000,9,1,1,2,69.70,1,83,3,7.340,995000,20305000,80,1,9,9,9,0,1,0,0,0,0,0,0,0
1,10002683,38,22020,017,010303,20.41,111739,104548,1.0688,105900,19095000,1,1,1,1,65.00,1,60,5,5.115,19095000,29385000,57,1,1,9,9,0,1,0,0,0,0,0,0,0
1,10002684,36,35620,103,158207,20.20,209603,113844,1.8411,119300,6005000,7,1,1,1,42.60,1,120,3,5.260,6005000,14105000,117,1,1,9,9,0,1,0,0,0,0,0,1,0
1,10002685,12,35840,115,000406,48.74,70385,91784,0.7669,97000,13395000,7,1,1,1,45.90,1,60,5,5.180,13395000,29205000,57,1,1,9,9,0,1,0,0,0,0,1,0,0
1,10002686,13,12060,255,160500,57.61,76478,98569,0.7759,106100,20975000,2,1,1,1,56.10,2,60,5,6.220,20975000,37405000,57,1,1,9,9,0,1,0,0,0,0,1,0,0
1,10002687,48,21340,141,010338,92.57,107366,61466,1.7468,63100,9415000,9,1,1,2,63.70,1,78,5,7.670,9415000,59305000,75,1,9,9,9,50,1,0,0,0,0,0,0,0
1,10002688,12,33100,011,050308,98.77,47640,80554,0.5914,87600,44005000,7,1,1,1,53.40,1,120,5,5.010,44005000,82405000,117,1,9,9,9,99,1,0,0,0,0,1,0,0
1,10002689,09,25540,110,514500,48.45,82299,115967,0.7097,122400,4315000,7,1,1,1,65.00,2,84,2,5.355,59805000,6645000,81,1,1,9,9,0,1,0,0,0,0,0,0,0
1,10002690,39,18140,049,006933,89.15,40569,97262,0.4171,103300,21455000,7,1,1,1,65.00,1,60,5,6.390,21455000,33005000,57,1,1,9,9,0,1,0,0,0,0,1,0,0
1,10002691,06,31080,037,274202,26.49,215352,101056,2.1310,105700,4255000,2,1,1,1,38.00,1,60,1,7.240,4255000,11205000,57,1,1,9,9,0,1,0,0,0,0,0,1,0
1,10002692,51,40060,087,200801,48.87,87188,104391,0.8352,110000,7645000,2,3,1,1,82.20,1,180,3,4.820,7645000,9305000,177,1,1,9,9,83,1,0,0,0,0,0,0,0
1,10002693,08,19740,005,006601,41.66,71569,119980,0.5965,130400,51355000,7,1,1,1,65.00,1,60,5,5.670,51355000,79005000,57,1,1,9,9,0,1,0,0,0,0,1,0,0
1,10002694,13,99999,299,950500,44.11,40864,66121,0.6180,70500,7105000,7,3,1,1,64.60,1,120,3,5.450,18575000,11005000,117,1,1,9,9,0,1,1,0,0,1,0,0,0
1,10002695,06,41500,053,010504,88.86,77776,97004,0.8018,103200,17005000,7,1,1,1,40.60,1,84,5,5.885,17005000,41905000,81,1,1,9,9,0,1,0,0,0,0,0,0,0
1,10002696,45,24860,045,003804,24.88,73667,82045,0.8979,84700,3415000,7,1,1,1,67.30,1,120,2,5.790,6195000,5075000,117,1,1,9,9,0,1,0,0,0,0,0,0,0
1,10002697,12,27260,109,020605,21.56,138274,88994,1.5538,98000,17185000,1,1,1,1,61.60,2,192,5,5.850,17185000,27905000,189,1,9,9,9,100,1,0,0,0,0,0,1,0
1,10002698,08,99999,097,000402,21.26,215938,122870,1.7575,130500,2325000,2,5,1,1,37.50,1,120,1,5.690,2325000,6205000,117,1,1,9,9,50,1,1,0,0,0,0,1,0
1,10002699,17,16980,031,050200,26.48,191750,106055,1.8080,109800,6155000,7,1,1,1,55.00,1,60,1,6.595,6155000,11205000,57,1,1,9,9,0,1,0,0,0,0,0,0,0
1,10002700,51,47900,059,491401,63.34,132353,144539,0.9157,152900,43735000,7,3,1,1,49.30,1,120,5,5.190,43735000,88705000,117,1,1,9,9,0,1,0,0,0,0,0,0,0
1,10002701,06,40140,065,045501,91.75,49404,90585,0.5454,97500,10815000,2,1,1,1,37.30,1,60,5,5.410,10815000,29005000,57,1,1,9,9,0,1,0,0,0,0,1,0,0
1,10002702,29,28140,095,012502,41.30,72783,99766,0.7295,103000,1085000,9,1,1,2,68.70,1,117,3,8.050,3115000,9955000,114,1,9,9,9,0,1,0,0,0,0,0,0,0
1,10002703,46,43620,099,001002,36.52,63109,97861,0.6449,107600,3775000,9,3,1,2,50.70,1,96,5,7.320,3775000,35205000,93,1,1,9,9,0,2,0,0,0,0,0,0,0
1,10002704,17,16980,031,070500,19.60,250001,106055,2.3573,109800,6405000,7,1,1,1,57.30,1,60,3,5.800,39285000,11185000,57,1,1,9,9,0,1,0,0,0,0,0,1,0
1,10002705,36,35620,061,018300,35.62,229177,113844,2.0131,119300,6295000,2,1,1,1,41.70,1,60,1,6.330,6295000,15105000,57,1,1,9,9,0,1,0,0,0,0,0,1,0
1,10002706,06,31080,037,555107,80.54,103160,101056,1.0208,105700,10905000,7,3,1,1,44.50,1,60,4,5.550,10905000,24505000,57,1,1,9,9,0,1,0,0,0,0,0,1,0
1,10002707,37,16740,071,030902,54.61,57863,93744,0.6172,100300,8715000,7,1,1,1,65.00,1,60,3,5.720,8715000,13405000,57,1,1,9,9,0,1,0,0,0,0,1,0,0
1,10002708,06,41860,001,420200,63.36,157019,154003,1.0196,166600,6305000,7,1,1,1,54.50,1,60,2,5.220,6305000,11575000,57,1,1,9,9,0,1,0,0,0,0,0,1,0
1,10002709,04,46060,019,004076,51.48,47650,82620,0.5767,90200,6255000,9,1,1,2,67.00,1,126,5,7.730,6255000,59205000,123,1,1,9,9,0,1,0,0,0,0,0,0,0
1,10002710,17,16980,031,843700,38.33,250001,106055,2.3573,109800,5375000,2,3,1,1,56.60,1,120,1,6.100,5375000,9505000,117,1,1,9,9,0,1,0,0,0,0,0,0,0
1,10002711,48,21340,141,004103,96.50,38257,61466,0.6224,63100,26675000,7,1,1,1,62.90,2,120,5,5.780,26675000,42405000,117,1,1,9,9,0,1,0,0,0,0,1,0,0
1,10002712,48,99999,277,000900,23.16,86205,71214,1.2105,75600,6405000,7,1,1,1,64.00,1,120,4,5.830,6405000,10005000,117,1,1,9,9,0,1,1,0,0,0,0,0,0
1,10002713,34,35620,003,025100,45.14,116838,113844,1.0263,119300,3215000,7,1,1,1,56.50,1,60,2,6.150,3215000,5705000,57,1,1,9,9,0,1,0,0,0,0,0,0,0
1,10002714,48,26420,201,431101,58.66,63556,92750,0.6852,95200,23655000,1,1,1,1,61.00,1,60,5,6.120,23655000,38755000,57,1,1,9,9,0,1,0,0,0,0,0,0,0
1,10002715,53,42660,061,051601,50.97,108125,127870,0.8456,136600,2265000,9,1,1,2,60.70,1,54,4,7.480,2265000,29255000,51,1,1,9,9,0,1,0,0,0,0,0,0,0
1,10002716,45,16700,015,020404,20.93,131078,96573,1.3573,105100,19695000,1,1,1,1,60.00,1,60,4,5.460,119345000,38705000,57,1,1,9,9,0,1,0,0,0,0,0,1,0
1,10002717,21,17140,015,070101,28.26,63945,97826,0.6537,103700,7235000,7,1,1,1,60.10,1,84,3,6.110,8005000,12025000,81,1,1,9,9,0,1,0,0,0,0,0,0,0
1,10002718,53,42660,033,004701,28.55,122969,127870,0.9617,136600,27245000,1,1,1,1,59.90,2,60,4,5.600,27245000,45465000,57,1,1,9,9,18,1,0,0,0,0,0,1,0
1,10002719,36,35620,061,000600,90.14,37730,113844,0.3314,119300,29655000,2,5,1,1,56.90,1,120,4,5.620,29655000,52105000,117,1,1,9,9,99,1,0,0,0,0,1,0,0
1,10002720,48,47380,309,002302,65.60,40768,77527,0.5259,83100,6465000,7,1,1,1,65.00,1,60,4,6.700,6465000,9945000,57,1,1,9,9,0,1,0,0,0,0,0,0,0
1,10002721,53,42660,033,030314,58.93,71620,127870,0.5601,136600,19555000,7,1,1,1,52.60,1,60,5,5.430,19555000,37155000,57,1,1,9,9,0,1,0,0,0,0,1,0,0
1,10002722,33,99999,013,041002,8.47,126250,110587,1.1416,115100,1725000,7,1,1,1,75.00,1,120,2,5.960,1725000,2305000,117,1,1,9,9,100,1,1,0,0,0,0,0,0
1,10002723,06,31080,037,135116,48.43,82964,101056,0.8210,105700,3005000,9,1,1,2,61.50,1,62,5,7.410,3005000,86235000,59,1,1,9,9,0,1,0,0,0,0,0,0,0
1,10002724,42,25420,041,012000,29.27,100242,96556,1.0382,97900,5435000,1,1,1,1,56.70,1,60,3,5.510,5435000,9585000,57,1,1,9,9,0,1,0,0,0,0,1,0,0
1,10002725,36,40380,055,014004,31.28,83606,93554,0.8937,96500,19125000,7,1,1,1,64.20,1,120,4,5.650,19125000,29805000,117,1,9,9,9,0,1,0,0,0,0,0,1,0
