enterprise,record_num_mf_ctf,state_fips,cbsa_metro_code,county_fips,tract_2020,tract_minority_pct,tract_income_med,ami_local,tract_income_ratio,ami_hud,upb_acq,purpose_ctf,seller_type_mf_ctf,fed_guarantee_ctf,lien_status,ltv,same_year_acq,term_orig,units_num_cat,rate_orig,upb_orig,property_value,term_prepay_penalty,balloon,io,neg_am,non_amort_other,afford_units_pct,construct_method,tract_rural,county_lower_ms_delta,county_mid_appalachia,county_persistent_poverty,area_concentrated_poverty,area_high_opp,tract_colonias
2,20000001,48,12420,491,020349,43.46,101288,115204,0.8792,126000,32815000,2,1,1,1,55.81,1,60,5,5.220,32815000,58805000,57,1,1,9,9,0,1,0,0,0,0,0,0,0
2,20000002,06,41860,001,422400,58.95,128750,154003,0.8360,166600,3965000,7,1,1,4,61.60,2,360,1,3.100,3965000,6005000,47,9,1,9,9,0,1,0,0,0,0,1,0,0
2,20000003,06,20940,025,010900,86.32,61472,60776,1.0115,65300,4425000,1,1,1,1,69.12,1,60,3,5.580,4425000,6405000,36,1,1,9,9,99,1,0,0,0,0,0,0,0
2,20000004,47,34980,165,021105,30.80,96582,96905,0.9967,104700,17055000,1,1,1,1,70.00,1,60,5,5.410,17055000,24365000,57,1,1,9,9,0,1,0,0,0,0,0,0,0
2,20000005,34,35620,035,053602,26.40,220016,113844,1.9326,119300,6975000,2,1,1,1,83.05,2,192,2,4.690,6975000,8405000,180,1,9,9,9,100,1,1,0,0,0,0,0,0
2,20000006,37,16740,119,005855,42.32,104929,93744,1.1193,100300,49045000,7,1,1,1,62.47,1,120,5,5.480,49045000,78505000,114,1,1,9,9,0,1,0,0,0,0,0,1,0
2,20000007,12,36740,117,021617,31.67,103047,83343,1.2364,90400,33125000,7,1,1,1,60.00,1,60,5,5.740,33125000,55205000,57,1,1,9,9,0,1,0,0,0,0,0,1,0
2,20000008,48,99999,503,950200,27.04,84265,88069,0.9568,93500,3305000,7,1,1,1,75.00,2,60,2,6.070,3305000,4405000,57,1,1,9,9,98,1,1,0,0,0,0,0,0
2,20000009,18,18020,005,010400,36.76,130650,90657,1.4412,93600,11955000,7,1,1,1,56.92,1,120,4,5.600,11955000,21005000,114,1,1,9,9,0,1,0,0,0,0,0,0,0
2,20000010,13,42340,051,010811,43.40,75800,87035,0.8709,92400,59565000,1,1,1,1,54.70,1,60,5,7.207,59565000,108905000,24,1,1,9,9,0,1,0,0,0,0,0,0,0
2,20000011,48,26420,201,553801,39.00,171625,92750,1.8504,95200,9915000,7,1,1,1,47.89,1,60,4,6.390,9915000,20705000,57,1,1,9,9,0,1,0,0,0,0,0,1,0
2,20000012,47,32820,157,021312,27.62,109818,78701,1.3954,84000,19295000,7,1,1,1,55.51,1,60,5,5.040,19295000,34755000,57,1,1,9,9,0,1,0,0,0,0,0,0,0
2,20000013,13,23580,139,001004,42.63,61818,86127,0.7178,92700,14305000,7,1,1,1,67.14,1,60,4,5.550,14305000,21305000,57,1,1,9,9,100,1,0,0,0,0,0,0,0
2,20000014,45,16700,019,003104,76.43,42500,96573,0.4401,105100,9285000,7,1,1,1,67.28,1,60,3,5.380,9285000,13805000,57,1,1,9,9,0,1,0,0,0,0,1,0,0
2,20000015,39,17140,061,027000,89.05,28696,97826,0.2933,103700,4245000,2,3,1,1,71.10,2,181,3,5.250,4275000,5905000,0,1,1,9,9,100,1,0,0,0,0,1,0,0
2,20000016,48,26420,201,543004,53.35,205202,92750,2.2124,95200,37975000,2,3,1,1,62.56,1,60,5,5.350,37975000,60705000,57,1,1,9,9,0,1,0,0,0,0,0,1,0
2,20000017,48,12420,491,021406,44.18,121118,115204,1.0513,126000,29095000,7,1,1,1,59.87,1,84,5,5.010,29095000,48605000,78,1,1,9,9,0,1,0,0,0,0,0,0,0
2,20000018,18,16980,089,042501,65.41,84698,106055,0.7986,109800,28535000,7,1,1,1,69.27,2,60,5,5.810,28535000,41205000,57,1,1,9,9,0,1,0,0,0,0,0,0,0
2,20000019,45,17900,063,020511,59.24,62969,81690,0.7708,86300,4185000,7,1,1,1,67.55,1,60,2,5.580,4185000,6205000,57,1,1,9,9,0,1,0,0,0,0,0,0,0
2,20000020,06,23420,019,005203,80.23,53147,76092,0.6985,84300,6565000,7,5,1,1,57.79,2,60,4,6.620,6565000,11365000,36,1,1,9,9,0,1,0,0,0,0,0,0,0
2,20000021,17,16980,031,010702,73.47,60479,106055,0.5703,109800,5635000,7,1,1,1,64.02,2,60,2,6.340,5635000,8805000,57,1,1,9,9,0,1,0,0,0,0,1,0,0
2,20000022,16,14260,001,002223,15.94,123463,91708,1.3463,98000,12535000,2,1,1,1,64.94,1,60,3,5.670,12535000,19305000,57,1,1,9,9,0,1,0,0,0,0,0,1,0
2,20000023,40,36420,109,108323,46.21,154474,84302,1.8324,89100,15135000,1,1,1,1,48.38,1,84,4,5.540,15135000,31295000,60,1,1,9,9,0,1,0,0,0,0,0,0,0
2,20000024,36,35620,047,080400,80.13,72100,113844,0.6333,119300,3735000,7,1,1,1,64.38,1,60,1,6.630,3735000,5805000,36,1,1,9,9,0,1,0,0,0,0,0,0,0
2,20000025,32,29820,003,003422,73.24,66420,82358,0.8065,87800,44405000,1,3,1,1,55.39,1,84,5,6.646,44405000,80165000,18,1,1,9,9,0,1,0,0,0,0,0,0,0
2,20000026,48,26420,201,541301,83.63,86683,92750,0.9346,95200,42375000,1,1,1,1,75.00,1,60,5,5.310,42375000,56505000,57,1,1,9,9,90,1,0,0,0,0,0,0,0
2,20000027,48,26420,201,541403,85.36,48606,92750,0.5241,95200,20005000,7,1,1,1,67.57,1,60,5,5.630,20005000,29605000,57,1,1,9,9,0,1,0,0,0,0,0,0,0
2,20000028,48,41700,493,000300,67.57,81250,85469,0.9506,89300,1065000,1,1,1,1,69.35,1,120,1,5.910,1065000,1545000,84,1,1,9,9,0,1,0,0,0,0,0,0,0
2,20000029,47,16860,065,010435,23.72,74018,82235,0.9001,92100,3285000,1,3,1,1,71.30,1,84,2,5.750,3285000,4605000,84,1,1,9,9,0,1,0,0,0,0,0,0,0
2,20000030,48,19100,113,007910,50.90,123095,99957,1.2315,107300,50475000,7,1,1,1,49.48,1,60,5,4.900,50475000,102005000,57,1,1,9,9,0,1,0,0,0,0,0,0,0
2,20000031,41,38900,051,009302,44.72,91829,110489,0.8311,116900,2325000,1,1,1,1,74.28,1,240,2,6.190,2325000,3135000,84,1,1,9,9,0,1,0,0,0,0,0,0,0
2,20000032,06,37100,111,005205,45.94,127179,116726,1.0896,125600,85525000,7,1,1,1,53.99,1,60,5,5.580,85525000,158405000,57,1,1,9,9,20,1,0,0,0,0,0,1,0
2,20000033,06,31080,037,702802,59.26,98375,101056,0.9735,105700,2665000,7,1,1,4,61.60,2,360,1,3.690,2665000,3655000,47,9,1,9,9,0,1,0,0,0,0,0,1,0
2,20000034,39,18140,041,011561,46.63,112465,97262,1.1563,103300,26395000,7,1,1,1,65.00,1,120,5,5.510,26395000,40605000,114,1,1,9,9,0,1,0,0,0,0,0,1,0
2,20000035,48,19100,113,007915,43.99,82500,99957,0.8254,107300,9115000,2,1,1,1,24.25,1,60,5,6.000,9115000,37605000,24,1,1,9,9,0,1,0,0,0,0,0,1,0
2,20000036,45,24860,045,003014,32.84,109211,82045,1.3311,84700,18455000,7,1,1,1,58.76,2,84,4,5.980,18455000,31405000,78,1,1,9,9,0,1,0,0,0,0,0,0,0
2,20000037,34,35620,039,031500,79.74,65923,113844,0.5791,119300,11025000,2,1,1,1,66.80,1,60,3,5.460,11025000,16505000,57,1,1,9,9,0,1,0,0,0,0,0,0,0
2,20000038,39,18140,049,010204,65.02,61838,97262,0.6358,103300,21565000,7,1,1,1,61.45,1,60,5,5.970,21565000,35105000,36,1,1,9,9,0,1,0,0,0,0,0,0,0
2,20000039,06,41740,073,001302,51.34,93438,111734,0.8363,119500,3585000,2,1,1,4,61.60,2,360,1,3.050,3585000,7605000,47,9,1,9,9,0,1,0,0,0,0,0,1,0
2,20000040,06,41860,075,022902,66.62,152422,154003,0.9897,166600,2515000,7,1,1,1,61.34,1,84,1,5.510,2515000,4105000,81,1,1,9,9,0,1,0,0,0,0,0,0,0
2,20000041,51,47900,059,430901,64.54,153319,144539,1.0607,152900,48725000,1,3,1,1,69.12,1,84,5,5.550,48725000,70505000,78,1,1,9,9,0,1,0,0,0,0,0,0,0
2,20000042,06,40900,067,008008,27.96,128235,106925,1.1993,113700,44495000,7,1,1,1,62.39,1,60,5,5.620,44495000,71315000,57,1,1,9,9,0,1,0,0,0,0,0,1,0
2,20000043,48,12420,453,041000,89.87,49091,115204,0.4261,126000,11945000,2,1,1,1,69.83,1,60,4,5.300,11945000,17105000,57,1,1,9,9,0,1,0,0,0,0,1,0,0
2,20000044,48,19100,113,007909,52.55,94688,99957,0.9473,107300,31655000,7,1,1,1,50.00,1,60,5,4.900,31655000,63305000,57,1,1,9,9,0,1,0,0,0,0,0,0,0
2,20000045,23,38860,005,003002,46.89,70059,104743,0.6689,112500,29345000,2,3,1,1,59.15,1,120,4,6.090,29345000,49605000,114,1,1,9,9,0,1,0,0,0,0,0,0,0
2,20000046,34,35620,039,030703,88.30,69397,113844,0.6096,119300,2705000,7,1,1,1,64.48,1,60,1,5.350,2705000,4205000,36,1,1,9,9,0,1,0,0,0,0,0,0,0
2,20000047,17,16980,031,243200,41.58,250001,106055,2.3573,109800,2075000,2,1,1,1,61.98,1,60,1,6.460,2075000,3345000,36,1,1,9,9,0,1,0,0,0,0,0,1,0
2,20000048,39,17410,035,199300,96.80,37629,90488,0.4159,97200,1975000,7,5,1,1,54.94,1,60,2,6.330,1975000,3605000,60,1,1,9,9,0,1,0,0,0,0,1,0,0
2,20000049,48,12420,491,020409,47.02,112117,115204,0.9732,126000,32005000,2,1,1,1,42.55,1,120,5,5.120,32005000,75205000,114,1,9,9,9,0,1,0,0,0,0,0,1,0
2,20000050,53,42660,053,071604,63.66,62417,127870,0.4881,136600,3675000,2,1,1,1,73.70,1,84,1,5.090,3675000,4985000,84,1,1,9,9,0,1,0,0,0,0,0,0,0
2,20000051,55,28450,059,002605,21.77,119306,106055,1.1249,109800,52005000,7,1,1,1,63.49,1,60,5,5.880,52005000,81905000,57,1,1,9,9,0,1,1,0,0,0,0,1,0
2,20000052,13,12060,121,010219,65.90,101007,98569,1.0247,106100,33225000,2,3,1,1,50.04,1,84,5,5.939,33225000,66405000,12,1,1,9,9,0,1,0,0,0,0,0,1,0
2,20000053,41,21660,039,003802,33.58,152373,84068,1.8125,89100,10445000,1,1,1,1,58.86,1,120,2,6.220,10445000,17755000,114,1,1,9,9,0,1,0,0,0,0,1,0,0
2,20000054,40,36420,109,108708,22.43,94807,84302,1.1246,89100,6745000,7,5,1,1,66.73,1,60,3,7.030,6745000,10105000,36,1,1,9,9,0,1,0,0,0,0,0,1,0
2,20000055,06,41860,075,061506,61.68,250001,154003,1.6234,166600,22125000,1,3,1,1,49.94,1,84,3,4.600,22125000,44305000,78,1,1,9,9,0,1,0,0,0,0,0,1,0
2,20000056,08,17820,041,000400,20.72,91023,98394,0.9251,103700,1355000,1,1,1,1,52.00,1,120,1,6.000,1355000,2605000,84,1,9,9,9,0,1,0,0,0,0,0,0,0
2,20000057,29,28140,095,014205,36.67,84572,99766,0.8477,103000,23885000,2,1,1,1,51.36,1,60,5,6.300,23885000,46505000,36,1,1,9,9,0,1,0,0,0,0,0,0,0
2,20000058,53,42660,033,001201,51.10,71202,127870,0.5568,136600,2685000,7,5,1,1,64.14,1,60,1,6.020,2685000,4185000,36,1,1,9,9,0,1,0,0,0,0,1,0,0
2,20000059,06,40140,065,050302,61.60,144125,90585,1.5911,97500,60695000,7,1,1,1,52.94,2,60,5,6.250,60695000,114665000,57,1,1,9,9,0,1,0,0,0,0,0,1,0
2,20000060,04,38060,013,612200,30.84,147576,93191,1.5836,101300,44165000,7,1,1,1,60.00,1,84,5,5.280,44165000,73605000,78,1,1,9,9,0,1,0,0,0,0,0,1,0
2,20000061,48,19100,113,006800,86.61,56726,99957,0.5675,107300,36855000,1,1,1,1,45.55,1,120,5,5.430,36855000,80905000,114,1,1,9,9,90,1,0,0,0,0,0,0,0
2,20000062,06,31080,037,208802,86.68,71532,101056,0.7079,105700,2995000,7,1,1,4,61.60,2,360,2,7.200,3005000,7205000,47,9,1,9,9,0,1,0,0,0,0,1,0,0
2,20000063,12,37860,113,010900,11.57,138816,82863,1.6753,92200,22635000,1,1,1,1,59.73,1,60,4,5.770,22635000,37905000,57,1,1,9,9,0,1,0,0,0,0,0,1,0
2,20000064,08,19740,005,005552,52.91,56053,119980,0.4672,130400,1005000,7,3,1,1,56.88,1,60,1,7.290,1005000,1765000,36,1,1,9,9,0,1,0,0,0,0,1,0,0
2,20000065,48,19100,113,013628,50.28,92331,99957,0.9237,107300,21635000,1,1,1,1,64.59,1,60,5,4.860,21635000,33505000,57,1,1,9,9,0,1,0,0,0,0,0,0,0
2,20000066,06,41860,075,012202,69.48,74069,154003,0.4810,166600,2005000,1,1,1,1,64.10,1,84,1,6.830,2005000,3125000,84,1,9,9,9,0,1,0,0,0,0,1,0,0
2,20000067,48,15180,061,011701,94.83,38148,54380,0.7015,60400,9105000,7,1,1,1,70.00,1,60,4,5.610,9105000,13005000,57,1,1,9,9,0,1,1,0,0,0,1,0,1
2,20000068,29,41180,189,210912,72.37,105375,97901,1.0763,103200,16725000,1,1,1,1,75.00,1,60,5,5.880,16725000,22305000,57,1,1,9,9,0,1,0,0,0,0,0,0,0
2,20000069,06,23420,019,004706,80.94,61458,76092,0.8077,84300,33785000,7,1,1,1,70.00,1,60,5,5.670,33785000,48275000,57,1,1,9,9,70,1,0,0,0,0,0,0,0
2,20000070,40,46140,143,007608,66.93,34464,83507,0.4127,85300,17505000,7,1,1,1,70.00,1,60,5,5.710,17505000,25005000,57,1,9,9,9,0,1,0,0,0,0,1,0,0
2,20000071,12,36740,117,022006,39.72,70263,83343,0.8431,90400,30825000,2,1,1,1,68.35,1,84,5,6.010,30825000,45105000,78,1,1,9,9,0,1,0,0,0,0,0,0,0
2,20000072,47,99999,045,964300,32.26,54178,66250,0.8178,70300,1695000,1,5,1,1,65.00,1,120,2,5.490,1695000,2605000,84,1,9,9,9,0,1,1,1,0,0,1,0,0
2,20000073,13,12060,067,030275,49.95,000000,98569,9999.0,106100,10075000,1,1,1,1,68.97,1,60,4,5.840,10075000,14605000,57,1,1,9,9,79,1,0,0,0,0,0,0,0
2,20000074,39,17140,061,022302,26.74,123750,97826,1.2650,103700,1955000,7,5,1,1,63.73,1,120,2,6.020,1955000,3065000,84,1,1,9,9,0,1,0,0,0,0,0,1,0
2,20000075,17,16980,031,010702,73.47,60479,106055,0.5703,109800,5515000,7,1,1,1,71.60,1,120,2,5.570,5515000,7705000,117,1,1,9,9,0,1,0,0,0,0,1,0,0
2,20000076,37,16740,025,041306,63.10,142817,93744,1.5235,100300,40285000,7,1,1,1,61.78,1,60,5,5.660,40285000,65205000,24,1,1,9,9,0,1,0,0,0,0,0,0,0
2,20000077,06,41860,075,017102,30.41,246726,154003,1.6021,166600,1375000,2,1,1,1,72.09,1,84,1,5.590,1375000,1915000,81,1,1,9,9,0,1,0,0,0,0,0,1,0
2,20000078,29,28140,095,014701,35.05,95833,99766,0.9606,103000,20855000,2,1,1,1,70.44,1,60,5,5.800,20855000,29605000,36,1,1,9,9,0,1,0,0,0,0,0,0,0
2,20000079,25,14460,009,211100,13.17,114625,134646,0.8513,142000,44465000,1,1,1,1,62.81,1,84,5,6.490,44465000,70805000,60,1,1,9,9,0,1,0,0,0,0,0,0,0
2,20000080,12,33100,099,006801,89.61,62685,80554,0.7782,87600,13395000,7,1,1,1,61.71,1,60,5,6.800,13395000,21705000,24,1,1,9,9,100,1,0,0,0,0,0,0,0
2,20000081,06,31080,037,573102,85.67,109737,101056,1.0859,105700,1425000,7,1,1,1,60.60,1,84,1,6.370,1425000,2355000,84,1,1,9,9,0,1,0,0,0,0,0,0,0
2,20000082,06,41860,081,603200,39.86,163929,154003,1.0645,166600,2545000,1,1,1,4,61.60,2,360,1,3.800,2835000,3805000,59,9,9,9,9,0,1,1,0,0,0,0,1,0
2,20000083,17,16980,031,222600,49.47,117083,106055,1.1040,109800,6085000,7,1,1,1,69.98,1,120,2,5.510,6085000,8705000,84,1,1,9,9,0,1,0,0,0,0,0,0,0
2,20000084,12,36740,095,014813,47.41,92532,83343,1.1103,90400,34925000,7,1,1,1,59.91,1,60,5,5.650,34925000,58305000,57,1,1,9,9,0,1,0,0,0,0,0,0,0
2,20000085,39,18140,049,006372,41.88,83486,97262,0.8584,103300,3255000,7,3,1,1,65.00,1,120,2,5.490,3255000,5005000,84,1,1,9,9,0,1,0,0,0,0,0,0,0
2,20000086,06,31080,037,208720,90.10,38993,101056,0.3859,105700,1385000,7,5,1,1,62.67,1,60,1,6.730,1385000,2215000,36,1,1,9,9,0,1,0,0,0,0,1,0,0
2,20000087,09,14860,190,210502,33.59,144030,135149,1.0657,145700,30235000,7,3,1,1,62.34,1,60,4,5.420,30235000,48505000,57,1,1,9,9,0,1,0,0,0,0,0,0,0
2,20000088,06,31080,059,076205,54.64,111806,101056,1.1064,105700,6495000,1,1,1,1,43.29,1,84,2,5.430,6495000,15005000,78,1,1,9,9,0,1,0,0,0,0,0,0,0
2,20000089,48,26420,201,454902,60.59,102361,92750,1.1036,95200,20735000,7,3,1,1,55.73,1,120,4,6.090,20735000,37205000,114,1,1,9,9,0,1,0,0,0,0,0,1,0
2,20000090,24,47900,033,801406,95.86,91827,144539,0.6353,152900,23315000,7,5,1,1,64.58,1,60,5,5.730,23315000,36105000,57,1,1,9,9,0,1,0,0,0,0,0,0,0
2,20000091,48,12420,453,002201,84.96,59848,115204,0.5195,126000,24085000,1,1,1,1,58.60,2,60,5,6.580,24085000,41105000,36,1,1,9,9,51,1,0,0,0,0,0,0,0
2,20000092,47,34980,037,019004,71.97,55392,96905,0.5716,104700,18675000,1,1,1,1,70.00,1,60,5,5.740,18675000,26685000,57,1,1,9,9,0,1,0,0,0,0,1,0,0
2,20000093,04,38060,013,107700,34.17,193500,93191,2.0764,101300,36465000,2,3,1,1,55.00,1,84,5,5.939,36465000,66305000,12,1,1,9,9,0,1,0,0,0,0,0,1,0
2,20000094,06,31080,037,297120,82.19,95208,101056,0.9421,105700,1395000,2,1,1,4,61.60,2,360,1,4.400,1555000,2805000,59,9,9,9,9,0,1,0,0,0,0,0,0,0
2,20000095,06,40900,067,008006,26.02,164519,106925,1.5386,113700,15995000,7,1,1,1,64.50,1,120,5,6.380,15995000,24805000,114,1,1,9,9,100,1,0,0,0,0,0,1,0
2,20000096,13,12060,089,022203,56.43,115913,98569,1.1760,106100,13005000,1,1,1,1,65.00,1,60,4,5.680,13005000,20005000,57,1,1,9,9,0,1,0,0,0,0,0,0,0
2,20000097,36,35620,005,042901,93.42,41644,113844,0.3658,119300,16655000,7,1,1,1,67.98,1,120,3,5.970,16655000,24505000,114,1,1,9,9,83,1,0,0,0,0,1,0,0
2,20000098,48,18580,409,010603,37.47,141607,77127,1.8360,75300,32965000,7,1,1,1,67.70,1,60,5,5.460,32965000,48705000,57,1,1,9,9,0,1,0,0,0,0,0,1,0
2,20000099,20,45820,177,002702,25.68,108819,85437,1.2737,87300,6405000,2,1,1,1,80.00,1,84,4,5.310,6405000,8005000,78,1,1,9,9,40,1,0,0,0,0,0,0,0
2,20000100,38,99999,105,953701,34.21,76719,104948,0.7310,111400,3005000,7,1,1,1,50.00,1,120,3,6.040,3005000,6005000,117,1,1,9,9,0,1,1,0,0,0,0,0,0
2,20000101,48,12420,491,021203,51.17,70580,115204,0.6127,126000,1825000,7,1,1,1,64.14,1,60,1,6.270,1825000,2855000,36,1,1,9,9,0,1,0,0,0,0,1,0,0
2,20000102,12,37340,009,071201,24.71,127765,87701,1.4568,99700,40515000,1,1,1,1,59.58,1,60,5,5.060,40515000,68005000,57,1,1,9,9,0,1,0,0,0,0,0,1,0
2,20000103,12,45300,057,010402,77.29,44016,84454,0.5212,92000,38025000,7,1,1,1,62.65,2,120,5,6.250,38025000,60705000,114,1,1,9,9,0,1,0,0,0,0,0,0,0
2,20000104,39,17140,025,041505,7.92,141705,97826,1.4485,103700,18935000,2,1,1,1,61.29,1,60,5,5.440,18935000,30905000,57,1,1,9,9,0,1,0,0,0,0,0,0,0
2,20000105,48,19100,113,007916,32.48,126250,99957,1.2630,107300,44355000,7,1,1,1,50.00,1,60,5,4.930,44355000,88705000,57,1,1,9,9,0,1,0,0,0,0,0,1,0
2,20000106,32,29820,003,007900,54.20,58438,82358,0.7096,87800,6355000,7,1,1,1,66.84,1,60,3,6.040,6355000,9505000,36,1,1,9,9,0,1,0,0,0,0,1,0,0
2,20000107,41,38900,067,031813,35.40,160561,110489,1.4532,116900,15255000,1,1,1,1,70.00,1,120,4,5.180,15255000,21785000,114,1,9,9,9,0,1,0,0,0,0,0,1,0
2,20000108,29,28140,095,006900,23.39,166333,99766,1.6672,103000,2915000,2,1,1,1,61.92,1,60,2,6.370,2915000,4705000,36,1,1,9,9,0,1,0,0,0,0,0,0,0
2,20000109,48,19100,439,105008,64.48,63385,99957,0.6341,107300,30225000,2,1,1,1,59.73,1,60,5,5.080,30225000,50605000,36,1,1,9,9,0,1,0,0,0,0,0,1,0
2,20000110,17,16980,031,802605,29.60,132344,106055,1.2479,109800,94505000,7,1,1,1,64.16,1,120,5,5.780,94505000,147305000,114,1,1,9,9,0,1,0,0,0,0,0,1,0
2,20000111,29,28140,047,020602,46.41,54722,99766,0.5485,103000,7205000,7,1,1,1,64.32,1,120,3,6.160,7205000,11205000,84,1,1,9,9,0,1,0,0,0,0,0,0,0
2,20000112,53,42660,033,010502,25.78,145237,127870,1.1358,136600,3025000,7,1,1,1,59.37,1,84,1,5.820,3025000,5105000,84,1,1,9,9,0,1,0,0,0,0,0,1,0
2,20000113,13,12060,067,030910,83.56,74598,98569,0.7568,106100,17875000,2,1,1,1,56.05,1,60,5,4.930,17875000,31905000,36,1,1,9,9,0,1,0,0,0,0,0,0,0
2,20000114,01,13820,117,030212,48.32,91750,87341,1.0505,94200,66435000,2,1,1,1,70.00,1,84,5,5.060,66435000,94905000,78,1,1,9,9,0,1,0,0,0,0,0,0,0
2,20000115,06,31080,037,920047,84.63,64507,101056,0.6383,105700,102815000,7,1,1,1,63.43,1,60,5,5.200,102815000,162105000,57,1,1,9,9,0,1,0,0,0,0,1,0,0
2,20000116,06,40900,067,006003,48.32,61776,106925,0.5778,113700,3155000,2,1,1,1,44.30,2,60,2,6.670,3155000,7115000,36,1,1,9,9,0,1,0,0,0,0,1,0,0
2,20000117,36,35620,119,000401,88.45,48583,113844,0.4268,119300,58385000,1,1,1,1,68.69,1,60,5,5.800,58385000,85005000,57,1,1,9,9,0,1,0,0,0,0,0,0,0
2,20000118,06,41940,085,501602,82.36,42119,172303,0.2445,180400,1505000,2,1,1,4,61.60,2,360,1,3.250,1505000,3495000,59,9,1,9,9,0,1,0,0,0,0,1,0,0
2,20000119,37,16740,119,006113,62.19,117713,93744,1.2557,100300,25375000,2,1,1,1,59.71,1,60,5,5.110,25375000,42505000,57,1,1,9,9,0,1,0,0,0,0,0,0,0
2,20000120,42,10900,077,006500,22.06,79203,96828,0.8180,101400,1985000,7,1,1,1,64.98,1,120,1,5.880,1985000,3055000,84,1,1,9,9,0,1,0,0,0,0,0,0,0
2,20000121,48,19100,113,007205,97.94,40988,99957,0.4101,107300,10875000,1,1,1,1,72.99,1,60,5,4.910,10875000,14905000,57,1,1,9,9,0,1,0,0,0,0,1,0,0
2,20000122,18,26900,057,111011,25.41,75746,93688,0.8085,101200,43405000,1,5,1,1,67.20,2,36,5,6.000,43405000,57105000,12,1,1,9,9,0,1,0,0,0,0,0,1,0
2,20000123,41,38900,051,002203,37.40,130341,110489,1.1797,116900,2925000,1,1,1,1,62.30,1,60,1,5.020,2925000,4705000,57,1,1,9,9,0,1,0,0,0,0,0,0,0
2,20000124,02,11260,020,001200,21.74,174091,110687,1.5728,117200,3125000,1,5,1,1,65.00,1,84,1,5.650,3125000,4805000,84,1,1,9,9,0,1,0,0,0,0,0,1,0
2,20000125,12,99999,087,971800,57.65,76122,95165,0.7999,97500,74755000,1,1,1,1,62.61,1,120,5,6.186,74755000,119405000,12,1,1,9,9,100,1,1,0,0,0,0,0,0
2,20000126,32,29820,003,005103,51.35,62418,82358,0.7579,87800,9585000,7,1,1,1,47.68,1,60,4,5.780,9585000,20105000,36,1,1,9,9,0,1,0,0,0,0,0,1,0
2,20000127,48,31180,303,000700,73.61,71420,80497,0.8872,85800,2685000,2,3,1,1,71.10,1,162,3,4.360,2705000,3205000,0,1,9,9,9,84,1,0,0,0,0,0,0,0
2,20000128,09,14860,120,257200,89.38,58931,135149,0.4360,145700,1525000,7,1,1,1,69.27,1,60,1,6.440,1525000,2205000,60,1,1,9,9,0,1,0,0,0,0,1,0,0
2,20000129,41,38900,005,024402,29.03,105778,110489,0.9574,116900,64735000,7,1,1,1,64.73,1,60,5,5.400,64735000,100005000,57,1,1,9,9,0,1,0,0,0,0,0,0,0
2,20000130,06,31080,059,011714,73.52,112353,101056,1.1118,105700,83425000,2,1,1,1,58.42,1,60,5,5.440,83425000,142805000,57,1,1,9,9,0,1,0,0,0,0,0,1,0
2,20000131,06,40140,065,044929,27.92,92670,90585,1.0230,97500,41505000,7,1,1,1,66.72,1,120,4,5.560,41505000,62205000,114,1,1,9,9,0,1,0,0,0,0,0,0,0
2,20000132,06,31080,037,601302,93.09,71571,101056,0.7082,105700,2285000,2,1,1,4,61.60,2,360,1,3.600,2305000,3755000,59,9,1,9,9,0,1,0,0,0,0,0,0,0
2,20000133,47,34980,037,018905,55.51,80060,96905,0.8262,104700,59525000,7,3,1,1,52.08,1,84,5,5.939,59525000,114305000,12,1,1,9,9,0,1,0,0,0,0,0,0,0
2,20000134,26,19820,099,242100,51.78,73438,93779,0.7831,97300,1125000,2,3,1,1,64.29,1,60,1,6.180,1125000,1755000,36,1,9,9,9,0,1,0,0,0,0,0,0,0
2,20000135,26,19820,163,520300,60.22,85432,93779,0.9110,97300,11005000,2,1,1,1,69.20,1,60,4,5.980,11005000,15905000,57,1,1,9,9,0,1,0,0,0,0,1,0,0
2,20000136,06,31080,059,087701,77.69,103080,101056,1.0200,105700,3415000,7,3,1,1,25.67,1,120,2,5.590,3415000,13295000,114,1,1,9,9,100,1,0,0,0,0,0,0,0
2,20000137,04,49740,027,000302,89.63,58007,61867,0.9376,63900,9715000,7,1,1,1,64.57,1,60,3,5.900,9715000,15055000,36,1,1,9,9,0,1,0,0,0,0,1,0,0
2,20000138,37,49180,067,002604,38.66,116429,76701,1.5180,81900,3025000,7,5,1,1,63.77,1,120,3,6.360,3025000,4755000,84,1,1,9,9,0,1,0,0,0,0,0,0,0
2,20000139,17,16980,197,880123,62.79,119250,106055,1.1244,109800,47125000,1,1,1,1,62.87,2,60,5,5.890,47125000,74965000,57,1,1,9,9,0,1,0,0,0,0,0,0,0
2,20000140,36,35620,047,016300,43.44,250001,113844,2.1960,119300,448345000,7,1,1,1,63.87,1,84,5,5.000,448345000,702005000,78,1,1,9,9,30,1,0,0,0,0,0,1,0
2,20000141,42,10900,095,010500,77.92,32236,96828,0.3329,101400,35525000,7,1,1,1,64.35,1,60,5,5.210,35525000,55205000,57,1,1,9,9,0,1,0,0,0,0,1,0,0
2,20000142,17,16980,031,804603,58.64,105551,106055,0.9953,109800,92675000,7,1,1,1,73.55,1,60,5,5.640,92675000,126005000,57,1,1,9,9,0,1,0,0,0,0,0,0,0
2,20000143,06,31080,037,650606,70.23,110721,101056,1.0956,105700,1535000,7,1,1,1,39.67,1,60,1,5.670,1535000,3885000,36,1,1,9,9,0,1,0,0,0,0,0,0,0
2,20000144,12,33100,086,000220,93.16,49885,80554,0.6193,87600,2695000,1,1,1,1,69.03,1,240,1,6.760,2695000,3905000,36,1,1,9,9,0,1,0,0,0,0,1,0,0
2,20000145,20,28140,091,053009,19.65,157212,99766,1.5758,103000,41965000,2,1,1,1,67.04,1,120,5,5.130,41965000,62605000,114,1,1,9,9,0,1,0,0,0,0,0,0,0
2,20000146,06,31080,037,211703,90.80,70982,101056,0.7024,105700,1235000,2,1,1,4,61.60,2,360,1,3.200,1235000,6455000,47,9,1,9,9,0,1,0,0,0,0,0,0,0
2,20000147,01,33860,101,001900,34.08,82083,77591,1.0579,82500,4505000,2,1,1,1,64.99,1,120,3,5.700,4505000,6935000,114,1,1,9,9,0,1,0,0,0,0,0,0,0
2,20000148,48,19100,113,014207,60.09,182206,99957,1.8228,107300,93905000,2,1,1,1,61.18,1,120,5,5.550,93905000,153505000,114,1,1,9,9,90,1,0,0,0,0,0,1,0
2,20000149,04,38060,013,116205,72.37,61667,93191,0.6617,101300,79135000,7,3,1,1,73.00,1,84,5,6.556,79135000,108405000,12,1,1,9,9,0,1,0,0,0,0,0,0,0
2,20000150,06,31080,037,211802,87.25,50893,101056,0.5036,105700,3845000,2,1,1,4,61.60,2,360,2,3.400,3965000,6105000,35,9,1,9,9,0,1,0,0,0,0,1,0,0
2,20000151,34,35620,013,008200,91.02,39740,113844,0.3491,119300,1455000,2,1,1,1,66.05,1,60,1,6.730,1455000,2205000,36,1,1,9,9,0,1,0,0,0,0,1,0,0
2,20000152,13,12060,063,040635,67.50,65375,98569,0.6632,106100,5955000,2,3,1,1,64.72,1,180,3,4.730,5955000,9205000,174,1,9,9,9,77,1,0,0,0,0,1,0,0
2,20000153,48,10180,441,012000,14.60,170000,76762,2.2146,85600,2955000,2,3,1,4,71.10,2,217,2,5.340,2955000,3705000,0,1,1,9,9,83,1,0,0,0,0,0,1,0
2,20000154,06,46700,095,253402,61.48,113854,110159,1.0335,113200,6205000,1,1,1,1,59.12,1,60,3,5.580,6205000,10505000,36,1,1,9,9,99,1,1,0,0,0,0,1,0
2,20000155,36,35620,081,001903,62.92,236111,113844,2.0740,119300,124725000,7,3,1,1,61.90,1,120,5,5.660,124725000,201505000,114,1,1,9,9,0,1,0,0,0,0,0,0,0
2,20000156,06,41740,073,010201,41.94,106740,111734,0.9553,119500,2975000,2,1,1,4,61.60,2,360,1,3.450,2975000,5405000,59,9,1,9,9,0,1,0,0,0,0,0,0,0
2,20000157,06,31080,037,554105,89.15,63207,101056,0.6255,105700,3165000,7,1,1,4,61.60,2,360,1,3.280,3225000,5405000,47,9,1,9,9,0,1,0,0,0,0,1,0,0
2,20000158,06,31080,037,128601,60.13,75407,101056,0.7462,105700,3685000,7,1,1,4,61.60,2,360,2,3.350,3685000,5205000,47,9,1,9,9,0,1,0,0,0,0,0,0,0
2,20000159,48,12420,453,000302,29.84,141705,115204,1.2300,126000,7525000,1,5,1,4,67.20,2,36,3,6.000,7525000,18105000,17,1,1,9,9,0,1,0,0,0,0,0,0,0
2,20000160,39,18140,049,007212,22.64,210083,97262,2.1600,103300,26325000,1,1,1,1,62.68,1,60,5,6.150,26325000,42005000,36,1,1,9,9,0,1,0,0,0,0,0,1,0
2,20000161,48,19100,439,123302,50.48,178000,99957,1.7808,107300,72015000,2,1,1,1,66.00,1,60,5,4.800,72015000,109105000,57,1,1,9,9,0,1,0,0,0,0,0,0,0
2,20000162,06,41740,073,020313,56.04,95688,111734,0.8564,119500,3355000,7,1,1,1,29.26,1,60,2,5.950,3355000,11455000,36,1,1,9,9,0,1,0,0,0,0,0,0,0
2,20000163,09,35300,170,140400,82.89,89311,105763,0.8444,110400,1225000,7,1,1,1,54.58,2,60,1,6.820,1225000,2255000,60,1,9,9,9,0,1,0,0,0,0,1,0,0
2,20000164,42,10900,077,009200,32.94,84118,96828,0.8687,101400,38435000,7,1,1,1,64.81,1,60,5,5.210,38435000,59305000,57,1,1,9,9,0,1,0,0,0,0,0,0,0
2,20000165,12,36740,117,022106,41.14,87772,83343,1.0531,90400,38555000,1,1,1,1,60.00,1,60,5,5.870,38555000,64255000,57,1,1,9,9,0,1,0,0,0,0,0,0,0
2,20000166,48,12420,491,020311,56.37,135667,115204,1.1776,126000,43725000,7,5,1,1,55.14,1,60,5,6.010,43725000,79305000,36,1,9,9,9,51,1,0,0,0,0,0,0,0
2,20000167,17,16980,097,861504,83.06,88563,106055,0.8351,109800,34005000,7,1,1,1,55.11,1,120,5,5.530,34005000,61705000,114,1,1,9,9,0,1,0,0,0,0,1,0,0
2,20000168,48,19100,439,113109,67.59,68667,99957,0.6870,107300,11285000,7,1,1,1,61.57,1,60,4,5.390,11285000,18335000,57,1,1,9,9,0,1,0,0,0,0,0,0,0
2,20000169,42,38300,003,477100,9.84,110882,96434,1.1498,100600,27095000,2,3,1,1,64.98,1,120,4,6.500,27095000,41705000,114,1,1,9,9,0,1,0,0,0,0,0,0,0
2,20000170,36,35620,087,010703,79.28,72935,113844,0.6407,119300,24405000,7,1,1,1,58.93,1,120,4,5.880,24405000,41425000,114,1,1,9,9,0,1,0,0,0,0,0,0,0
2,20000171,12,45300,103,025407,26.62,82602,84454,0.9781,92000,21555000,7,1,1,1,49.65,2,120,5,7.494,21555000,43405000,12,1,1,9,9,0,1,0,0,0,0,0,0,0
2,20000172,55,33340,079,101000,28.31,82083,97232,0.8442,102100,2885000,7,1,1,1,62.76,1,120,2,5.240,2885000,4605000,117,1,1,9,9,0,1,0,0,0,0,0,0,0
2,20000173,26,11460,161,446400,9.98,146607,118144,1.2409,119500,2535000,7,1,1,1,58.68,1,84,2,6.220,2535000,4325000,81,1,1,9,9,0,1,1,0,0,0,0,0,0
2,20000174,27,33460,123,041200,42.73,94091,119274,0.7889,123700,26565000,2,1,1,1,67.26,1,166,5,3.410,26565000,39505000,160,1,1,9,9,100,1,0,0,0,0,1,0,0
2,20000175,53,42660,033,026003,82.30,78725,127870,0.6157,136600,75955000,1,1,1,1,69.81,1,60,5,5.170,75955000,108805000,54,1,1,9,9,0,1,0,0,0,0,1,0,0
2,20000176,48,19100,113,007915,43.99,82500,99957,0.8254,107300,17105000,2,1,1,1,22.35,1,60,5,6.000,17105000,76505000,24,1,1,9,9,0,1,0,0,0,0,0,1,0
2,20000177,20,28140,091,053201,20.30,173750,99766,1.7416,103000,8615000,7,1,1,1,61.50,1,60,4,5.430,8615000,14005000,57,1,1,9,9,0,1,0,0,0,0,0,0,0
2,20000178,36,35620,047,114400,97.02,77810,113844,0.6835,119300,63495000,1,1,1,1,71.75,1,120,5,6.000,63495000,88505000,114,1,9,9,9,99,1,0,0,0,0,1,0,0
2,20000179,37,16740,119,003808,93.19,49205,93744,0.5249,100300,48625000,1,3,1,1,68.58,1,84,5,6.596,48625000,70905000,12,1,1,9,9,0,1,0,0,0,0,1,0,0
2,20000180,04,38060,013,815402,40.82,160893,93191,1.7265,101300,39305000,7,1,1,1,57.05,1,84,5,6.963,39305000,68905000,12,1,1,9,9,0,1,0,0,0,0,0,1,0
2,20000181,51,40060,760,071100,59.62,83750,104391,0.8023,110000,24175000,1,1,1,1,68.09,1,84,5,5.430,24175000,35505000,78,1,1,9,9,0,1,0,0,0,0,0,0,0
2,20000182,42,10900,095,010100,42.24,86061,96828,0.8888,101400,1245000,1,1,1,1,67.14,1,120,1,6.480,1245000,1855000,84,1,1,9,9,0,1,0,0,0,0,0,0,0
2,20000183,06,31080,037,236400,90.70,124712,101056,1.2341,105700,3715000,1,1,1,1,79.91,1,120,1,5.740,3715000,4655000,117,1,1,9,9,0,1,0,0,0,0,0,0,0
2,20000184,12,27260,031,016400,23.09,139152,88994,1.5636,98000,19885000,2,1,1,1,70.00,1,60,5,5.810,19885000,28405000,36,1,1,9,9,0,1,0,0,0,0,0,1,0
2,20000185,37,39580,183,053513,52.66,93320,113293,0.8237,122300,47215000,7,1,1,1,59.31,1,60,5,5.240,47215000,79605000,36,1,1,9,9,0,1,0,0,0,0,0,0,0
2,20000186,32,29820,003,001501,74.20,42130,82358,0.5116,87800,31075000,7,1,1,1,70.00,1,60,5,5.810,31075000,44395000,57,1,1,9,9,68,1,0,0,0,0,1,0,0
2,20000187,09,14860,190,022202,51.39,60552,135149,0.4480,145700,87315000,2,1,1,1,63.97,1,120,5,5.350,87315000,136505000,114,1,1,9,9,10,1,0,0,0,0,0,0,0
2,20000188,53,42660,033,026700,44.83,123088,127870,0.9626,136600,2165000,2,1,1,1,60.06,1,84,1,5.190,2165000,3605000,84,1,1,9,9,0,1,0,0,0,0,0,0,0
2,20000189,39,45780,095,010600,69.39,22619,81518,0.2775,87700,2175000,7,1,1,1,64.78,1,120,3,6.920,2175000,3355000,84,1,9,9,9,0,1,0,0,0,0,1,0,0
2,20000190,39,18140,049,009326,88.67,42563,97262,0.4376,103300,13125000,1,1,1,1,68.36,1,60,5,5.220,13125000,19205000,57,1,1,9,9,0,1,0,0,0,0,1,0,0
2,20000191,37,24780,147,001002,29.87,102614,73970,1.3872,84700,3085000,2,3,1,1,71.10,1,180,3,5.160,3105000,5105000,0,1,9,9,9,100,1,0,0,0,0,0,0,0
2,20000192,06,31080,037,501400,89.73,78393,101056,0.7757,105700,1225000,2,1,1,4,61.60,2,360,1,3.250,1305000,5105000,59,9,9,9,9,0,1,0,0,0,0,0,0,0
2,20000193,48,41700,029,181404,74.21,54853,85469,0.6418,89300,19685000,1,1,1,1,75.00,1,60,5,5.530,19685000,26255000,48,1,1,9,9,0,1,0,0,0,0,0,0,0
2,20000194,06,32900,047,001004,67.98,62642,70798,0.8848,78500,3215000,2,1,1,1,55.99,1,84,2,6.760,3215000,5745000,84,1,1,9,9,0,1,0,0,0,0,0,0,0
2,20000195,04,38060,013,108502,36.57,155899,93191,1.6729,101300,91205000,1,1,1,1,60.00,1,60,5,5.190,91205000,152005000,57,1,1,9,9,0,1,0,0,0,0,0,1,0
2,20000196,36,35620,005,019900,98.31,30359,113844,0.2667,119300,25405000,7,1,1,1,66.33,1,120,4,5.890,25405000,38305000,114,1,1,9,9,93,1,0,0,0,0,1,0,0
2,20000197,12,33100,099,007752,41.51,165382,80554,2.0531,87600,55985000,7,1,1,1,57.72,1,84,5,5.790,55985000,97005000,78,1,1,9,9,0,1,0,0,0,0,0,1,0
2,20000198,06,31080,037,553902,93.49,75841,101056,0.7505,105700,1435000,7,1,1,1,63.03,1,84,1,6.130,1435000,2285000,81,1,9,9,9,0,1,0,0,0,0,0,0,0
2,20000199,09,35300,170,150800,21.47,144010,105763,1.3616,110400,47975000,7,1,1,1,64.40,1,84,5,5.420,47975000,74505000,78,1,1,9,9,0,1,0,0,0,0,0,0,0
2,20000200,11,47900,001,002801,73.12,106685,144539,0.7381,152900,17705000,2,1,1,1,25.14,1,84,5,5.650,17705000,70405000,60,1,1,9,9,100,1,0,0,0,0,1,0,0
2,20000201,34,35620,017,001800,77.58,42264,113844,0.3712,119300,1265000,7,1,1,1,56.18,1,60,1,6.850,1265000,2255000,36,1,1,9,9,0,1,0,0,0,0,1,0,0
2,20000202,06,46700,095,253404,55.63,88865,110159,0.8067,113200,13545000,7,1,1,1,55.86,1,120,4,5.560,13545000,24245000,114,1,1,9,9,0,1,1,0,0,0,0,1,0
2,20000203,36,35620,061,002201,76.62,49293,113844,0.4330,119300,24295000,7,1,1,1,50.30,1,60,3,6.130,24295000,48305000,36,1,9,9,9,0,1,0,0,0,0,1,0,0
2,20000204,06,40900,067,003202,82.70,71048,106925,0.6645,113700,4575000,7,1,1,1,65.29,1,84,2,5.800,4575000,7005000,84,1,1,9,9,0,1,0,0,0,0,1,0,0
2,20000205,06,31080,037,552100,91.58,93995,101056,0.9301,105700,34495000,1,1,1,1,64.72,1,120,5,5.260,34495000,53305000,114,1,1,9,9,98,1,0,0,0,0,0,0,0
2,20000206,34,35620,029,715301,21.92,47113,113844,0.4138,119300,25475000,1,1,1,1,54.08,1,60,5,5.580,25475000,47105000,57,1,1,9,9,0,1,0,0,0,0,1,0,0
2,20000207,04,38060,013,422308,38.15,106304,93191,1.1407,101300,31545000,1,1,1,1,61.49,1,60,5,5.530,31545000,51305000,57,1,1,9,9,0,1,0,0,0,0,0,1,0
2,20000208,17,16980,031,252102,99.53,51945,106055,0.4898,109800,3745000,1,1,1,1,69.17,1,60,3,6.160,3745000,5405000,57,1,1,9,9,100,1,0,0,0,0,1,0,0
2,20000209,48,26420,201,411504,44.18,000000,92750,9999.0,95200,34835000,1,1,1,1,75.00,1,60,5,4.870,34835000,46455000,57,1,1,9,9,90,1,0,0,0,0,0,0,0
2,20000210,48,26420,201,553500,51.15,97319,92750,1.0493,95200,17615000,2,1,1,1,69.09,1,60,4,5.270,17615000,25505000,57,1,1,9,9,0,1,0,0,0,0,0,1,0
2,20000211,24,47900,031,704806,42.57,154281,144539,1.0674,152900,34355000,1,1,1,1,54.32,1,84,5,5.880,34355000,63255000,78,1,1,9,9,27,1,0,0,0,0,0,1,0
2,20000212,36,35620,047,026100,72.42,57384,113844,0.5041,119300,4775000,7,1,1,1,64.99,1,60,2,6.100,4775000,7355000,36,1,1,9,9,0,1,0,0,0,0,1,0,0
2,20000213,51,47900,179,010215,70.91,59808,144539,0.4138,152900,16155000,7,1,1,1,62.12,1,60,4,6.200,16155000,26005000,36,1,1,9,9,99,1,0,0,0,0,1,0,0
2,20000214,06,23420,019,004801,80.98,54648,76092,0.7182,84300,16365000,7,1,1,1,67.48,1,60,4,5.580,16365000,24255000,57,1,1,9,9,0,1,0,0,0,0,1,0,0
2,20000215,40,46140,143,007641,69.52,41948,83507,0.5023,85300,21915000,7,1,1,1,60.82,1,60,5,5.760,21915000,36035000,57,1,1,9,9,0,1,0,0,0,0,1,0,0
2,20000216,37,39580,183,054017,48.28,90858,113293,0.8020,122300,19025000,7,1,1,1,42.94,1,60,5,4.890,19025000,44305000,57,1,1,9,9,0,1,0,0,0,0,0,0,0
2,20000217,53,28420,005,011201,66.02,43367,92746,0.4676,99900,6865000,1,1,1,1,74.07,1,60,5,5.530,6865000,9275000,57,1,1,9,9,98,1,0,0,0,0,1,0,0
2,20000218,27,99999,041,450703,9.94,75893,91413,0.8302,97100,4715000,7,3,1,1,52.40,1,120,3,5.810,4715000,9005000,84,1,1,9,9,0,1,1,0,0,0,0,0,0
2,20000219,06,31080,037,206054,98.09,40430,101056,0.4001,105700,17485000,2,1,1,4,82.70,2,188,5,3.620,17485000,30905000,181,1,1,9,9,100,1,0,0,0,0,1,0,0
2,20000220,12,33100,011,041200,97.73,48971,80554,0.6079,87600,40005000,1,1,1,1,55.87,1,204,5,5.620,40005000,71605000,198,1,9,9,9,100,1,0,0,0,0,1,0,0
2,20000221,48,99999,477,170300,36.17,79981,86183,0.9280,91500,3005000,7,3,1,1,71.10,1,193,2,5.668,3015000,4125000,0,1,1,9,9,84,1,1,0,0,0,0,1,0
2,20000222,42,49620,133,022100,26.12,62022,95408,0.6501,105100,4255000,1,1,1,1,68.77,1,60,3,6.350,4255000,6185000,57,1,1,9,9,100,1,0,0,0,0,1,0,0
2,20000223,55,28450,059,000700,56.73,54596,106055,0.5148,109800,7855000,2,1,1,4,78.30,2,180,4,4.520,7855000,9665000,119,1,1,9,9,100,1,0,0,0,0,1,0,0
2,20000224,36,35620,047,032900,67.62,103854,113844,0.9123,119300,7015000,7,1,1,1,70.87,1,60,3,5.810,7015000,9905000,36,1,1,9,9,0,1,0,0,0,0,1,0,0
2,20000225,48,30980,183,001100,69.66,58173,75665,0.7688,79100,1285000,2,3,1,4,71.10,2,192,2,5.030,1325000,1505000,0,1,9,9,9,100,1,0,0,0,0,1,0,0
2,20000226,48,32580,215,020910,82.83,73794,54864,1.3450,57300,14365000,7,1,1,1,67.44,1,60,5,5.610,14365000,21305000,57,1,1,9,9,0,1,0,0,0,0,0,1,0
2,20000227,36,35620,047,082200,87.97,88899,113844,0.7809,119300,1525000,7,1,1,1,64.31,1,120,1,5.600,1525000,2365000,36,1,1,9,9,0,1,0,0,0,0,0,0,0
2,20000228,42,37980,101,020900,22.65,130682,108977,1.1992,114700,1505000,7,1,1,1,50.00,1,120,1,5.720,1505000,3005000,84,1,9,9,9,0,1,0,0,0,0,0,0,0
2,20000229,32,39900,031,000702,51.62,69577,98707,0.7049,101200,9235000,2,1,1,1,30.74,1,84,5,5.800,9235000,30055000,78,1,1,9,9,0,1,0,0,0,0,1,0,0
2,20000230,36,40380,055,014206,30.69,85673,93554,0.9158,96500,7315000,1,1,1,1,65.00,1,60,4,6.180,7315000,11255000,36,1,1,9,9,0,1,0,0,0,0,0,0,0
2,20000231,12,33100,086,000306,91.93,55682,80554,0.6912,87600,4225000,1,1,1,1,69.47,1,60,2,5.730,4225000,6075000,36,1,1,9,9,0,1,0,0,0,0,1,0,0
2,20000232,48,26420,039,660607,82.84,85940,92750,0.9266,95200,35755000,1,1,1,1,62.61,1,60,5,5.380,35755000,57105000,57,1,1,9,9,0,1,0,0,0,0,0,1,0
2,20000233,04,38060,013,420901,59.33,81202,93191,0.8714,101300,2665000,7,1,1,4,61.60,2,360,1,6.150,2665000,4445000,47,9,1,9,9,0,1,0,0,0,0,0,0,0
2,20000234,12,33100,086,000219,91.17,48958,80554,0.6078,87600,1895000,7,1,1,1,66.05,1,60,1,5.950,1895000,2875000,36,1,1,9,9,0,1,0,0,0,0,1,0,0
2,20000235,47,34980,037,010903,89.57,49364,96905,0.5094,104700,26685000,1,3,1,4,81.53,2,180,5,3.650,26685000,32725000,120,1,1,9,9,100,1,0,0,0,0,1,0,0
2,20000236,19,99999,139,050700,28.11,73149,82402,0.8877,87100,1395000,2,3,1,1,71.10,1,205,3,5.310,1395000,1885000,0,1,1,9,9,100,1,1,0,0,0,0,0,0
2,20000237,53,42660,033,031710,38.33,147942,127870,1.1570,136600,45505000,7,1,1,1,78.30,2,174,5,2.910,46005000,52925000,101,1,9,9,9,99,1,0,0,0,0,0,1,0
2,20000238,08,19740,005,004951,41.28,63625,119980,0.5303,130400,71385000,7,3,1,1,60.96,1,84,5,6.556,71385000,117105000,12,1,1,9,9,0,1,0,0,0,0,0,0,0
2,20000239,25,14460,017,318200,32.85,170278,134646,1.2646,142000,49035000,1,1,1,1,60.24,1,84,5,5.710,49035000,81405000,78,1,1,9,9,10,1,0,0,0,0,0,1,0
2,20000240,13,23580,139,000502,22.07,101063,86127,1.1734,92700,9295000,7,1,1,1,65.00,1,60,3,5.670,9295000,14305000,36,1,1,9,9,0,1,0,0,0,0,0,0,0
2,20000241,12,36740,117,021617,31.67,103047,83343,1.2364,90400,21425000,2,1,1,1,55.08,1,60,5,5.740,21425000,38905000,57,1,1,9,9,0,1,0,0,0,0,0,1,0
2,20000242,12,37860,033,002605,40.82,75134,82863,0.9067,92200,48805000,7,1,1,1,66.13,1,84,5,5.540,48805000,73805000,78,1,1,9,9,0,1,0,0,0,0,0,0,0
2,20000243,24,12580,510,270803,95.12,64013,118479,0.5403,122200,36235000,1,1,1,1,70.02,1,60,5,6.210,36235000,51755000,57,1,1,9,9,0,1,0,0,0,0,1,0,0
2,20000244,17,16980,031,330102,50.42,191918,106055,1.8096,109800,76155000,1,1,1,1,51.42,1,60,5,5.760,76155000,148105000,57,1,1,9,9,0,1,0,0,0,0,0,1,0
2,20000245,56,99999,005,000702,15.45,80478,101763,0.7908,108000,10395000,7,1,1,1,60.00,1,84,4,5.610,10395000,17325000,78,1,1,9,9,0,1,1,0,0,0,0,0,0
2,20000246,36,35620,047,056100,23.93,137500,113844,1.2078,119300,2665000,7,1,1,1,57.27,1,60,1,6.000,2665000,4655000,36,1,1,9,9,0,1,0,0,0,0,0,1,0
2,20000247,48,26420,201,511100,42.90,209762,92750,2.2616,95200,14815000,7,1,1,1,59.74,1,120,4,5.160,14815000,24805000,114,1,1,9,9,50,1,0,0,0,0,0,1,0
2,20000248,12,33100,099,005702,75.48,77553,80554,0.9628,87600,47345000,1,1,1,1,53.13,1,216,5,6.400,47345000,89115000,210,1,1,9,9,100,1,0,0,0,0,0,0,0
2,20000249,36,35620,119,008500,16.21,250001,113844,2.1960,119300,100875000,1,1,1,1,67.16,1,120,5,5.040,100875000,150205000,114,1,1,9,9,6,1,0,0,0,0,0,1,0
2,20000250,12,27260,031,010503,85.08,61695,88994,0.6933,98000,3275000,1,1,1,1,53.99,1,60,3,6.130,3275000,6065000,36,1,1,9,9,0,1,0,0,0,0,0,0,0
2,20000251,12,36740,117,021317,39.56,126143,83343,1.5135,90400,44655000,7,3,1,1,64.53,1,84,5,5.450,44655000,69195000,78,1,1,9,9,0,1,0,0,0,0,0,1,0
2,20000252,04,38060,013,108901,50.67,109006,93191,1.1697,101300,1025000,1,1,1,1,61.56,1,84,1,6.180,1025000,1665000,84,1,1,9,9,0,1,0,0,0,0,0,0,0
2,20000253,55,33340,133,202700,26.14,62832,97232,0.6462,102100,51415000,2,1,1,1,68.73,1,60,5,5.590,51415000,74805000,57,1,1,9,9,0,1,0,0,0,0,1,0,0
2,20000254,29,41180,189,215144,32.35,113468,97901,1.1590,103200,35165000,1,1,1,1,62.57,1,60,5,6.220,35165000,56205000,57,1,1,9,9,0,1,0,0,0,0,0,0,0
2,20000255,47,34980,165,020903,17.80,89716,96905,0.9258,104700,17375000,2,5,1,1,50.97,1,60,5,5.610,17375000,34105000,57,1,1,9,9,0,1,0,0,0,0,0,0,0
2,20000256,53,42660,053,073407,27.96,90720,127870,0.7095,136600,1505000,7,1,1,1,53.82,1,84,1,5.460,1505000,2805000,84,1,9,9,9,0,1,0,0,0,0,0,0,0
2,20000257,01,33860,101,003304,77.97,73159,77591,0.9429,82500,10845000,1,1,1,1,66.15,2,60,5,6.380,10845000,16405000,57,1,9,9,9,79,1,0,0,0,0,0,0,0
2,20000258,47,34980,037,015804,65.82,43914,96905,0.4532,104700,8455000,2,1,1,1,48.57,2,120,5,5.980,8455000,17405000,114,1,9,9,9,36,1,0,0,0,0,1,0,0
2,20000259,40,36420,109,108208,43.74,68611,84302,0.8139,89100,1255000,7,1,1,1,52.08,1,120,2,6.560,1255000,2405000,84,1,1,9,9,0,1,0,0,0,0,1,0,0
2,20000260,41,38900,051,004200,29.68,115240,110489,1.0430,116900,4775000,1,1,1,1,64.47,1,84,2,5.150,4775000,7405000,84,1,1,9,9,0,1,0,0,0,0,0,0,0
2,20000261,53,42660,033,022502,30.73,211429,127870,1.6535,136600,53555000,1,1,1,1,59.84,1,60,5,5.630,53555000,89505000,57,1,9,9,9,10,1,0,0,0,0,0,1,0
2,20000262,16,14260,001,001003,21.07,50640,91708,0.5522,98000,1305000,1,1,1,1,54.29,1,60,1,6.260,1305000,2405000,36,1,1,9,9,0,1,0,0,0,0,0,0,0
2,20000263,49,41100,053,270401,14.98,81494,89507,0.9105,101200,30655000,1,1,1,1,51.10,1,132,5,5.920,30655000,60005000,126,1,1,9,9,0,1,0,0,0,0,0,0,0
2,20000264,37,15500,001,020801,46.01,66389,78033,0.8508,77900,1675000,2,3,1,4,71.10,2,216,3,.180,1725000,999999999,0,1,1,9,9,0,1,0,0,0,0,0,0,0
2,20000265,48,19100,113,007910,50.90,123095,99957,1.2315,107300,41305000,7,1,1,1,50.00,1,60,5,4.900,41305000,82605000,57,1,1,9,9,0,1,0,0,0,0,0,0,0
2,20000266,36,35620,061,006700,20.73,156375,113844,1.3736,119300,11065000,2,3,1,1,64.10,1,59,1,6.220,11065000,18005000,47,1,1,9,9,0,1,0,0,0,0,0,1,0
2,20000267,12,27260,031,014428,50.47,102516,88994,1.1519,98000,40875000,7,1,1,1,60.47,1,60,5,5.750,40875000,67605000,36,1,1,9,9,0,1,0,0,0,0,0,1,0
2,20000268,32,29820,003,003430,88.11,47721,82358,0.5794,87800,30135000,7,1,1,1,70.00,1,60,5,5.810,30135000,43055000,57,1,1,9,9,100,1,0,0,0,0,1,0,0
2,20000269,48,26420,201,553403,61.60,97054,92750,1.0464,95200,17785000,1,1,1,1,53.88,1,60,5,5.560,17785000,33005000,57,1,1,9,9,50,1,0,0,0,0,0,0,0
2,20000270,09,35980,180,702700,32.10,98259,108306,0.9072,108700,72895000,7,1,1,1,67.87,1,60,5,5.220,72895000,107405000,57,1,1,9,9,0,1,0,0,0,0,0,0,0
2,20000271,48,10180,441,010900,45.85,69968,76762,0.9115,85600,1685000,7,3,1,1,38.23,1,60,3,7.000,1685000,4405000,57,1,9,9,9,0,1,0,0,0,0,0,0,0
2,20000272,12,33100,099,004101,72.60,55250,80554,0.6859,87600,6925000,7,1,1,1,69.26,1,60,2,5.900,6925000,10005000,36,1,1,9,9,0,1,0,0,0,0,0,0,0
2,20000273,48,19100,113,014158,90.36,53594,99957,0.5362,107300,19505000,1,1,1,1,63.73,1,60,5,6.020,19505000,30605000,36,1,1,9,9,0,1,0,0,0,0,1,0,0
2,20000274,42,38300,003,451102,27.34,105146,96434,1.0903,100600,7655000,7,1,1,1,70.03,1,60,4,5.770,7655000,10935000,57,1,1,9,9,0,1,0,0,0,0,0,0,0
2,20000275,48,41700,029,181504,72.73,83542,85469,0.9775,89300,17165000,7,1,1,1,58.98,1,84,4,5.910,17165000,29105000,78,1,1,9,9,90,1,0,0,0,0,0,0,0
2,20000276,18,99999,001,030600,10.78,66220,77754,0.8517,81100,2105000,7,1,1,1,68.66,1,120,2,5.450,2105000,3075000,84,1,1,9,9,0,1,1,0,0,0,0,0,0
2,20000277,10,20100,001,041802,47.16,94940,82307,1.1535,91300,32945000,1,1,1,1,79.87,1,60,5,5.950,32945000,41255000,57,1,1,9,9,0,1,0,0,0,0,0,1,0
2,20000278,48,26420,201,332600,96.93,46655,92750,0.5030,95200,13005000,2,1,1,1,81.25,1,216,5,4.050,13005000,16005000,180,1,9,9,9,100,1,0,0,0,0,1,0,0
2,20000279,09,25540,110,504200,73.29,43750,115967,0.3773,122400,1695000,1,1,1,1,78.84,2,120,2,7.020,1695000,2155000,84,1,1,9,9,0,1,0,0,0,0,1,0,0
2,20000280,06,40140,071,009132,87.49,40882,90585,0.4513,97500,3485000,1,1,1,1,45.61,1,60,3,5.580,3485000,7655000,36,1,1,9,9,99,1,0,0,0,0,1,0,0
2,20000281,06,37100,111,002302,76.41,64722,116726,0.5545,125600,20455000,2,5,1,1,73.42,2,178,4,3.670,20505000,27925000,172,1,9,9,9,99,1,0,0,0,0,1,0,0
2,20000282,47,34980,037,015804,65.82,43914,96905,0.4532,104700,33275000,7,3,1,1,49.15,1,84,5,5.939,33275000,67705000,12,1,1,9,9,0,1,0,0,0,0,1,0,0
2,20000283,17,16980,197,880117,59.17,96250,106055,0.9076,109800,48475000,1,1,1,1,70.00,1,120,5,5.410,48475000,69255000,114,1,1,9,9,0,1,0,0,0,0,0,0,0
2,20000284,53,42660,033,006500,24.57,250001,127870,1.9551,136600,2565000,7,1,1,1,55.65,1,60,1,6.310,2565000,4605000,36,1,1,9,9,0,1,0,0,0,0,0,1,0
2,20000285,36,35620,081,028700,74.01,85962,113844,0.7551,119300,10125000,1,1,1,1,75.00,1,60,4,5.160,10125000,13505000,57,1,1,9,9,0,1,0,0,0,0,0,0,0
2,20000286,08,19740,031,004404,69.56,63676,119980,0.5307,130400,32235000,1,1,1,1,63.15,1,60,5,5.610,32235000,51055000,57,1,1,9,9,0,1,0,0,0,0,1,0,0
2,20000287,20,28140,091,053506,23.77,133828,99766,1.3414,103000,6885000,7,1,1,1,62.59,1,120,3,5.680,6885000,11005000,84,1,1,9,9,0,1,0,0,0,0,0,0,0
2,20000288,19,19780,153,010804,13.12,109035,102398,1.0648,111800,2725000,2,3,1,1,64.75,1,120,1,5.540,2725000,4215000,117,1,1,9,9,0,1,0,0,0,0,0,0,0
2,20000289,13,12060,067,030413,79.50,71520,98569,0.7256,106100,74345000,7,3,1,1,60.94,1,84,5,5.756,74345000,122005000,12,1,1,9,9,0,1,0,0,0,0,1,0,0
2,20000290,32,29820,003,005114,65.02,76042,82358,0.9233,87800,39315000,2,1,1,1,58.15,1,60,5,5.850,39315000,67605000,57,1,1,9,9,0,1,0,0,0,0,0,0,0
2,20000291,37,39580,183,054212,40.98,117090,113293,1.0335,122300,2485000,2,3,1,4,71.10,2,225,3,.165,2525000,999999999,0,1,1,9,9,0,1,0,0,0,0,0,0,0
2,20000292,48,19100,085,032003,75.56,62029,99957,0.6206,107300,1665000,7,1,1,1,32.08,2,84,2,7.070,1665000,5205000,84,1,1,9,9,0,1,0,0,0,0,1,0,0
2,20000293,37,22180,051,003302,83.78,43205,70670,0.6114,73500,26545000,7,1,1,1,62.61,1,60,5,5.170,26545000,42405000,57,1,1,9,9,0,1,0,0,0,0,1,0,0
2,20000294,47,28940,093,003801,31.83,55568,84160,0.6603,89000,36685000,1,1,1,1,69.88,1,60,5,5.660,36685000,52505000,57,1,1,9,9,0,1,0,0,0,0,0,0,0
2,20000295,06,31080,037,602104,95.76,74524,101056,0.7375,105700,3085000,1,1,1,1,80.00,1,240,2,5.870,3085000,3855000,120,1,1,9,9,0,1,0,0,0,0,1,0,0
2,20000296,51,47260,810,040200,72.27,61688,95214,0.6479,100000,87155000,7,1,1,1,63.76,1,84,5,5.680,87155000,136705000,78,1,1,9,9,0,1,0,0,0,0,1,0,0
2,20000297,34,35620,013,017500,56.65,140402,113844,1.2333,119300,44395000,7,1,1,1,65.00,1,120,5,5.170,44395000,68305000,114,1,1,9,9,0,1,0,0,0,0,0,0,0
2,20000298,13,12060,135,050326,86.06,54132,98569,0.5492,106100,24085000,7,1,1,1,70.00,1,60,5,6.280,24085000,34405000,57,1,9,9,9,100,1,0,0,0,0,1,0,0
2,20000299,04,38060,013,061014,64.62,71860,93191,0.7711,101300,94355000,7,1,1,1,52.19,1,60,5,6.696,94355000,180805000,6,1,1,9,9,0,1,0,0,0,0,0,1,0
2,20000300,06,31080,059,075404,76.94,109438,101056,1.0829,105700,29805000,1,1,1,1,73.15,1,84,5,5.570,29805000,40755000,78,1,1,9,9,100,1,0,0,0,0,0,0,0
2,20000301,49,36260,011,125701,33.83,58722,102427,0.5733,109800,38575000,7,1,1,1,60.46,1,60,5,5.030,38575000,63805000,57,1,1,9,9,63,1,0,0,0,0,1,0,0
2,20000302,04,38060,013,110901,41.60,80774,93191,0.8668,101300,9405000,1,1,1,1,63.76,1,120,3,6.080,9405000,14755000,114,1,1,9,9,0,1,0,0,0,0,0,0,0
2,20000303,37,16740,071,033501,23.57,55987,93744,0.5972,100300,2475000,7,1,1,1,64.29,1,84,2,6.060,2475000,3855000,81,1,1,9,9,0,1,0,0,0,0,0,0,0
2,20000304,42,37980,045,405400,90.72,34122,108977,0.3131,114700,1455000,1,1,1,1,58.00,1,84,1,6.710,1455000,2505000,84,1,9,9,9,0,1,0,0,0,0,1,0,0
2,20000305,13,12060,067,030603,66.31,111146,98569,1.1276,106100,30855000,2,5,1,1,57.03,1,49,5,5.520,30855000,54105000,0,1,1,9,1,0,1,0,0,0,0,0,0,0
2,20000306,36,35620,047,049302,72.33,48627,113844,0.4271,119300,4695000,7,1,1,1,67.11,1,60,2,5.530,4695000,7005000,60,1,9,9,9,0,1,0,0,0,0,1,0,0
2,20000307,06,41860,041,128100,22.17,250001,154003,1.6234,166600,9425000,2,1,1,1,59.96,1,60,2,5.310,9425000,15715000,57,1,1,9,9,0,1,1,0,0,0,0,1,0
2,20000308,40,46140,143,007312,69.84,60350,83507,0.7227,85300,7505000,2,5,1,1,65.22,1,84,4,5.700,7505000,11505000,84,1,1,9,9,0,1,0,0,0,0,0,0,0
2,20000309,36,35620,081,005100,70.14,77000,113844,0.6764,119300,2385000,1,1,1,1,58.07,1,60,1,6.600,2385000,4105000,36,1,1,9,9,0,1,0,0,0,0,0,1,0
2,20000310,34,35620,029,715303,9.98,43516,113844,0.3822,119300,4935000,2,1,1,1,57.77,1,60,2,6.490,4935000,8555000,60,1,1,9,9,0,1,0,0,0,0,1,0,0
2,20000311,17,16980,043,846410,59.83,131601,106055,1.2409,109800,27075000,7,1,1,1,61.81,1,84,5,7.063,27075000,43805000,12,1,1,9,9,0,1,0,0,0,0,0,1,0
2,20000312,11,47900,001,009400,79.29,148500,144539,1.0274,152900,2795000,7,1,1,1,69.37,1,120,1,5.510,2795000,4025000,84,1,1,9,9,0,1,0,0,0,0,0,0,0
2,20000313,48,18580,355,002601,54.17,89063,77127,1.1548,75300,26705000,7,1,1,1,71.39,1,60,5,5.600,26705000,37405000,57,1,1,9,9,51,1,0,0,0,0,0,0,0
2,20000314,13,16860,047,030202,11.65,96641,82235,1.1752,92100,3495000,7,1,1,1,63.55,1,60,2,6.480,3495000,5505000,36,1,1,9,9,0,1,0,0,0,0,0,0,0
2,20000315,37,24660,081,010702,54.14,84722,76183,1.1121,80700,32505000,1,1,1,1,65.00,1,120,5,6.080,32505000,50005000,114,1,1,9,9,0,1,0,0,0,0,1,0,0
2,20000316,45,24860,045,002818,40.56,111366,82045,1.3574,84700,24145000,2,1,1,1,66.88,1,120,5,4.890,24145000,36105000,114,1,1,9,9,0,1,0,0,0,0,0,0,0
2,20000317,48,31180,303,002301,77.40,51774,80497,0.6432,85800,5305000,7,1,1,1,64.67,1,60,4,6.730,5305000,8205000,60,1,1,9,9,0,1,0,0,0,0,0,0,0
2,20000318,34,35620,013,022900,79.92,41042,113844,0.3605,119300,52725000,7,1,1,1,61.31,1,60,5,5.390,52725000,86005000,57,1,1,9,9,0,1,0,0,0,0,1,0,0
2,20000319,06,31080,059,001802,84.64,72282,101056,0.7153,105700,2505000,2,1,1,4,61.60,2,360,1,3.700,2505000,4315000,35,9,1,9,9,0,1,0,0,0,0,0,0,0
2,20000320,39,19430,113,115002,10.89,83750,87717,0.9548,92900,9825000,7,5,1,1,75.00,1,120,4,5.680,9825000,13105000,114,1,1,9,9,0,1,0,0,0,0,0,1,0
2,20000321,12,36740,117,020705,33.05,107721,83343,1.2925,90400,61295000,1,1,1,1,63.78,1,60,5,5.400,61295000,96105000,57,1,1,9,9,0,1,0,0,0,0,0,1,0
2,20000322,08,19740,059,010405,31.23,58309,119980,0.4860,130400,3955000,1,1,1,1,58.52,1,60,2,6.240,3955000,6755000,36,1,1,9,9,0,1,0,0,0,0,0,0,0
2,20000323,47,34980,119,011102,21.08,80000,96905,0.8256,104700,17755000,7,1,1,1,68.15,1,60,5,5.400,17755000,26055000,57,1,1,9,9,0,1,1,0,0,0,0,0,0
2,20000324,29,17860,019,001110,22.39,148158,92535,1.6011,97000,11095000,1,1,1,1,62.01,1,120,3,5.930,11095000,17905000,114,1,1,9,9,0,1,0,0,0,0,0,0,0
2,20000325,06,40900,067,008140,31.70,121304,106925,1.1345,113700,1245000,2,1,1,1,58.05,1,60,1,6.050,1245000,2155000,36,1,1,9,9,0,1,0,0,0,0,0,0,0
2,20000326,48,29700,479,001810,97.38,85756,65891,1.3015,67700,5035000,1,5,1,1,64.83,1,84,3,6.830,5035000,7765000,84,1,1,9,9,0,1,1,0,0,0,0,1,1
2,20000327,06,41860,013,363000,74.78,102566,154003,0.6660,166600,11295000,7,3,1,1,64.12,1,60,2,5.500,11295000,17625000,57,1,1,9,9,39,1,0,0,0,0,0,0,0
2,20000328,09,14860,120,072000,85.81,59802,135149,0.4425,145700,3965000,1,1,1,1,73.41,1,120,2,5.670,3965000,5405000,36,1,1,9,9,0,1,0,0,0,0,0,0,0
2,20000329,37,49180,067,002001,75.67,53750,76701,0.7008,81900,1475000,7,1,1,1,44.01,1,120,2,5.890,1475000,3345000,117,1,9,9,9,0,1,0,0,0,0,1,0,0
2,20000330,48,26420,201,432402,88.15,27923,92750,0.3011,95200,13275000,1,1,1,1,67.71,1,60,5,5.380,13275000,19605000,57,1,1,9,9,0,1,0,0,0,0,1,0,0
2,20000331,12,36740,117,022206,43.24,82121,83343,0.9853,90400,55585000,7,1,1,1,70.00,1,60,5,5.140,55585000,79405000,57,1,1,9,9,0,1,0,0,0,0,0,0,0
2,20000332,37,20500,063,000500,62.62,42271,97980,0.4314,101800,48455000,2,1,1,1,64.60,2,60,5,5.370,48455000,75005000,57,1,1,9,9,0,1,0,0,0,0,1,0,0
2,20000333,13,12060,067,031114,74.58,88301,98569,0.8958,106100,37535000,7,5,1,1,62.77,1,60,5,4.530,37535000,59805000,57,1,1,9,9,0,1,0,0,0,0,0,0,0
2,20000334,48,19100,121,021734,69.99,60716,99957,0.6074,107300,27515000,2,1,1,1,60.87,1,60,5,4.930,27515000,45205000,36,1,1,9,9,0,1,0,0,0,0,0,0,0
2,20000335,06,31080,037,500402,97.35,72083,101056,0.7133,105700,2915000,7,1,1,1,58.26,1,60,1,6.050,2915000,5005000,60,1,1,9,9,0,1,0,0,0,0,0,0,0
2,20000336,53,44060,063,012000,18.09,70000,88647,0.7897,98100,2825000,1,1,1,1,54.13,1,84,1,5.590,2825000,5215000,81,1,9,9,9,0,1,0,0,0,0,0,0,0
2,20000337,36,35620,005,038900,81.05,55303,113844,0.4858,119300,12855000,7,1,1,1,60.94,1,120,2,5.770,12855000,21105000,114,1,1,9,9,60,1,0,0,0,0,1,0,0
2,20000338,06,41860,001,400400,34.92,239676,154003,1.5563,166600,5085000,7,1,1,1,66.87,1,84,1,5.030,5085000,7615000,84,1,1,9,9,0,1,0,0,0,0,0,1,0
2,20000339,12,45300,057,014014,7.76,59000,84454,0.6986,92000,27255000,7,3,1,1,51.22,1,60,5,6.150,27255000,53205000,57,1,1,9,9,0,1,0,0,0,0,1,0,0
2,20000340,20,48620,173,010109,39.58,55204,84050,0.6568,91200,35315000,7,1,1,1,65.00,1,84,5,5.540,35315000,54335000,78,1,1,9,9,0,1,0,0,0,0,0,0,0
2,20000341,06,23420,019,002702,95.71,42543,76092,0.5591,84300,1815000,1,1,1,1,50.10,1,84,2,6.180,1815000,3625000,84,1,1,9,9,0,1,0,0,0,0,1,0,0
2,20000342,36,35620,061,008900,36.43,192044,113844,1.6869,119300,5305000,2,3,1,4,64.10,2,60,1,4.750,5305000,8505000,56,1,1,9,9,0,1,0,0,0,0,0,0,0
2,20000343,12,33100,011,090401,63.00,54961,80554,0.6823,87600,3825000,7,1,1,1,56.09,1,120,2,6.640,3825000,6815000,84,1,1,9,9,0,1,0,0,0,0,0,0,0
2,20000344,48,99999,171,950401,17.62,70250,93241,0.7534,99000,7185000,7,1,1,1,57.90,1,86,2,5.980,7185000,12405000,80,1,1,9,9,0,1,1,0,0,0,0,1,0
2,20000345,32,29820,003,005830,59.33,100100,82358,1.2154,87800,47025000,7,3,1,1,64.32,1,120,5,5.310,47025000,73105000,114,1,1,9,9,0,1,0,0,0,0,0,0,0
2,20000346,06,31080,037,128102,79.54,59449,101056,0.5883,105700,2835000,7,1,1,4,61.60,2,360,1,3.450,2855000,3685000,59,9,1,9,9,0,1,0,0,0,0,1,0,0
2,20000347,24,47900,031,701704,48.47,162625,144539,1.1251,152900,10305000,7,5,1,1,88.42,1,203,3,4.440,10305000,11645000,197,1,9,9,9,100,1,0,0,0,0,0,1,0
2,20000348,06,31080,037,570203,95.16,59167,101056,0.5855,105700,1585000,1,1,1,1,63.45,1,60,1,6.140,1585000,2495000,36,1,1,9,9,0,1,0,0,0,0,1,0,0
2,20000349,18,34620,035,001300,19.58,48453,68452,0.7078,73400,2775000,2,3,1,1,71.10,1,189,3,5.270,2795000,3845000,0,1,9,9,9,100,1,0,0,0,0,0,0,0
2,20000350,48,41700,029,191815,61.03,122188,85469,1.4296,89300,21245000,2,1,1,1,55.32,1,60,5,5.000,21245000,38405000,57,1,1,9,9,0,1,0,0,0,0,0,1,0
2,20000351,01,33860,101,003304,77.97,73159,77591,0.9429,82500,6475000,2,1,1,1,63.70,1,120,4,5.700,6475000,10165000,114,1,1,9,9,0,1,0,0,0,0,0,0,0
2,20000352,24,47900,033,807000,59.21,125461,144539,0.8680,152900,75905000,1,5,1,1,55.00,1,60,5,5.890,75905000,138005000,54,1,1,9,9,0,1,0,0,0,0,1,0,0
2,20000353,12,27260,031,002101,22.39,118289,88994,1.3292,98000,1955000,7,1,1,1,55.97,1,120,1,5.800,1955000,3505000,84,1,1,9,9,0,1,0,0,0,0,0,0,0
2,20000354,06,31080,059,063201,28.88,145000,101056,1.4349,105700,4305000,7,1,1,4,61.60,2,360,1,3.350,4305000,6705000,59,9,1,9,9,0,1,0,0,0,0,0,1,0
2,20000355,34,35620,017,014300,88.04,67813,113844,0.5957,119300,2145000,1,5,1,1,56.53,1,60,1,5.770,2145000,3805000,60,1,1,9,9,0,1,0,0,0,0,0,0,0
2,20000356,04,38060,013,107102,87.94,54402,93191,0.5838,101300,8845000,7,3,1,1,60.51,1,60,4,5.760,8845000,14615000,57,1,9,9,9,0,1,0,0,0,0,1,0,0
2,20000357,04,38060,013,422308,38.15,106304,93191,1.1407,101300,16605000,2,1,1,1,65.10,1,60,4,6.060,16605000,25505000,57,1,1,9,9,0,1,0,0,0,0,0,1,0
2,20000358,48,41700,029,151302,94.93,51453,85469,0.6020,89300,2175000,7,1,1,1,73.63,1,120,2,6.490,2175000,2955000,84,1,1,9,9,0,1,0,0,0,0,1,0,0
2,20000359,48,12420,453,000401,35.63,143942,115204,1.2495,126000,2005000,7,5,1,1,57.29,1,60,1,5.340,2005000,3505000,60,1,1,9,9,0,1,0,0,0,0,0,0,0
2,20000360,48,12420,491,020707,56.61,110078,115204,0.9555,126000,15755000,1,1,1,1,70.00,1,60,5,5.620,15755000,22505000,57,1,1,9,9,100,1,0,0,0,0,0,0,0
2,20000361,04,38060,013,092710,67.94,107941,93191,1.1583,101300,42075000,1,1,1,1,55.00,1,72,5,5.310,42075000,76505000,69,1,1,9,9,0,1,0,0,0,0,0,1,0
2,20000362,18,26900,097,320903,88.83,49523,93688,0.5286,101200,37395000,7,3,1,1,73.32,1,60,5,5.390,37395000,51005000,57,1,1,9,9,0,1,0,0,0,0,1,0,0
2,20000363,51,47260,700,031604,66.61,58500,95214,0.6144,100000,23315000,7,1,1,1,65.67,1,60,5,4.850,23315000,35505000,57,1,1,9,9,0,1,0,0,0,0,1,0,0
2,20000364,20,48620,173,010201,16.06,85612,84050,1.0186,91200,3065000,1,1,1,1,66.61,1,120,2,5.860,3065000,4605000,114,1,1,9,9,0,1,0,0,0,0,0,0,0
2,20000365,29,41180,189,215301,27.68,182708,97901,1.8663,103200,22635000,2,1,1,1,63.76,1,60,5,5.280,22635000,35505000,57,1,1,9,9,0,1,0,0,0,0,0,0,0
2,20000366,47,17300,125,101307,51.56,50795,74935,0.6779,85000,19465000,1,1,1,1,62.78,1,60,5,6.310,19465000,31005000,57,1,1,9,9,0,1,0,0,0,0,0,0,0
2,20000367,53,42660,061,052805,29.75,105123,127870,0.8221,136600,4055000,1,1,1,1,68.70,1,84,1,5.920,4055000,5905000,84,1,1,9,9,0,1,0,0,0,0,0,0,0
2,20000368,48,26420,201,432003,74.25,61033,92750,0.6580,95200,13225000,2,1,1,1,67.46,1,60,5,5.730,13225000,19605000,57,1,9,9,9,0,1,0,0,0,0,0,0,0
2,20000369,39,10420,153,510301,31.70,48702,90421,0.5386,95800,1625000,7,1,1,1,65.12,1,60,2,6.510,1625000,2505000,36,1,1,9,9,0,1,0,0,0,0,1,0,0
2,20000370,37,16740,119,005913,73.15,89142,93744,0.9509,100300,6335000,1,1,1,1,70.43,1,60,3,5.850,6335000,9005000,60,1,1,9,9,0,1,0,0,0,0,0,0,0
2,20000371,42,37980,029,300108,34.00,214107,108977,1.9647,114700,39335000,2,3,1,1,61.79,1,60,5,5.190,39335000,63655000,57,1,1,9,9,0,1,0,0,0,0,0,1,0
2,20000372,41,38900,005,024402,29.03,105778,110489,0.9574,116900,18055000,1,1,1,1,70.00,1,120,4,5.180,18055000,25785000,114,1,9,9,9,0,1,0,0,0,0,0,0,0
2,20000373,12,45220,073,001804,73.17,56439,83618,0.6750,88800,32005000,2,1,1,1,38.93,1,60,5,5.540,32005000,82205000,57,1,1,9,9,0,1,0,0,0,0,0,0,0
2,20000374,05,22220,143,011104,29.98,75225,88653,0.8485,94400,50795000,7,1,1,1,58.32,1,60,5,5.310,50795000,87105000,57,1,1,9,9,0,1,0,0,0,0,1,0,0
2,20000375,37,49180,067,003905,33.88,75630,76701,0.9860,81900,26895000,1,1,1,1,69.80,1,60,5,5.760,26895000,38535000,57,1,1,9,9,0,1,0,0,0,0,0,0,0
2,20000376,36,35620,005,024300,98.35,51568,113844,0.4530,119300,3625000,2,1,1,1,49.64,2,192,3,4.650,3625000,7305000,180,1,9,9,9,98,1,0,0,0,0,1,0,0
2,20000377,48,26420,201,554201,62.06,117271,92750,1.2644,95200,51875000,1,1,1,1,68.43,1,60,5,5.300,51875000,75805000,57,1,1,9,9,0,1,0,0,0,0,0,1,0
2,20000378,09,14860,120,070500,86.88,37695,135149,0.2789,145700,1215000,7,1,1,1,62.84,1,120,1,5.920,1215000,1945000,84,1,1,9,9,0,1,0,0,0,0,1,0,0
2,20000379,39,19430,113,070201,49.33,41210,87717,0.4698,92900,15275000,2,3,1,1,76.97,1,216,5,5.040,15275000,19855000,210,1,9,9,9,100,1,0,0,0,0,1,0,0
2,20000380,18,26900,097,341903,79.11,41281,93688,0.4406,101200,98325000,7,1,1,1,62.39,1,60,5,5.590,98325000,157605000,57,1,1,9,9,0,1,0,0,0,0,1,0,0
2,20000381,24,12580,005,408304,15.64,136917,118479,1.1556,122200,41055000,1,1,1,1,53.94,1,84,5,6.490,41055000,76105000,60,1,1,9,9,0,1,0,0,0,0,0,1,0
2,20000382,37,49180,067,002806,67.94,41468,76701,0.5406,81900,21275000,7,1,1,1,64.09,1,60,5,5.480,21275000,33205000,57,1,1,9,9,0,1,0,0,0,0,1,0,0
2,20000383,34,37980,005,704600,58.73,93636,108977,0.8592,114700,24255000,2,5,1,4,66.00,2,27,4,6.000,22505000,33605000,6,1,1,9,9,0,1,0,0,0,0,0,0,0
2,20000384,48,28660,027,023500,80.73,40469,75208,0.5381,75800,1545000,1,1,1,1,66.45,1,120,2,7.350,1545000,2325000,84,1,1,9,9,0,1,0,0,0,0,1,0,0
2,20000385,26,19820,125,193500,33.41,87857,93779,0.9369,97300,22755000,7,1,1,1,65.00,1,60,4,5.810,22755000,35005000,57,1,1,9,9,0,1,0,0,0,0,0,0,0
2,20000386,12,33100,086,000807,96.39,48075,80554,0.5968,87600,3045000,7,1,1,1,70.00,2,60,1,6.810,3045000,4355000,36,1,1,9,9,0,1,0,0,0,0,1,0,0
2,20000387,53,28420,021,020300,82.65,58774,92746,0.6337,99900,4845000,1,1,1,1,68.77,2,84,3,6.380,4845000,7055000,84,1,1,9,9,0,1,0,0,0,0,1,0,0
2,20000388,06,31080,037,430721,78.51,114063,101056,1.1287,105700,2865000,2,1,1,4,61.60,2,360,2,4.100,3005000,10985000,59,9,9,9,9,0,1,0,0,0,0,0,0,0
2,20000389,06,41740,073,005601,48.17,161447,111734,1.4449,119500,4005000,2,1,1,4,61.60,2,360,1,3.450,4005000,5495000,59,9,1,9,9,0,1,0,0,0,0,0,0,0
2,20000390,06,31080,037,190402,43.76,81136,101056,0.8029,105700,4445000,7,1,1,4,61.60,2,360,1,4.550,4445000,6305000,59,9,1,9,9,0,1,0,0,0,0,1,0,0
2,20000391,06,31080,037,188202,34.35,244773,101056,2.4222,105700,12235000,7,1,1,1,62.89,1,60,3,5.710,12235000,19465000,57,1,1,9,9,0,1,0,0,0,0,0,1,0
2,20000392,12,33100,011,110328,79.06,117674,80554,1.4608,87600,71505000,1,1,1,1,65.00,1,60,5,5.110,71505000,110005000,57,1,1,9,9,0,1,0,0,0,0,0,1,0
2,20000393,32,29820,003,005316,44.19,75469,82358,0.9164,87800,51525000,1,1,1,1,68.97,1,60,5,5.650,51525000,74705000,57,1,1,9,9,0,1,0,0,0,0,0,1,0
2,20000394,55,99999,127,000901,16.91,90900,94281,0.9641,101200,3055000,7,5,1,1,56.48,1,84,1,6.150,3055000,5405000,81,1,1,9,9,0,1,1,0,0,0,0,0,0
2,20000395,53,99999,037,975404,33.92,114531,94018,1.2182,99800,28515000,7,1,1,1,59.41,1,60,5,5.440,28515000,48005000,57,1,1,9,9,0,1,1,0,0,0,1,0,0
2,20000396,48,26420,201,450804,83.00,000000,92750,9999.0,95200,49475000,1,1,1,1,61.77,1,84,5,5.030,49475000,80105000,78,1,1,9,9,0,1,0,0,0,0,0,0,0
2,20000397,48,12420,453,000500,31.11,133516,115204,1.1590,126000,1615000,1,1,1,1,59.48,1,84,1,5.640,1615000,2715000,84,1,1,9,9,0,1,0,0,0,0,1,0,0
2,20000398,24,12580,510,151000,96.68,70948,118479,0.5988,122200,2925000,7,1,1,1,59.59,1,60,2,6.950,2925000,4905000,36,1,1,9,9,0,1,0,0,0,0,1,0,0
2,20000399,06,41500,053,010604,94.69,104600,97004,1.0783,103200,7385000,2,5,1,4,66.29,2,204,4,5.500,7695000,11605000,0,1,1,9,9,98,1,0,0,0,0,0,1,0
2,20000400,37,24660,081,016003,26.21,136138,76183,1.7870,80700,37955000,7,1,1,1,59.31,1,60,5,5.570,37955000,64005000,57,1,1,9,9,0,1,0,0,0,0,0,0,0
2,20000401,39,18140,045,032704,67.44,41920,97262,0.4310,103300,26755000,7,1,1,1,65.89,1,60,5,4.960,26755000,40605000,57,1,1,9,9,0,1,0,0,0,0,1,0,0
2,20000402,48,41700,029,121203,74.40,46380,85469,0.5427,89300,4605000,1,1,1,1,69.77,1,60,3,6.660,4605000,6605000,36,1,1,9,9,0,1,0,0,0,0,0,0,0
2,20000403,28,99999,105,950604,55.35,65272,76076,0.8580,80800,2805000,7,1,1,1,72.35,1,180,3,6.080,2805000,3885000,174,1,9,9,9,100,1,1,0,0,1,0,0,0
2,20000404,13,12060,089,021305,79.33,64511,98569,0.6545,106100,42125000,2,1,1,1,65.00,2,120,5,6.420,42125000,64805000,114,1,1,9,9,0,1,0,0,0,0,1,0,0
2,20000405,42,37980,091,208906,43.20,102030,108977,0.9363,114700,4595000,7,1,1,1,67.60,1,60,2,5.360,4595000,6805000,57,1,1,9,9,100,1,0,0,0,0,0,0,0
2,20000406,06,31080,059,099251,65.46,88917,101056,0.8799,105700,39715000,7,1,1,1,61.00,1,120,5,5.690,39715000,65105000,114,1,1,9,9,0,1,0,0,0,0,0,1,0
2,20000407,06,31080,037,189501,27.12,225461,101056,2.2311,105700,2805000,2,1,1,4,61.60,2,360,1,4.470,2805000,3805000,47,9,1,9,9,0,1,0,0,0,0,0,0,0
2,20000408,39,18140,049,007553,86.53,65861,97262,0.6772,103300,127505000,1,3,1,1,75.00,1,84,5,6.596,127505000,170005000,12,1,1,9,9,0,1,0,0,0,0,0,0,0
2,20000409,12,45300,101,031603,46.48,130194,84454,1.5416,92000,35275000,1,1,1,1,56.89,1,60,5,5.860,35275000,62005000,48,1,1,9,9,0,1,0,0,0,0,0,1,0
2,20000410,53,14740,035,080101,35.95,77841,109621,0.7101,119700,7505000,2,5,1,1,65.22,1,84,2,5.240,7505000,11505000,84,1,1,9,9,0,1,0,0,0,0,0,0,0
2,20000411,48,19100,085,030543,69.04,130690,99957,1.3075,107300,42325000,7,1,1,1,62.06,1,60,5,5.080,42325000,68205000,36,1,1,9,9,0,1,0,0,0,0,0,0,0
2,20000412,11,47900,001,004201,26.80,238667,144539,1.6512,152900,46145000,7,1,1,1,66.21,1,120,5,5.030,46145000,69705000,114,1,1,9,9,0,1,0,0,0,0,0,1,0
2,20000413,27,33460,053,026708,17.56,147859,119274,1.2397,123700,39995000,7,1,1,1,59.07,1,120,5,5.850,39995000,67715000,114,1,1,9,9,0,1,0,0,0,0,0,0,0
2,20000414,06,23420,019,005203,80.23,53147,76092,0.6985,84300,3435000,7,5,1,1,57.57,2,60,2,6.640,3435000,5965000,36,1,1,9,9,0,1,0,0,0,0,0,0,0
2,20000415,39,18140,049,007511,93.70,71331,97262,0.7334,103300,1845000,1,1,1,1,73.76,1,120,1,6.560,1845000,2505000,36,1,1,9,9,0,1,0,0,0,0,1,0,0
2,20000416,26,19820,163,513800,92.82,36212,93779,0.3861,97300,1795000,7,1,1,1,69.38,1,60,1,6.430,1795000,2585000,36,1,1,9,9,0,1,0,0,0,0,1,0,0
2,20000417,48,19100,439,110706,50.49,53273,99957,0.5330,107300,6725000,2,1,1,1,56.00,1,60,3,6.040,6725000,12005000,36,1,1,9,9,0,1,0,0,0,0,0,0,0
2,20000418,48,12420,453,043900,75.43,95376,115204,0.8279,126000,36775000,7,1,1,1,53.22,1,60,5,6.160,36775000,69105000,24,1,1,9,9,0,1,0,0,0,0,0,0,0
2,20000419,39,19430,057,220101,13.72,182813,87717,2.0841,92900,43495000,7,1,1,1,64.43,1,120,5,5.400,43495000,67505000,114,1,1,9,9,0,1,0,0,0,0,0,1,0
2,20000420,45,16700,019,002605,47.53,90139,96573,0.9334,105100,19115000,2,1,1,1,65.00,1,60,4,5.290,19115000,29405000,57,1,1,9,9,75,1,0,0,0,0,0,0,0
2,20000421,37,22180,051,003314,77.18,70118,70670,0.9922,73500,7705000,1,1,1,1,66.14,1,60,3,5.790,7705000,11655000,57,1,1,9,9,0,1,0,0,0,0,0,0,0
2,20000422,34,35620,017,016300,91.45,69000,113844,0.6061,119300,21875000,2,1,1,1,62.67,1,60,3,6.200,21875000,34905000,36,1,1,9,9,0,1,0,0,0,0,1,0,0
2,20000423,37,39580,183,054023,72.12,87049,113293,0.7684,122300,30455000,7,1,1,1,58.35,1,60,5,5.460,30455000,52205000,57,1,1,9,9,0,1,0,0,0,0,0,0,0
2,20000424,17,16980,031,431400,97.38,36993,106055,0.3488,109800,1405000,7,1,1,1,73.74,1,84,1,6.000,1405000,1905000,84,1,1,9,9,0,1,0,0,0,0,1,0,0
2,20000425,34,35620,017,018900,27.50,232734,113844,2.0443,119300,17045000,2,1,1,1,58.17,1,60,2,5.330,17045000,29305000,57,1,1,9,9,11,1,0,0,0,0,0,1,0
2,20000426,51,47260,710,002100,30.17,202841,95214,2.1304,100000,25915000,1,3,1,4,80.36,2,216,5,4.200,27005000,33605000,216,1,9,9,9,100,1,0,0,0,0,0,0,0
2,20000427,26,19820,099,268100,44.16,77813,93779,0.8298,97300,17155000,2,1,1,4,58.43,1,204,5,6.330,17155000,29365000,198,1,1,9,9,0,1,0,0,0,0,0,0,0
2,20000428,29,41180,189,211401,48.30,61920,97901,0.6325,103200,6005000,1,1,1,1,58.25,1,84,5,6.870,6005000,10305000,81,1,1,9,9,0,1,0,0,0,0,0,0,0
2,20000429,22,35380,071,002402,87.22,58259,81500,0.7148,87100,4945000,1,3,1,4,85.59,2,216,3,4.380,5055000,5905000,216,1,9,9,9,100,1,0,0,0,0,0,0,0
2,20000430,37,39580,183,053425,51.69,185264,113293,1.6353,122300,32475000,2,3,1,1,49.36,1,84,5,5.939,32475000,65805000,12,1,1,9,9,0,1,0,0,0,0,0,0,0
2,20000431,06,41940,085,505015,80.48,172694,172303,1.0023,180400,61255000,2,1,1,1,62.18,1,60,5,5.640,61255000,98515000,36,1,1,9,9,0,1,0,0,0,0,0,1,0
2,20000432,20,28140,091,052418,57.62,31220,99766,0.3129,103000,35355000,2,1,1,1,65.96,1,84,5,5.830,35355000,53605000,60,1,1,9,9,0,1,0,0,0,0,1,0,0
2,20000433,55,33340,079,020100,75.99,60708,97232,0.6244,102100,8465000,7,1,1,1,73.01,1,120,3,5.370,8465000,11605000,114,1,1,9,9,99,1,0,0,0,0,0,0,0
2,20000434,06,12540,029,004002,93.29,69333,71065,0.9756,78600,3565000,2,5,1,4,84.47,2,192,3,5.750,3975000,4705000,0,1,1,9,9,99,1,0,0,0,0,0,0,0
2,20000435,36,35620,061,006500,29.52,250001,113844,2.1960,119300,27285000,2,3,1,1,64.10,1,59,2,6.220,27285000,39805000,47,1,1,9,9,0,1,0,0,0,0,0,1,0
2,20000436,48,19100,113,013626,76.19,49549,99957,0.4957,107300,39865000,1,3,1,1,51.17,1,84,5,5.850,39865000,77905000,78,1,1,9,9,0,1,0,0,0,0,0,0,0
2,20000437,06,31080,037,127605,85.88,54318,101056,0.5375,105700,9245000,7,1,1,1,60.05,1,60,3,5.040,9245000,15405000,36,1,1,9,9,0,1,0,0,0,0,1,0,0
2,20000438,48,19100,113,014160,79.13,95476,99957,0.9552,107300,47725000,7,5,1,1,54.92,1,120,5,5.490,47725000,86905000,114,1,1,9,9,0,1,0,0,0,0,0,1,0
2,20000439,37,16740,025,041306,63.10,142817,93744,1.5235,100300,48165000,7,1,1,1,62.31,1,120,5,5.480,48165000,77305000,114,1,1,9,9,0,1,0,0,0,0,0,0,0
2,20000440,41,38900,071,030202,31.66,73313,110489,0.6635,116900,3105000,7,1,1,1,51.67,1,84,2,6.050,3105000,6005000,84,1,1,9,9,0,1,1,0,0,0,0,0,0
2,20000441,48,26420,039,660705,70.97,126310,92750,1.3618,95200,24905000,2,1,1,1,61.28,1,120,5,5.480,24905000,40655000,114,1,1,9,9,0,1,0,0,0,0,0,0,0
2,20000442,48,12420,209,010923,67.75,114375,115204,0.9928,126000,14805000,7,1,1,1,55.85,1,60,5,5.370,14805000,26505000,57,1,1,9,9,97,1,0,0,0,0,0,1,0
2,20000443,06,40140,071,000115,79.23,104438,90585,1.1529,97500,6305000,7,1,1,1,40.13,1,60,3,6.290,6305000,15705000,57,1,9,9,9,0,1,0,0,0,0,0,1,0
2,20000444,40,36420,109,108204,52.71,58393,84302,0.6927,89100,5275000,1,1,1,1,70.36,1,60,4,6.230,5275000,7505000,57,1,1,9,9,100,1,0,0,0,0,0,0,0
2,20000445,06,41860,075,012902,29.29,250001,154003,1.6234,166600,4005000,1,1,1,4,61.60,2,360,1,3.350,4005000,8105000,59,9,1,9,9,0,1,0,0,0,0,0,1,0
2,20000446,06,31080,059,086601,92.57,75208,101056,0.7442,105700,3245000,2,1,1,4,61.60,2,360,1,3.050,3245000,6115000,47,9,1,9,9,0,1,0,0,0,0,1,0,0
2,20000447,39,15940,151,711502,15.62,107125,79886,1.3410,85500,1575000,1,3,1,1,75.00,1,120,2,5.690,1575000,2105000,84,1,1,9,9,0,1,0,0,0,0,0,1,0
2,20000448,06,31080,037,531503,98.86,77907,101056,0.7709,105700,1155000,7,5,1,1,42.99,1,60,1,6.670,1155000,2685000,57,1,1,9,9,0,1,0,0,0,0,1,0,0
2,20000449,27,33460,003,050402,18.86,85673,119274,0.7183,123700,10695000,1,1,1,1,76.50,1,120,3,5.610,10695000,13985000,114,1,1,9,9,100,1,0,0,0,0,0,0,0
2,20000450,04,38060,013,216852,25.12,87750,93191,0.9416,101300,16315000,2,1,1,1,52.63,1,120,4,5.740,16315000,31005000,114,1,1,9,9,0,1,0,0,0,0,0,1,0
2,20000451,51,47900,510,200201,42.94,152292,144539,1.0536,152900,35635000,1,1,1,1,72.00,1,60,5,5.230,35635000,49505000,57,1,1,9,9,0,1,0,0,0,0,0,0,0
2,20000452,45,16700,019,005300,65.22,65395,96573,0.6772,105100,32815000,1,1,1,1,60.22,1,60,4,5.850,32815000,54505000,57,1,1,9,9,0,1,0,0,0,0,1,0,0
2,20000453,48,19100,113,019041,41.60,117875,99957,1.1793,107300,18995000,2,3,1,1,62.07,1,84,5,5.756,18995000,30605000,12,1,1,9,9,0,1,0,0,0,0,0,1,0
2,20000454,36,40380,055,008600,39.99,66750,93554,0.7135,96500,8095000,7,1,1,1,60.44,1,84,4,6.793,8095000,13405000,12,1,1,9,9,0,1,0,0,0,0,0,0,0
2,20000455,36,35620,061,019500,43.11,161739,113844,1.4207,119300,11685000,7,3,1,1,64.10,1,60,2,6.490,11685000,20405000,56,1,1,9,9,0,1,0,0,0,0,0,0,0
2,20000456,06,31080,037,197410,49.64,151667,101056,1.5008,105700,2045000,7,1,1,1,60.90,1,60,1,7.120,2045000,3355000,36,1,1,9,9,0,1,0,0,0,0,0,1,0
2,20000457,53,44060,063,011702,26.87,63306,88647,0.7141,98100,31205000,1,1,1,1,70.13,1,120,5,5.500,31205000,44505000,114,1,1,9,9,100,1,0,0,0,0,1,0,0
2,20000458,48,12420,453,002323,53.49,45553,115204,0.3954,126000,59975000,1,1,1,1,59.23,1,204,5,5.680,60005000,101305000,198,1,9,9,9,100,1,0,0,0,0,0,0,0
2,20000459,13,17980,215,011400,45.65,32266,68897,0.4683,68500,2825000,2,3,1,4,71.10,2,207,4,.160,2885000,999999999,0,1,1,9,9,0,1,0,0,0,0,1,0,0
2,20000460,06,31080,037,920343,84.76,66250,101056,0.6556,105700,115695000,7,1,1,1,66.36,1,60,5,5.200,115695000,174355000,57,1,1,9,9,0,1,1,0,0,0,1,0,0
2,20000461,48,19100,113,000802,57.80,70688,99957,0.7072,107300,87025000,2,1,1,1,55.01,1,120,5,5.380,87025000,158205000,114,1,1,9,9,90,1,0,0,0,0,0,1,0
2,20000462,40,46140,143,006905,65.00,52098,83507,0.6239,85300,2705000,1,1,1,1,64.33,1,84,2,6.200,2705000,4205000,84,1,1,9,9,0,1,0,0,0,0,0,0,0
2,20000463,32,29820,003,002902,74.55,115067,82358,1.3972,87800,58595000,2,1,1,1,69.18,1,4,5,4.850,58595000,84705000,0,1,1,9,1,0,1,0,0,0,0,0,1,0
2,20000464,36,35620,047,012200,88.59,48046,113844,0.4220,119300,15405000,2,1,1,1,65.00,1,360,3,4.660,15405000,23705000,180,9,9,9,9,99,1,0,0,0,0,1,0,0
2,20000465,13,12060,135,050541,88.43,59692,98569,0.6056,106100,30555000,1,1,1,1,64.75,1,120,5,7.272,30555000,47185000,12,1,1,9,9,100,1,0,0,0,0,0,0,0
2,20000466,18,26900,097,380600,47.59,71357,93688,0.7617,101200,7065000,1,1,1,1,77.59,1,120,4,5.850,7065000,9105000,114,1,1,9,9,85,1,0,0,0,0,0,0,0
2,20000467,39,18140,045,033102,31.89,110924,97262,1.1405,103300,25935000,7,1,1,1,65.00,1,60,5,5.970,25935000,39905000,36,1,1,9,9,0,1,0,0,0,0,0,0,0
2,20000468,36,15380,029,001403,97.92,45553,90767,0.5019,96900,32855000,1,5,1,4,76.35,2,203,5,5.450,33005000,43225000,190,1,9,9,9,99,1,0,0,0,0,1,0,0
2,20000469,22,10780,079,012700,93.02,41157,67361,0.6110,74200,3895000,1,3,1,4,71.10,2,218,3,4.420,7645000,4005000,0,1,1,9,9,100,1,0,0,0,0,1,0,0
2,20000470,48,41700,029,121812,59.16,105729,85469,1.2371,89300,41845000,1,1,1,1,58.20,1,60,5,7.410,41845000,71905000,12,1,1,9,9,0,1,0,0,0,0,0,1,0
2,20000471,47,34980,149,041800,46.41,58229,96905,0.6009,104700,59135000,1,1,1,1,69.35,1,60,5,5.170,59135000,85285000,57,1,1,9,9,0,1,0,0,0,0,1,0,0
2,20000472,12,33100,099,006801,89.61,62685,80554,0.7782,87600,9505000,2,1,1,1,65.03,1,181,3,4.930,9505000,14625000,175,1,1,9,9,100,1,0,0,0,0,0,0,0
2,20000473,48,26420,201,250602,77.77,76864,92750,0.8287,95200,35135000,2,1,1,1,57.31,1,60,5,5.890,35135000,61305000,57,1,1,9,9,51,1,0,0,0,0,1,0,0
2,20000474,25,14460,017,311600,55.73,110800,134646,0.8229,142000,57005000,1,1,1,1,67.01,1,60,5,5.430,57005000,85075000,57,1,1,9,9,0,1,0,0,0,0,0,0,0
2,20000475,34,35620,039,039000,96.88,61687,113844,0.5419,119300,26385000,7,3,1,1,57.48,1,120,4,5.530,26385000,45905000,114,1,1,9,9,0,1,0,0,0,0,1,0,0
2,20000476,19,19780,153,010214,15.73,115213,102398,1.1252,111800,7355000,7,1,1,1,65.00,1,120,3,5.350,7355000,11325000,114,1,1,9,9,0,1,0,0,0,0,0,0,0
2,20000477,51,47260,810,044806,52.16,70676,95214,0.7423,100000,4405000,1,3,1,1,79.27,1,120,3,5.980,4405000,5565000,114,1,1,9,9,100,1,0,0,0,0,0,0,0
2,20000478,08,19740,031,002707,20.39,97835,119980,0.8154,130400,2085000,1,1,1,1,59.66,1,60,1,4.930,2085000,3505000,36,1,1,9,9,0,1,0,0,0,0,0,0,0
2,20000479,06,31080,037,211410,92.83,53393,101056,0.5284,105700,3075000,7,1,1,4,61.60,2,360,2,3.250,3095000,4905000,47,9,1,9,9,0,1,0,0,0,0,0,1,0
2,20000480,41,38900,051,009001,52.30,70727,110489,0.6401,116900,3125000,1,1,1,1,68.06,1,84,2,5.880,3125000,4595000,84,1,1,9,9,0,1,0,0,0,0,1,0,0
2,20000481,06,31080,037,533806,97.51,72465,101056,0.7171,105700,1675000,1,1,1,1,65.57,1,60,1,6.200,1675000,2555000,36,1,1,9,9,0,1,0,0,0,0,1,0,0
2,20000482,06,41740,073,015100,38.99,113963,111734,1.0200,119500,24225000,2,1,1,1,64.64,1,60,4,5.720,24225000,37475000,57,1,1,9,9,0,1,0,0,0,0,0,1,0
2,20000483,48,26420,201,522401,64.20,72259,92750,0.7791,95200,39995000,2,1,1,1,50.44,1,60,5,5.880,39995000,79305000,57,1,1,9,9,50,1,0,0,0,0,0,0,0
2,20000484,53,28420,005,010203,33.79,76250,92746,0.8221,99900,43615000,1,1,1,1,69.45,1,60,5,5.980,43615000,62795000,57,1,1,9,9,0,1,0,0,0,0,0,0,0
2,20000485,32,39900,031,000702,51.62,69577,98707,0.7049,101200,5975000,7,1,1,1,63.64,1,60,2,5.420,5975000,9395000,57,1,1,9,9,0,1,0,0,0,0,1,0,0
2,20000486,48,19100,113,013202,49.57,114881,99957,1.1493,107300,35885000,1,1,1,1,55.55,1,60,5,5.790,35885000,64605000,36,1,1,9,9,90,1,0,0,0,0,0,1,0
2,20000487,22,43640,103,040401,16.96,107261,81500,1.3161,87100,27035000,1,1,1,1,70.00,1,120,5,5.110,27035000,38625000,114,1,9,9,9,0,1,0,0,0,0,0,0,0
2,20000488,48,19100,439,122801,83.52,37083,99957,0.3710,107300,6755000,1,1,1,1,58.24,2,60,4,7.040,6755000,11595000,36,1,1,9,9,0,1,0,0,0,0,1,0,0
2,20000489,36,10580,091,062001,9.64,114929,109385,1.0507,117800,61965000,2,5,1,1,66.00,1,24,5,6.000,57365000,94005000,12,1,1,9,9,0,1,0,0,0,0,0,1,0
2,20000490,32,29820,003,003104,74.89,56272,82358,0.6833,87800,33795000,7,1,1,1,53.39,1,60,5,5.680,33795000,63305000,57,1,1,9,9,0,1,0,0,0,0,1,0,0
2,20000491,48,26420,201,551704,55.63,158147,92750,1.7051,95200,19255000,7,1,1,1,63.95,1,60,5,5.380,19255000,30105000,57,1,1,9,9,0,1,0,0,0,0,0,1,0
2,20000492,37,16740,119,005929,66.34,124265,93744,1.3256,100300,38325000,1,1,1,1,70.00,1,60,5,5.090,38325000,54755000,57,1,1,9,9,0,1,0,0,0,0,0,0,0
2,20000493,49,41620,035,101700,29.56,83560,106248,0.7865,115400,17725000,1,1,1,1,62.18,1,84,4,5.420,17725000,28505000,60,1,1,9,9,0,1,0,0,0,0,1,0,0
2,20000494,39,17140,061,024402,16.48,250001,97826,2.5556,103700,30615000,7,1,1,1,65.00,1,120,4,5.650,30615000,47105000,114,1,1,9,9,0,1,0,0,0,0,0,1,0
2,20000495,21,31140,111,011115,18.88,92829,88819,1.0452,95900,9245000,7,1,1,1,70.00,1,60,4,5.890,9245000,13205000,36,1,1,9,9,0,1,0,0,0,0,0,0,0
2,20000496,13,19140,313,000900,38.94,119087,69402,1.7159,76600,2665000,1,1,1,1,71.15,1,120,2,5.650,2665000,3755000,84,1,1,9,9,0,1,0,0,0,0,0,0,0
2,20000497,39,18140,049,007113,61.65,81096,97262,0.8338,103300,4345000,1,1,1,1,61.13,1,84,3,5.130,4345000,7105000,60,1,1,9,9,0,1,0,0,0,0,0,0,0
2,20000498,12,37860,033,003509,50.23,65818,82863,0.7943,92200,1825000,1,1,1,1,59.25,1,84,1,5.440,1825000,3075000,84,1,9,9,9,0,1,0,0,0,0,0,0,0
2,20000499,41,38900,051,004800,25.21,155417,110489,1.4066,116900,2225000,1,5,1,1,70.80,1,84,1,5.670,2225000,3145000,84,1,1,9,9,0,1,0,0,0,0,0,0,0
2,20000500,06,31080,037,121010,70.13,93036,101056,0.9206,105700,2845000,7,1,1,4,61.60,2,360,1,3.300,3055000,3925000,59,9,9,9,9,0,1,0,0,0,0,0,0,0
2,20000501,39,17140,017,013600,38.02,52871,97826,0.5405,103700,2485000,1,1,1,1,59.17,1,84,3,5.130,2485000,4205000,60,1,1,9,9,0,1,0,0,0,0,1,0,0
2,20000502,25,14460,017,384003,42.59,113750,134646,0.8448,142000,49515000,7,1,1,1,62.29,1,60,5,5.990,49515000,79505000,57,1,1,9,9,0,1,0,0,0,0,0,0,0
2,20000503,53,42660,053,073200,16.13,115139,127870,0.9004,136600,1735000,1,1,1,1,69.24,1,84,1,5.360,1735000,2505000,84,1,1,9,9,0,1,1,0,0,0,0,0,0
2,20000504,39,19430,057,240303,21.28,58917,87717,0.6717,92900,1265000,1,1,1,1,50.81,1,84,2,5.130,1265000,2485000,60,1,1,9,9,0,1,0,0,0,0,0,0,0
2,20000505,13,12060,097,080306,88.28,59334,98569,0.6020,106100,23655000,2,1,1,1,74.14,1,171,5,3.860,23655000,31905000,165,1,9,9,9,100,1,0,0,0,0,1,0,0
2,20000506,06,41860,001,407500,94.75,58889,154003,0.3824,166600,3435000,7,1,1,4,61.60,2,360,2,3.450,3435000,5305000,59,9,1,9,9,0,1,0,0,0,0,1,0,0
2,20000507,26,19820,125,160900,82.18,64362,93779,0.6863,97300,7505000,7,1,1,1,67.87,1,60,3,5.170,7505000,11055000,60,1,1,9,9,0,1,0,0,0,0,0,0,0
2,20000508,25,14460,025,000704,49.75,98059,134646,0.7283,142000,59685000,2,3,1,1,45.53,1,60,5,6.080,59685000,131105000,36,1,1,9,9,10,1,0,0,0,0,1,0,0
2,20000509,48,26420,157,671002,76.16,100733,92750,1.0861,95200,11805000,1,1,1,1,73.80,1,60,4,5.480,11805000,16005000,57,1,1,9,9,0,1,0,0,0,0,0,1,0
2,20000510,06,47300,107,002901,87.57,57500,67525,0.8515,72000,11215000,7,1,1,1,59.35,1,60,3,5.470,11215000,18905000,57,1,1,9,9,0,1,0,0,0,0,0,0,0
2,20000511,24,47900,033,801409,95.51,116563,144539,0.8065,152900,18625000,2,1,1,1,70.00,1,60,5,6.110,18625000,26605000,57,1,1,9,9,100,1,0,0,0,0,0,0,0
2,20000512,18,16980,089,040502,34.06,109563,106055,1.0331,109800,1435000,7,3,1,1,64.15,1,84,1,6.450,1435000,2245000,81,1,1,9,9,0,1,0,0,0,0,0,1,0
2,20000513,06,31080,037,576402,91.46,53770,101056,0.5321,105700,3895000,2,5,1,4,39.00,1,180,3,4.850,3905000,10005000,0,1,9,9,9,99,1,0,0,0,0,1,0,0
2,20000514,06,12540,029,004802,97.48,36883,71065,0.5190,78600,3875000,1,1,1,1,66.26,1,60,3,5.580,3875000,5855000,36,1,1,9,9,99,1,0,0,0,0,1,0,0
2,20000515,39,17410,035,140800,40.17,87386,90488,0.9657,97200,5595000,7,1,1,1,79.99,1,120,4,5.520,5595000,7005000,114,1,9,9,9,100,1,0,0,0,0,0,0,0
2,20000516,39,30620,003,012200,40.68,65972,76264,0.8651,84700,8055000,1,1,1,1,67.65,1,60,5,5.910,8055000,11905000,36,1,1,9,9,100,1,0,0,0,0,1,0,0
2,20000517,39,17140,061,021572,83.18,65509,97826,0.6697,103700,24245000,7,1,1,1,64.83,1,60,5,5.220,24245000,37405000,57,1,1,9,9,0,1,0,0,0,0,0,0,0
2,20000518,48,12420,453,040300,87.31,45027,115204,0.3909,126000,24425000,2,1,1,1,69.95,1,120,5,5.750,24425000,34925000,114,1,1,9,9,50,1,0,0,0,0,1,0,0
2,20000519,48,26420,201,552301,37.29,75000,92750,0.8086,95200,24975000,1,1,1,1,58.62,1,60,5,6.160,24975000,42605000,48,1,1,9,9,0,1,0,0,0,0,0,1,0
2,20000520,40,46140,143,005200,31.80,128958,83507,1.5443,85300,3185000,1,3,1,1,72.01,1,84,3,5.710,3185000,4425000,84,1,9,9,9,0,1,0,0,0,0,0,0,0
2,20000521,45,24860,045,003706,63.89,45714,82045,0.5572,84700,9335000,7,1,1,1,63.97,1,60,4,5.370,9335000,14605000,57,1,1,9,9,0,1,0,0,0,0,1,0,0
2,20000522,51,47260,800,065401,88.14,72619,95214,0.7627,100000,2025000,7,1,1,1,13.93,1,120,4,6.140,2025000,14505000,117,1,9,9,9,0,1,0,0,0,0,1,0,0
2,20000523,06,31080,037,601212,96.52,80417,101056,0.7958,105700,2065000,7,1,1,4,61.60,2,360,1,3.400,2285000,3605000,35,9,9,9,9,0,1,0,0,0,0,1,0,0
2,20000524,06,17020,007,000903,39.55,76690,85990,0.8919,96600,2985000,2,1,1,1,54.98,1,204,3,5.520,2985000,5425000,180,1,9,9,9,98,1,0,0,0,0,0,0,0
2,20000525,06,31080,037,575101,89.54,53167,101056,0.5261,105700,2305000,2,1,1,4,61.60,2,360,1,3.700,2555000,3705000,59,9,9,9,9,0,1,0,0,0,0,1,0,0
2,20000526,04,38060,013,106003,65.77,63828,93191,0.6849,101300,3235000,1,1,1,4,61.60,2,360,1,4.420,3235000,4475000,47,9,1,9,9,0,1,0,0,0,0,0,0,0
2,20000527,35,29740,013,001701,85.87,54560,58875,0.9267,65800,32285000,7,1,1,1,68.69,1,60,5,5.470,32285000,47005000,57,1,1,9,9,21,1,1,0,0,0,1,0,1
2,20000528,13,12060,089,022100,78.26,78400,98569,0.7954,106100,5005000,7,1,1,1,70.00,1,60,2,5.730,5005000,7155000,36,1,1,9,9,0,1,0,0,0,0,1,0,0
2,20000529,36,35620,061,019000,79.45,130833,113844,1.1492,119300,3515000,2,3,1,1,44.43,1,360,3,5.580,3515000,7905000,180,9,9,9,9,98,1,0,0,0,0,0,0,0
2,20000530,20,28140,091,051904,22.24,112972,99766,1.1324,103000,34945000,7,1,1,1,58.43,1,60,5,5.970,34945000,59805000,57,1,1,9,9,0,1,0,0,0,0,0,0,0
2,20000531,51,47260,550,020907,39.84,130417,95214,1.3697,100000,25535000,7,1,1,1,63.83,1,84,4,7.060,25535000,40005000,48,1,1,9,9,0,1,0,0,0,0,0,0,0
2,20000532,37,11700,021,001401,28.92,52460,83126,0.6311,86300,37405000,1,1,1,1,75.00,1,60,5,5.800,37405000,49875000,57,1,1,9,9,0,1,0,0,0,0,1,0,0
2,20000533,12,35840,115,002731,5.60,100915,91784,1.0995,97000,57855000,1,1,1,1,65.00,1,72,5,5.410,57855000,89005000,69,1,1,9,9,0,1,0,0,0,0,0,1,0
2,20000534,06,37100,111,005005,70.45,124643,116726,1.0678,125600,3845000,2,5,1,4,45.92,2,204,3,5.500,3995000,8705000,0,1,1,9,9,100,1,0,0,0,0,0,0,0
2,20000535,06,41860,001,437702,97.25,81915,154003,0.5319,166600,2905000,7,1,1,1,52.73,1,60,1,5.500,2905000,5505000,36,1,1,9,9,0,1,0,0,0,0,1,0,0
2,20000536,39,18140,049,007721,81.74,39556,97262,0.4067,103300,46205000,7,1,1,1,70.00,1,84,5,6.120,46205000,66005000,78,1,1,9,9,0,1,0,0,0,0,1,0,0
2,20000537,18,16980,127,050602,17.80,95144,106055,0.8971,109800,25165000,7,1,1,1,66.04,1,120,5,5.590,25165000,38105000,114,1,1,9,9,0,1,0,0,0,0,0,0,0
2,20000538,45,16700,019,003600,32.98,97222,96573,1.0067,105100,2675000,1,1,1,1,49.91,1,120,2,5.750,2675000,5355000,84,1,9,9,9,0,1,0,0,0,0,1,0,0
2,20000539,06,31080,037,139200,38.74,102308,101056,1.0124,105700,3515000,7,1,1,1,28.31,1,120,3,6.040,3515000,12405000,114,1,1,9,9,0,1,0,0,0,0,0,1,0
2,20000540,26,19820,125,191100,20.01,99032,93779,1.0560,97300,33455000,7,1,1,1,68.98,1,60,5,5.440,33455000,48505000,57,1,1,9,9,0,1,0,0,0,0,0,0,0
2,20000541,34,35620,017,007500,56.69,169741,113844,1.4910,119300,113625000,1,1,1,1,51.00,1,84,5,4.850,113625000,222805000,78,1,1,9,9,0,1,0,0,0,0,0,1,0
2,20000542,27,33460,037,060713,27.25,108333,119274,0.9083,123700,5285000,1,1,1,1,73.57,1,60,2,6.140,5285000,7185000,60,1,1,9,9,0,1,0,0,0,0,0,0,0
2,20000543,37,20500,063,002029,36.14,118750,97980,1.2120,101800,39905000,1,1,1,1,70.00,1,60,5,5.200,39905000,57005000,57,1,1,9,9,0,1,0,0,0,0,0,0,0
2,20000544,34,35620,031,125100,77.66,52936,113844,0.4650,119300,1195000,7,1,1,1,59.65,1,60,1,6.680,1195000,2005000,36,1,1,9,9,0,1,0,0,0,0,1,0,0
2,20000545,06,31080,037,601100,97.22,56386,101056,0.5580,105700,1705000,7,1,1,1,40.09,1,120,1,5.650,1705000,4245000,117,1,1,9,9,0,1,0,0,0,0,1,0,0
2,20000546,12,33100,099,007832,59.57,56328,80554,0.6993,87600,50025000,1,1,1,1,59.91,1,60,5,5.240,50025000,83505000,57,1,1,9,9,0,1,0,0,0,0,1,0,0
2,20000547,48,26420,201,541401,85.14,115117,92750,1.2412,95200,10625000,2,1,1,1,50.61,1,60,4,6.440,10625000,21005000,36,1,1,9,9,0,1,0,0,0,0,0,1,0
2,20000548,06,31080,037,125404,51.74,74632,101056,0.7385,105700,40235000,1,3,1,1,64.28,1,120,5,5.900,40235000,62605000,114,1,1,9,9,6,1,0,0,0,0,0,0,0
2,20000549,13,12060,089,023801,66.70,84517,98569,0.8574,106100,15345000,7,1,1,1,64.75,1,60,4,5.820,15345000,23705000,57,1,1,9,9,0,1,0,0,0,0,0,0,0
2,20000550,53,42660,033,028902,74.93,54451,127870,0.4258,136600,13035000,2,1,1,1,62.08,1,60,3,5.640,13035000,21005000,57,1,1,9,9,0,1,0,0,0,0,1,0,0
2,20000551,39,18140,049,009384,47.15,61595,97262,0.6333,103300,2245000,1,1,1,1,54.63,1,84,3,5.130,2245000,4105000,60,1,1,9,9,0,1,0,0,0,0,0,0,0
2,20000552,51,47260,700,032225,82.11,55556,95214,0.5835,100000,10925000,7,1,1,1,64.24,1,60,4,5.670,10925000,17005000,57,1,1,9,9,0,1,0,0,0,0,1,0,0
2,20000553,53,42660,033,008600,52.94,156250,127870,1.2219,136600,24895000,2,1,1,1,71.53,1,173,5,4.300,24895000,34805000,167,1,9,9,9,100,1,0,0,0,0,0,0,0
2,20000554,39,17410,035,141000,72.47,000000,90488,9999.0,97200,2475000,7,1,1,1,79.81,1,120,2,5.600,2475000,3105000,84,1,1,9,9,0,1,0,0,0,0,1,0,0
2,20000555,55,31540,025,010801,21.52,131974,112276,1.1754,121200,5635000,1,1,1,1,61.22,1,60,3,5.210,5635000,9205000,36,1,1,9,9,0,1,0,0,0,0,0,1,0
2,20000556,40,36420,017,301003,29.59,83885,84302,0.9951,89100,1805000,1,1,1,1,63.44,1,60,3,6.330,1805000,2855000,57,1,1,9,9,100,1,0,0,0,0,0,1,0
2,20000557,17,16980,031,280100,29.32,228650,106055,2.1560,109800,113755000,2,1,1,1,65.00,1,84,5,4.970,113755000,175005000,78,1,1,9,9,0,1,0,0,0,0,0,1,0
2,20000558,17,37900,143,003104,25.79,125179,88873,1.4085,91700,2815000,1,1,1,1,63.59,1,60,2,6.530,2815000,4425000,36,1,9,9,9,0,1,0,0,0,0,0,0,0
2,20000559,39,18140,049,007205,25.55,124528,97262,1.2803,103300,37235000,7,1,1,1,63.97,1,120,5,5.550,37235000,58205000,114,1,1,9,9,0,1,0,0,0,0,0,1,0
2,20000560,12,36740,117,021306,26.38,87266,83343,1.0471,90400,20905000,2,1,1,1,55.60,1,84,4,7.060,20905000,37605000,48,1,1,9,9,0,1,0,0,0,0,0,0,0
2,20000561,04,38060,013,614700,40.46,49365,93191,0.5297,101300,38375000,2,1,1,1,63.54,1,60,5,4.930,38375000,60405000,36,1,1,9,9,0,1,0,0,0,0,0,0,0
2,20000562,31,36540,055,007467,34.20,75685,102337,0.7396,109700,15505000,7,1,1,1,40.83,1,120,5,5.310,15505000,37965000,114,1,1,9,9,0,1,0,0,0,0,0,0,0
2,20000563,48,26420,201,510202,51.25,182500,92750,1.9677,95200,40705000,1,1,1,1,58.40,1,60,5,5.100,40705000,69705000,57,1,1,9,9,0,1,0,0,0,0,0,1,0
2,20000564,18,14020,105,000402,23.82,79384,89082,0.8911,100900,19855000,7,3,1,1,71.00,2,84,5,5.499,19855000,25405000,12,1,1,9,9,0,1,0,0,0,0,0,0,0
2,20000565,13,12020,059,130300,76.39,58750,85162,0.6899,90900,15535000,7,1,1,1,68.14,1,60,5,5.550,15535000,22805000,57,1,1,9,9,100,1,0,0,0,0,0,0,0
2,20000566,48,41700,029,180800,84.83,36071,85469,0.4220,89300,4775000,1,1,1,1,67.69,1,84,3,6.350,4775000,7055000,84,1,1,9,9,0,1,0,0,0,0,1,0,0
2,20000567,06,31080,037,273300,48.98,117649,101056,1.1642,105700,3635000,7,1,1,4,61.60,2,360,1,5.170,3635000,5345000,47,9,1,9,9,0,1,0,0,0,0,0,0,0
2,20000568,48,26420,201,532004,84.99,45433,92750,0.4898,95200,8305000,1,1,1,1,77.48,1,120,5,5.980,8305000,10715000,114,1,1,9,9,100,1,0,0,0,0,1,0,0
2,20000569,49,41620,035,101500,23.90,130500,106248,1.2283,115400,1865000,1,5,1,1,64.24,1,84,1,5.110,1865000,2905000,81,1,1,9,9,0,1,0,0,0,0,1,0,0
2,20000570,36,35620,047,087000,97.23,79839,113844,0.7013,119300,1065000,7,1,1,1,60.63,1,60,1,5.880,1065000,1755000,36,1,1,9,9,0,1,0,0,0,0,1,0,0
2,20000571,04,38060,013,105200,43.69,87167,93191,0.9354,101300,2785000,7,1,1,1,67.88,1,84,2,5.750,2785000,4105000,84,1,1,9,9,0,1,0,0,0,0,0,0,0
2,20000572,36,35620,061,022600,83.58,72173,113844,0.6340,119300,6115000,7,1,1,1,65.00,1,60,2,6.510,6115000,9405000,57,1,1,9,9,0,1,0,0,0,0,1,0,0
2,20000573,08,19740,031,015600,82.91,76285,119980,0.6358,130400,1425000,7,3,1,1,57.97,1,60,1,7.290,1425000,2465000,36,1,1,9,9,0,1,0,0,0,0,0,0,0
2,20000574,18,31140,043,070902,25.13,21979,88819,0.2475,95900,24345000,1,3,1,4,97.86,2,180,5,3.750,24665000,25205000,180,1,9,9,9,100,1,0,0,0,0,1,0,0
2,20000575,06,31080,037,219800,92.97,75197,101056,0.7441,105700,3315000,7,1,1,4,61.60,2,360,1,3.150,3315000,4935000,59,9,1,9,9,0,1,0,0,0,0,1,0,0
2,20000576,06,41940,085,512025,60.02,241413,172303,1.4011,180400,25315000,7,1,1,1,54.21,1,120,4,6.560,25315000,46705000,114,1,1,9,9,20,1,0,0,0,0,0,1,0
2,20000577,24,12580,510,271600,96.58,53495,118479,0.4515,122200,1085000,2,1,1,1,18.39,1,186,3,5.190,1085000,5905000,180,1,1,9,9,100,1,0,0,0,0,1,0,0
2,20000578,39,18140,049,010204,65.02,61838,97262,0.6358,103300,43655000,7,1,1,1,64.11,1,60,5,5.970,43655000,68105000,36,1,1,9,9,0,1,0,0,0,0,0,0,0
2,20000579,48,26420,201,314302,94.43,63044,92750,0.6797,95200,8975000,7,1,1,1,46.93,1,120,5,5.340,8975000,19125000,114,1,1,9,9,0,1,0,0,0,0,1,0,0
2,20000580,53,42660,053,072507,13.76,142560,127870,1.1149,136600,3525000,7,1,1,1,55.00,1,84,2,4.540,3525000,6405000,84,1,1,9,9,0,1,0,0,0,0,0,1,0
2,20000581,24,12580,005,411303,33.80,129194,118479,1.0904,122200,65365000,7,1,1,1,69.99,1,60,5,5.610,65365000,93405000,57,1,1,9,9,0,1,0,0,0,0,0,1,0
2,20000582,06,31080,037,119802,89.65,101488,101056,1.0043,105700,3165000,2,1,1,4,61.60,2,360,2,3.300,3405000,6175000,59,9,9,9,9,0,1,0,0,0,0,0,0,0
2,20000583,24,47900,033,801809,97.39,65938,144539,0.4562,152900,31365000,2,1,1,1,64.94,1,120,5,5.640,31365000,48305000,114,1,1,9,9,0,1,0,0,0,0,1,0,0
2,20000584,48,21340,141,001115,85.56,46040,61466,0.7490,63100,1055000,7,1,1,1,41.18,1,60,2,6.800,1055000,2555000,36,1,9,9,9,0,1,0,0,0,0,1,0,0
2,20000585,06,31080,059,074501,98.58,55104,101056,0.5453,105700,2465000,7,1,1,1,71.33,1,60,1,5.500,2465000,3465000,36,1,1,9,9,0,1,0,0,0,0,1,0,0
2,20000586,49,41620,035,110702,14.71,127500,106248,1.2000,115400,1045000,2,1,1,1,50.36,1,60,1,6.450,1045000,2075000,36,1,1,9,9,0,1,0,0,0,0,0,1,0
2,20000587,04,46060,019,001801,50.92,36000,82620,0.4357,90200,1075000,1,1,1,1,60.62,1,84,1,5.830,1075000,1775000,84,1,1,9,9,0,1,0,0,0,0,1,0,0
2,20000588,26,40980,145,000900,92.53,32622,71728,0.4548,74800,6995000,2,1,1,4,48.48,1,204,4,6.440,6995000,14435000,198,1,1,9,9,100,1,0,0,0,0,1,0,0
2,20000589,39,19430,113,021601,15.32,87112,87717,0.9931,92900,2615000,7,1,1,1,72.81,1,120,2,5.850,2615000,3595000,84,1,1,9,9,0,1,0,0,0,0,0,1,0
2,20000590,53,28420,005,010100,20.69,116875,92746,1.2602,99900,21005000,7,1,1,1,70.00,1,84,4,5.290,21005000,30005000,78,1,1,9,9,0,1,0,0,0,0,0,0,0
2,20000591,48,41700,029,121118,53.15,98947,85469,1.1577,89300,12005000,7,1,1,1,53.81,1,120,5,5.580,12005000,22305000,114,1,1,9,9,0,1,0,0,0,0,0,1,0
2,20000592,17,16980,031,230900,76.45,63537,106055,0.5991,109800,1225000,1,1,1,1,76.50,1,120,1,5.850,1225000,1605000,36,1,1,9,9,0,1,0,0,0,0,0,0,0
2,20000593,17,16980,031,430500,99.37,000000,106055,9999.0,109800,2545000,7,1,1,1,74.82,1,84,2,6.080,2545000,3405000,84,1,1,9,9,0,1,0,0,0,0,1,0,0
2,20000594,53,38900,011,041309,30.01,110202,110489,0.9974,116900,31675000,1,1,1,1,70.00,1,120,5,6.070,31675000,45255000,114,1,1,9,9,0,1,0,0,0,0,0,0,0
2,20000595,27,41060,009,021104,11.23,94448,90966,1.0383,97800,3395000,7,3,1,1,51.36,1,120,3,5.810,3395000,6605000,84,1,1,9,9,0,1,0,0,0,0,0,0,0
2,20000596,36,35620,103,158322,23.80,172014,113844,1.5110,119300,72125000,1,1,1,1,61.28,2,180,5,6.050,72125000,117705000,174,1,1,9,9,0,1,0,0,0,0,0,1,0
2,20000597,06,31080,037,540203,98.83,64583,101056,0.6391,105700,3195000,7,1,1,1,55.00,2,60,1,7.300,3195000,5805000,36,1,1,9,9,0,1,0,0,0,0,1,0,0
2,20000598,09,14860,190,021402,73.80,42471,135149,0.3143,145700,2375000,7,1,1,1,69.97,1,120,1,5.670,2375000,3405000,84,1,1,9,9,0,1,0,0,0,0,1,0,0
2,20000599,18,26900,097,357900,28.93,88625,93688,0.9460,101200,4115000,7,1,1,1,69.13,1,120,2,6.340,4115000,5955000,114,1,1,9,9,0,1,0,0,0,0,0,0,0
2,20000600,39,17410,035,101300,45.48,34038,90488,0.3762,97200,3405000,7,3,1,1,56.20,1,120,3,6.940,3405000,6055000,84,1,1,9,9,0,1,0,0,0,0,1,0,0
2,20000601,06,49700,115,040201,45.36,55667,80088,0.6951,82200,3305000,7,1,1,1,47.83,1,180,3,6.430,3305000,6905000,174,1,1,9,9,99,1,0,0,0,0,0,0,0
2,20000602,08,19740,001,009308,71.57,83153,119980,0.6931,130400,49495000,2,1,1,1,64.95,1,60,5,6.040,49495000,76205000,57,1,1,9,9,0,1,0,0,0,0,0,0,0
2,20000603,42,37980,101,036700,30.21,220750,108977,2.0257,114700,9425000,2,1,1,1,64.56,1,60,2,5.420,9425000,14605000,57,1,1,9,9,0,1,0,0,0,0,0,1,0
2,20000604,48,19100,113,001202,50.30,94107,99957,0.9415,107300,23225000,1,1,1,1,65.41,1,60,5,5.540,23225000,35505000,57,1,1,9,9,0,1,0,0,0,0,0,0,0
2,20000605,47,27180,053,967001,32.15,61645,70657,0.8725,81000,2085000,1,1,1,1,73.26,1,120,2,5.720,2085000,2855000,117,1,1,9,9,0,1,1,1,0,0,0,0,0
2,20000606,37,49180,067,002604,38.66,116429,76701,1.5180,81900,1855000,2,5,1,1,59.97,1,120,2,6.220,1855000,3105000,84,1,1,9,9,0,1,0,0,0,0,0,0,0
2,20000607,06,31080,037,197700,79.85,56912,101056,0.5632,105700,40405000,2,1,1,1,62.12,1,60,5,5.200,40405000,65055000,57,1,1,9,9,0,1,0,0,0,0,0,0,0
2,20000608,24,47900,031,701426,88.16,139431,144539,0.9647,152900,40725000,1,1,1,1,54.73,1,84,5,5.700,40725000,74405000,78,1,1,9,9,55,1,0,0,0,0,0,1,0
2,20000609,55,33340,079,101000,28.31,82083,97232,0.8442,102100,2565000,7,1,1,1,72.58,1,120,1,5.320,2565000,3535000,117,1,1,9,9,0,1,0,0,0,0,0,0,0
2,20000610,36,35620,061,016300,27.56,236862,113844,2.0806,119300,1945000,2,3,1,1,64.10,1,60,1,6.610,1945000,4005000,56,1,1,9,9,0,1,0,0,0,0,0,1,0
2,20000611,48,19100,121,021756,35.41,232292,99957,2.3239,107300,44625000,1,1,1,1,58.72,1,84,5,5.540,44625000,76005000,60,1,1,9,9,0,1,0,0,0,0,0,1,0
2,20000612,48,19100,113,007912,45.41,123625,99957,1.2368,107300,38265000,2,1,1,1,44.19,1,60,5,4.900,38265000,86605000,57,1,1,9,9,0,1,0,0,0,0,0,1,0
2,20000613,36,35620,047,054900,32.08,102865,113844,0.9036,119300,12855000,2,3,1,1,64.10,2,60,2,6.140,12955000,16705000,55,1,9,9,9,0,1,0,0,0,0,0,0,0
2,20000614,08,19740,031,001401,77.94,63472,119980,0.5290,130400,1115000,1,1,1,1,55.62,1,60,1,6.470,1115000,2015000,36,1,1,9,9,0,1,0,0,0,0,1,0,0
2,20000615,48,41700,187,210300,73.99,64118,85469,0.7502,89300,24045000,1,3,1,4,79.18,1,177,5,3.540,24235000,30605000,117,1,9,9,9,100,1,1,0,0,0,1,0,0
2,20000616,13,12060,121,008400,95.29,000000,98569,9999.0,106100,4215000,7,1,1,1,63.88,1,84,2,6.160,4215000,6605000,81,1,1,9,9,0,1,0,0,0,0,1,0,0
2,20000617,24,47900,031,701800,59.77,150125,144539,1.0387,152900,26255000,7,3,1,1,70.00,1,60,5,5.110,26255000,37505000,57,1,1,9,9,99,1,0,0,0,0,0,1,0
2,20000618,42,37980,101,014400,40.95,135172,108977,1.2404,114700,20195000,2,1,1,1,57.05,1,60,4,6.230,20195000,35405000,57,1,1,9,9,0,1,0,0,0,0,0,0,0
2,20000619,48,19100,121,021203,64.03,33864,99957,0.3388,107300,35005000,2,1,1,1,70.00,1,60,5,5.910,35005000,50005000,57,1,1,9,9,50,1,0,0,0,0,1,0,0
2,20000620,28,99999,007,060600,64.92,35667,60730,0.5873,64200,1805000,7,1,1,1,50.00,1,180,3,6.080,1805000,3605000,174,1,9,9,9,100,1,1,1,0,0,1,0,0
2,20000621,41,13460,017,000901,26.06,89821,99728,0.9007,105100,32475000,2,1,1,1,57.74,1,120,5,5.660,32475000,56245000,114,1,1,9,9,0,1,1,0,0,0,0,0,0
2,20000622,32,29820,003,005440,58.70,84097,82358,1.0211,87800,56705000,2,1,1,1,70.00,1,60,5,5.320,56705000,81005000,57,1,1,9,9,0,1,0,0,0,0,0,1,0
2,20000623,25,39300,005,642100,25.69,57007,103773,0.5493,113200,56525000,1,1,1,1,70.00,1,120,5,5.940,56525000,80755000,114,1,1,9,9,0,1,0,0,0,0,0,0,0
2,20000624,48,26420,201,511201,35.05,223472,92750,2.4094,95200,5975000,2,1,1,1,77.57,1,180,4,5.050,5975000,7705000,174,1,9,9,9,89,1,0,0,0,0,0,1,0
2,20000625,48,26420,473,680501,70.08,55803,92750,0.6017,95200,1665000,1,1,1,1,67.49,1,84,2,6.850,1665000,2475000,84,1,1,9,9,0,1,1,0,0,0,1,0,0
2,20000626,20,28140,209,043904,81.50,60700,99766,0.6084,103000,12415000,7,1,1,1,67.11,1,60,4,4.890,12415000,18505000,57,1,1,9,9,0,1,0,0,0,0,1,0,0
2,20000627,17,16980,031,010600,49.80,120000,106055,1.1315,109800,7125000,7,1,1,1,70.58,1,120,3,5.570,7125000,10105000,117,1,1,9,9,0,1,0,0,0,0,0,0,0
2,20000628,36,35620,061,007400,36.17,250001,113844,2.1960,119300,18345000,2,1,1,1,41.89,1,60,2,6.150,18345000,43805000,57,1,1,9,9,31,1,0,0,0,0,0,1,0
2,20000629,53,42660,033,007002,31.35,250001,127870,1.9551,136600,6055000,2,1,1,1,62.37,1,84,2,5.190,6055000,9705000,84,1,1,9,9,0,1,0,0,0,0,0,0,0
2,20000630,04,46060,019,001400,49.20,57411,82620,0.6949,90200,10015000,1,1,1,1,73.62,1,84,3,6.920,10015000,13605000,81,1,1,9,9,0,1,0,0,0,0,1,0,0
2,20000631,34,35620,017,017600,94.84,59519,113844,0.5228,119300,5305000,7,1,1,1,64.66,1,60,2,5.970,5305000,8205000,36,1,1,9,9,0,1,0,0,0,0,0,0,0
2,20000632,13,42340,103,030309,34.09,81056,87035,0.9313,92400,49005000,2,1,1,1,64.90,1,72,5,5.620,49005000,75505000,69,1,1,9,9,0,1,0,0,0,0,0,0,0
2,20000633,48,15180,061,011906,83.39,44592,54380,0.8200,60400,1305000,7,5,1,1,68.74,1,60,1,6.020,1305000,1905000,60,1,9,9,9,0,1,1,0,0,0,0,0,1
2,20000634,08,17820,041,006302,61.31,46150,98394,0.4690,103700,22005000,2,5,1,1,66.87,1,176,5,4.610,22005000,32905000,170,1,1,9,9,99,1,0,0,0,0,1,0,0
2,20000635,06,40140,071,010038,76.98,75288,90585,0.8311,97500,23705000,1,1,1,1,67.73,1,120,5,5.690,23705000,35005000,114,1,1,9,9,0,1,0,0,0,0,0,0,0
2,20000636,12,45300,103,026913,20.13,59554,84454,0.7052,92000,37135000,7,1,1,1,60.88,1,60,5,5.890,37135000,61005000,57,1,1,9,9,0,1,0,0,0,0,0,0,0
2,20000637,32,29820,003,002706,76.14,35966,82358,0.4367,87800,34725000,7,3,1,1,58.37,1,60,5,5.360,34725000,59505000,57,1,1,9,9,0,1,0,0,0,0,1,0,0
2,20000638,18,16980,089,042508,66.77,84243,106055,0.7943,109800,49005000,2,1,1,1,70.00,1,60,5,5.430,49005000,70005000,57,1,1,9,9,0,1,0,0,0,0,0,0,0
2,20000639,12,33100,086,008309,98.34,45144,80554,0.5604,87600,10775000,7,1,1,1,52.05,1,180,4,5.770,10775000,20705000,174,1,9,9,9,100,1,0,0,0,0,1,0,0
2,20000640,34,35620,017,006800,96.26,63176,113844,0.5549,119300,2835000,2,1,1,1,50.44,1,120,1,6.480,2835000,5625000,114,1,9,9,9,33,1,0,0,0,0,0,0,0
2,20000641,48,26420,201,551705,67.15,106235,92750,1.1454,95200,12185000,1,1,1,1,63.15,1,84,4,5.480,12185000,19305000,78,1,1,9,9,0,1,0,0,0,0,0,1,0
2,20000642,48,41700,029,191810,57.54,149173,85469,1.7454,89300,37665000,7,1,1,1,65.16,1,60,5,5.040,37665000,57805000,57,1,1,9,9,0,1,0,0,0,0,0,0,0
2,20000643,26,24340,081,014703,51.15,56250,93131,0.6040,98500,1505000,7,1,1,1,48.70,1,84,1,6.070,1505000,3085000,84,1,1,9,9,0,1,0,0,0,0,0,0,0
2,20000644,48,19100,113,017203,81.82,68026,99957,0.6806,107300,33935000,7,1,1,1,64.52,1,60,5,5.710,33935000,52605000,57,1,1,9,9,0,1,0,0,0,0,0,0,0
2,20000645,06,41860,075,016900,35.74,250001,154003,1.6234,166600,1105000,7,1,1,1,44.72,1,120,1,6.220,1105000,2465000,84,1,1,9,9,0,1,0,0,0,0,0,1,0
2,20000646,48,26420,201,232901,89.65,58438,92750,0.6301,95200,10575000,1,1,1,1,69.12,1,60,4,5.990,10575000,15305000,36,1,1,9,9,0,1,0,0,0,0,0,0,0
2,20000647,48,28660,027,022600,75.58,47024,75208,0.6253,75800,1325000,1,5,1,1,47.22,1,120,2,6.990,1325000,2815000,84,1,9,9,9,0,1,0,0,0,0,1,0,0
2,20000648,34,37980,007,600900,98.05,29500,108977,0.2707,114700,6355000,2,1,1,1,77.49,1,204,3,5.000,6355000,8205000,180,1,9,9,9,99,1,0,0,0,0,1,0,0
2,20000649,04,38060,013,420214,30.19,64446,93191,0.6916,101300,3125000,1,1,1,4,61.60,2,360,2,4.810,3905000,5315000,47,9,1,9,9,0,1,0,0,0,0,0,0,0
2,20000650,06,41860,001,422400,58.95,128750,154003,0.8360,166600,3255000,2,1,1,4,61.60,2,360,1,3.050,3255000,6825000,47,9,1,9,9,0,1,0,0,0,0,1,0,0
2,20000651,48,19100,113,014309,92.30,46799,99957,0.4682,107300,6665000,1,1,1,1,72.08,1,120,3,6.410,6665000,9255000,84,1,1,9,9,0,1,0,0,0,0,1,0,0
2,20000652,48,26420,201,251100,32.99,127083,92750,1.3702,95200,16615000,7,1,1,1,55.00,1,60,5,6.390,16615000,30205000,57,1,1,9,9,0,1,0,0,0,0,0,1,0
2,20000653,48,19100,121,021642,71.08,55840,99957,0.5586,107300,63605000,7,5,1,1,58.40,1,120,5,5.490,63605000,108905000,114,1,1,9,9,0,1,0,0,0,0,0,0,0
2,20000654,06,31080,059,062637,43.91,115150,101056,1.1395,105700,108455000,7,1,1,1,49.48,1,120,5,5.240,108455000,219205000,114,1,9,9,9,5,1,0,0,0,0,0,1,0
2,20000655,13,12060,121,012000,92.81,26446,98569,0.2683,106100,1445000,7,1,1,1,65.82,1,120,1,5.730,1445000,2205000,84,1,1,9,9,0,1,0,0,0,0,1,0,0
2,20000656,06,40140,071,010429,38.59,84104,90585,0.9285,97500,1065000,7,1,1,1,47.75,1,120,1,7.180,1065000,2225000,84,1,1,9,9,0,1,1,0,0,0,0,0,0
2,20000657,48,26420,201,330901,92.67,84150,92750,0.9073,95200,30605000,1,1,1,1,52.47,1,60,5,6.010,30605000,58325000,57,1,1,9,9,50,1,0,0,0,0,0,0,0
2,20000658,13,12060,135,050335,55.93,92417,98569,0.9376,106100,38105000,7,3,1,1,69.29,1,84,5,6.556,38105000,55005000,12,1,1,9,9,0,1,0,0,0,0,0,0,0
2,20000659,53,42660,033,006600,31.62,182361,127870,1.4261,136600,2515000,7,1,1,1,62.00,1,84,1,4.670,2515000,4055000,81,1,9,9,9,0,1,0,0,0,0,0,1,0
2,20000660,05,32820,035,030804,59.38,78258,78701,0.9944,84000,41505000,2,1,1,1,63.07,1,60,5,5.640,41505000,65805000,57,1,1,9,9,0,1,0,0,0,0,0,0,0
2,20000661,06,31080,037,124902,45.66,86250,101056,0.8535,105700,23545000,1,1,1,1,60.06,1,60,5,5.580,23545000,39205000,36,1,1,9,9,99,1,0,0,0,0,0,0,0
2,20000662,19,19780,153,011305,32.88,000000,102398,9999.0,111800,17315000,7,1,1,1,63.62,1,120,5,5.350,17315000,27215000,114,1,1,9,9,0,1,0,0,0,0,0,0,0
2,20000663,47,32820,157,001500,85.59,41250,78701,0.5241,84000,2555000,2,1,1,1,70.61,1,84,2,5.790,2555000,3625000,84,1,1,9,9,0,1,0,0,0,0,1,0,0
2,20000664,41,10540,043,030903,16.19,76175,81297,0.9370,84900,1245000,2,1,1,1,60.59,1,120,1,5.840,1245000,2055000,84,1,9,9,9,0,1,1,0,0,0,0,0,0
2,20000665,06,41940,085,501601,72.59,151083,172303,0.8768,180400,1605000,2,1,1,4,61.60,2,360,1,3.250,1605000,3835000,59,9,1,9,9,0,1,0,0,0,0,1,0,0
2,20000666,08,19740,031,002101,33.14,146719,119980,1.2229,130400,28505000,1,1,1,1,50.00,2,60,5,5.650,28505000,57005000,57,1,1,9,9,0,1,0,0,0,0,0,0,0
2,20000667,26,29620,065,004000,20.90,147679,90068,1.6396,91100,47405000,2,3,1,1,60.00,1,120,5,7.570,47405000,79005000,12,1,1,9,9,0,1,0,0,0,0,1,0,0
2,20000668,48,19100,113,013722,64.96,90271,99957,0.9031,107300,15345000,2,1,1,1,59.95,1,60,5,4.930,15345000,25605000,36,1,1,9,9,0,1,0,0,0,0,0,0,0
2,20000669,22,26380,109,000203,31.30,94464,75413,1.2526,79600,4125000,1,1,1,1,59.78,1,60,4,6.990,4125000,6905000,57,1,1,9,9,0,1,0,0,0,0,0,0,0
2,20000670,37,99999,193,960600,27.84,58780,67542,0.8703,73300,1365000,7,1,1,1,57.96,1,120,3,6.370,1365000,2355000,114,1,1,9,9,100,1,1,0,1,0,1,0,0
2,20000671,01,33860,101,002902,98.30,61250,77591,0.7894,82500,5175000,2,1,1,1,64.48,1,120,3,5.700,5175000,8035000,114,1,1,9,9,0,1,0,0,0,0,0,0,0
2,20000672,29,28140,095,014205,36.67,84572,99766,0.8477,103000,29835000,1,1,1,1,65.00,1,60,5,5.890,29835000,45905000,57,1,1,9,9,0,1,0,0,0,0,0,0,0
2,20000673,48,26420,339,692303,46.05,77273,92750,0.8331,95200,34175000,7,1,1,1,60.92,1,60,5,5.440,34175000,56105000,57,1,1,9,9,0,1,0,0,0,0,0,0,0
2,20000674,36,35620,061,020800,80.95,123833,113844,1.0877,119300,1655000,7,1,1,1,41.25,1,60,1,7.300,1655000,4005000,36,1,1,9,9,0,1,0,0,0,0,0,0,0
2,20000675,20,29940,045,000797,21.68,129792,101379,1.2803,102000,17505000,7,1,1,1,70.00,1,120,5,5.440,17505000,25005000,114,1,1,9,9,0,1,0,0,0,0,0,0,0
2,20000676,19,99999,179,960300,17.49,92500,82402,1.1226,86700,1385000,1,3,1,1,67.42,1,120,1,5.760,1385000,2055000,117,1,9,9,9,0,1,1,0,0,0,0,0,0
2,20000677,37,24660,157,041502,38.01,61885,76183,0.8123,80700,1125000,7,1,1,1,64.99,1,120,1,6.460,1125000,1725000,117,1,1,9,9,0,1,1,0,0,0,0,0,0
2,20000678,48,18580,355,005404,59.40,109442,77127,1.4190,75300,45605000,7,1,1,1,71.36,1,60,5,5.390,45605000,63905000,57,1,1,9,9,50,1,0,0,0,0,0,0,0
2,20000679,17,16980,031,803616,34.28,115369,106055,1.0878,109800,102605000,7,1,1,1,62.98,1,60,5,5.020,102605000,162905000,57,1,1,9,9,0,1,0,0,0,0,0,0,0
2,20000680,48,19100,121,020800,55.53,82880,99957,0.8292,107300,25325000,1,1,1,1,66.47,1,60,5,5.620,25325000,38105000,54,1,1,9,9,0,1,0,0,0,0,1,0,0
2,20000681,26,40980,145,010401,34.91,56765,71728,0.7914,74800,10205000,7,1,1,1,72.60,1,120,5,5.630,10205000,14055000,114,1,1,9,9,0,1,0,0,0,0,0,0,0
2,20000682,21,31140,111,011405,78.18,54014,88819,0.6081,95900,11505000,1,1,1,1,71.03,1,60,5,5.800,11505000,16205000,57,1,1,9,9,0,1,0,0,0,0,1,0,0
2,20000683,13,12060,121,010218,48.36,000000,98569,9999.0,106100,32615000,7,1,1,1,64.57,1,60,5,5.580,32615000,50505000,36,1,1,9,9,0,1,0,0,0,0,0,1,0
2,20000684,08,19740,031,002708,27.07,80729,119980,0.6729,130400,1365000,1,1,1,1,60.80,1,60,1,6.830,1365000,2255000,36,1,1,9,9,0,1,0,0,0,0,0,0,0
2,20000685,06,31080,059,086802,82.93,119519,101056,1.1827,105700,1725000,2,1,1,4,61.60,2,360,2,4.550,1755000,6955000,47,1,1,9,9,0,1,0,0,0,0,0,0,0
2,20000686,40,36420,027,201102,21.66,120625,84302,1.4309,89100,7035000,1,3,1,1,70.85,1,120,4,7.100,7035000,9935000,84,1,1,9,9,0,1,0,0,0,0,1,0,0
2,20000687,48,18580,355,005411,67.76,88568,77127,1.1483,75300,28145000,1,5,1,1,67.81,2,60,5,6.260,28145000,41505000,57,1,1,9,9,0,1,0,0,0,0,0,1,0
2,20000688,40,46140,143,009011,74.63,41823,83507,0.5008,85300,6775000,1,1,1,1,70.52,2,60,4,7.400,6775000,9605000,36,1,1,9,9,0,1,0,0,0,0,1,0,0
2,20000689,34,35620,013,007501,83.88,33724,113844,0.2962,119300,5435000,7,1,1,1,64.26,1,120,2,6.770,5435000,8455000,60,1,1,9,9,0,1,0,0,0,0,1,0,0
2,20000690,11,47900,001,002503,65.56,168698,144539,1.1672,152900,1625000,7,1,1,1,67.03,1,60,1,4.810,1625000,2425000,57,1,1,9,9,0,1,0,0,0,0,0,0,0
2,20000691,26,19820,125,171500,95.18,57071,93779,0.6086,97300,15175000,2,1,1,1,67.45,1,60,4,5.540,15175000,22505000,57,1,1,9,9,0,1,0,0,0,0,0,0,0
2,20000692,06,41940,085,511302,40.72,166591,172303,0.9669,180400,58915000,2,3,1,1,62.41,1,60,4,5.590,58915000,94405000,57,1,1,9,9,0,1,0,0,0,0,0,0,0
2,20000693,32,29820,003,003418,71.93,62864,82358,0.7633,87800,63355000,1,1,1,1,67.04,1,60,5,5.510,63355000,94505000,57,1,1,9,9,0,1,0,0,0,0,0,0,0
2,20000694,39,17410,035,196200,95.88,000000,90488,9999.0,97200,7195000,7,3,1,1,69.87,1,120,5,6.040,7195000,10305000,114,1,1,9,9,0,1,0,0,0,0,1,0,0
2,20000695,13,12020,059,001200,30.59,131989,85162,1.5499,90900,8645000,1,1,1,1,74.99,1,60,4,5.910,8645000,11525000,36,1,1,9,9,0,1,0,0,0,0,0,0,0
2,20000696,21,17140,037,051903,6.45,107344,97826,1.0973,103700,41545000,7,1,1,1,59.95,1,60,5,5.170,41545000,69305000,57,1,1,9,9,0,1,0,0,0,0,0,1,0
2,20000697,51,40060,041,100212,85.89,60609,104391,0.5806,110000,75415000,1,1,1,1,73.38,2,60,5,6.760,75415000,102775000,36,1,1,9,9,0,1,0,0,0,0,1,0,0
2,20000698,51,47260,095,080207,21.51,104435,95214,1.0969,100000,20935000,7,3,1,1,76.69,1,84,5,4.780,20935000,27305000,78,1,1,9,9,100,1,0,0,0,0,0,0,0
2,20000699,48,19100,113,007910,50.90,123095,99957,1.2315,107300,21615000,7,1,1,1,49.57,1,60,5,4.900,21615000,43605000,57,1,1,9,9,0,1,0,0,0,0,0,0,0
2,20000700,26,24340,081,013700,50.06,78526,93131,0.8432,98500,1125000,7,1,1,1,80.00,1,120,1,5.960,1125000,1405000,117,1,9,9,9,0,1,0,0,0,0,0,0,0
2,20000701,53,44060,063,003601,29.19,58676,88647,0.6619,98100,5345000,1,1,1,1,60.75,1,60,3,6.240,5345000,8805000,36,1,1,9,9,0,1,0,0,0,0,1,0,0
2,20000702,48,19100,113,007912,45.41,123625,99957,1.2368,107300,44345000,7,1,1,1,44.88,1,60,5,4.900,44345000,98805000,57,1,1,9,9,0,1,0,0,0,0,0,1,0
2,20000703,08,19740,031,001402,75.59,69107,119980,0.5760,130400,27725000,1,5,1,1,60.26,1,204,5,6.370,27725000,46005000,180,1,9,9,9,100,1,0,0,0,0,1,0,0
2,20000704,48,26420,039,660605,78.70,162823,92750,1.7555,95200,43405000,7,1,1,1,67.08,1,84,5,5.130,43405000,64705000,78,1,1,9,9,0,1,0,0,0,0,0,1,0
2,20000705,53,42660,033,030600,43.32,90625,127870,0.7087,136600,3525000,7,1,1,1,58.70,1,84,2,5.940,3525000,6005000,84,1,1,9,9,0,1,0,0,0,0,0,0,0
2,20000706,06,46700,095,251802,85.86,47006,110159,0.4267,113200,2595000,2,5,1,4,59.22,2,204,3,5.850,2665000,4505000,0,1,1,9,9,99,1,0,0,0,0,1,0,0
2,20000707,22,35380,051,028300,83.51,53188,81500,0.6526,87100,2695000,7,5,1,1,52.82,1,84,2,6.330,2695000,5105000,84,1,1,9,9,0,1,0,0,0,0,1,0,0
2,20000708,42,37980,101,000803,21.11,108864,108977,0.9990,114700,1045000,7,1,1,1,58.59,1,60,1,5.970,1045000,1775000,36,1,1,9,9,0,1,0,0,0,0,0,1,0
2,20000709,51,47900,153,900302,75.21,94453,144539,0.6535,152900,124645000,2,1,1,1,65.26,1,120,5,5.480,124645000,191005000,114,1,1,9,9,0,1,0,0,0,0,0,0,0
2,20000710,06,41860,013,381000,92.25,100181,154003,0.6505,166600,5505000,7,1,1,1,66.27,1,60,2,5.650,5505000,8305000,36,1,1,9,9,0,1,0,0,0,0,1,0,0
2,20000711,04,38060,013,105300,38.30,91933,93191,0.9865,101300,4565000,7,1,1,1,63.71,1,84,2,5.040,4565000,7175000,84,1,1,9,9,0,1,0,0,0,0,0,0,0
2,20000712,06,31080,037,576602,50.94,99708,101056,0.9867,105700,4305000,7,1,1,4,61.60,2,360,2,3.100,4355000,7305000,47,9,1,9,9,0,1,0,0,0,0,0,0,0
2,20000713,04,38060,013,111700,47.22,99126,93191,1.0637,101300,2505000,7,1,1,1,54.71,1,60,2,5.980,2505000,4575000,36,1,1,9,9,0,1,0,0,0,0,0,0,0
2,20000714,36,35620,061,003200,33.21,105129,113844,0.9235,119300,6545000,2,3,1,1,64.10,1,60,1,6.610,6545000,12305000,56,1,1,9,9,0,1,0,0,0,0,0,0,0
2,20000715,53,38900,011,040714,34.14,86276,110489,0.7809,116900,22835000,2,5,1,4,66.00,2,18,4,6.000,22685000,32805000,6,1,1,9,9,0,1,0,0,0,0,0,0,0
2,20000716,48,41700,029,181602,90.83,51290,85469,0.6001,89300,6875000,1,1,1,1,60.85,1,60,4,6.090,6875000,11305000,57,1,1,9,9,0,1,0,0,0,0,0,0,0
2,20000717,06,40900,067,000600,50.71,130144,106925,1.2172,113700,10905000,1,1,1,1,68.41,1,60,3,5.490,10905000,15935000,57,1,1,9,9,100,1,0,0,0,0,1,0,0
2,20000718,48,26420,201,410300,32.29,130975,92750,1.4121,95200,35305000,1,1,1,1,61.82,1,60,5,5.900,35305000,57105000,36,1,1,9,9,0,1,0,0,0,0,0,0,0
2,20000719,53,36500,067,010520,32.59,58116,106190,0.5473,116700,9385000,7,1,1,1,63.41,1,120,3,5.600,9385000,14805000,114,1,1,9,9,0,1,0,0,0,0,1,0,0
2,20000720,39,18140,049,006352,41.06,79438,97262,0.8167,103300,40395000,2,1,1,1,61.21,1,60,5,6.100,40395000,66005000,57,1,1,9,9,0,1,0,0,0,0,0,0,0
2,20000721,28,27140,049,010104,57.00,66638,76033,0.8764,80100,23185000,7,5,1,1,64.39,1,84,5,6.120,23185000,36005000,78,1,1,9,9,0,1,0,0,0,0,0,0,0
2,20000722,39,49660,155,921100,30.96,36619,72376,0.5060,74900,2485000,7,3,1,1,70.00,1,120,3,5.610,2485000,3555000,84,1,1,9,9,0,1,0,0,0,0,1,0,0
2,20000723,39,17410,035,141100,41.65,98700,90488,1.0908,97200,2505000,7,3,1,1,68.71,1,120,2,5.430,2505000,3655000,84,1,1,9,9,0,1,0,0,0,0,1,0,0
2,20000724,48,41700,029,180604,84.26,55464,85469,0.6489,89300,21055000,1,1,1,1,77.97,1,60,5,5.720,21055000,27005000,57,1,1,9,9,50,1,0,0,0,0,0,0,0
2,20000725,48,19100,439,113110,67.69,59420,99957,0.5945,107300,21925000,2,1,1,1,54.96,2,60,5,5.830,21925000,39905000,57,1,1,9,9,0,1,0,0,0,0,0,0,0
2,20000726,48,12420,491,020517,42.57,146447,115204,1.2712,126000,35575000,7,1,1,1,57.37,1,72,5,5.500,35575000,62005000,69,1,1,9,9,0,1,0,0,0,0,0,1,0
2,20000727,32,29820,003,005830,59.33,100100,82358,1.2154,87800,38385000,7,3,1,1,64.52,1,120,5,5.310,38385000,59505000,114,1,1,9,9,0,1,0,0,0,0,0,0,0
2,20000728,39,18140,049,007922,18.19,126193,97262,1.2975,103300,59015000,7,1,1,1,67.99,1,120,5,5.290,59015000,86805000,114,1,1,9,9,0,1,0,0,0,0,0,1,0
2,20000729,48,19100,397,040408,42.96,114091,99957,1.1414,107300,49635000,1,1,1,1,59.95,1,96,5,5.520,49635000,82805000,90,1,1,9,9,0,1,0,0,0,0,0,1,0
2,20000730,06,41860,075,015100,47.97,221583,154003,1.4388,166600,10505000,7,5,1,1,45.49,1,120,3,6.380,10505000,23085000,114,1,1,9,9,99,1,0,0,0,0,0,0,0
2,20000731,48,26420,201,312601,45.30,150233,92750,1.6198,95200,3305000,1,5,1,1,64.71,1,120,2,6.070,3305000,5105000,84,1,9,9,9,0,1,0,0,0,0,1,0,0
2,20000732,13,12060,121,009406,71.30,206250,98569,2.0924,106100,29265000,2,5,1,1,67.20,2,36,5,6.000,29265000,45705000,9,1,1,9,9,0,1,0,0,0,0,0,0,0
2,20000733,36,10580,083,051602,24.42,110579,109385,1.0109,117800,65735000,7,1,1,1,70.00,1,84,5,5.750,65735000,93905000,78,1,1,9,9,0,1,0,0,0,0,0,0,0
2,20000734,36,35620,119,000401,88.45,48583,113844,0.4268,119300,46405000,1,1,1,1,61.87,1,60,5,5.800,46405000,75005000,57,1,1,9,9,0,1,0,0,0,0,0,0,0
2,20000735,12,42700,055,960601,41.46,65000,62914,1.0332,70600,2625000,2,1,1,4,61.60,2,360,2,6.250,2625000,4375000,47,9,1,9,9,0,1,0,0,0,0,0,1,0
2,20000736,49,99999,003,960702,22.02,61875,87041,0.7109,109800,4295000,1,1,1,1,66.86,1,84,2,5.250,4295000,6435000,84,1,1,9,9,0,1,0,0,0,0,0,0,0
2,20000737,18,29200,157,010208,45.56,54806,80868,0.6777,83100,16015000,7,1,1,1,61.35,1,120,5,5.640,16015000,26105000,114,1,1,9,9,0,1,0,0,0,0,1,0,0
2,20000738,36,35620,005,035900,98.42,24838,113844,0.2182,119300,16835000,7,1,1,1,62.59,1,120,3,5.700,16835000,26905000,114,1,1,9,9,89,1,0,0,0,0,1,0,0
2,20000739,45,16700,019,003000,9.06,190526,96573,1.9729,105100,41345000,1,1,1,1,57.42,1,84,5,5.540,41345000,72005000,60,1,1,9,9,15,1,0,0,0,0,0,0,0
2,20000740,06,31080,037,186201,79.03,140347,101056,1.3888,105700,2895000,2,1,1,4,61.60,2,360,1,3.350,2895000,5475000,59,9,1,9,9,0,1,0,0,0,0,0,0,0
2,20000741,12,45300,057,013305,32.92,131107,84454,1.5524,92000,25825000,2,1,1,1,57.51,1,84,5,7.060,25825000,44905000,48,1,1,9,9,0,1,0,0,0,0,0,1,0
2,20000742,36,35620,081,003100,65.65,149250,113844,1.3110,119300,83985000,2,1,1,1,67.19,1,60,5,5.170,83985000,125005000,57,1,1,9,9,0,1,0,0,0,0,0,0,0
2,20000743,32,39900,031,001204,40.27,31992,98707,0.3241,101200,6045000,7,1,1,1,55.78,1,84,3,5.610,6045000,10845000,84,1,1,9,9,0,1,0,0,0,0,1,0,0
2,20000744,53,42660,033,020302,43.68,97434,127870,0.7620,136600,26035000,1,1,1,1,57.34,1,120,5,5.500,26035000,45405000,114,1,1,9,9,100,1,0,0,0,0,0,0,0
2,20000745,47,17300,125,102004,56.39,96524,74935,1.2881,85000,4835000,2,1,1,1,68.51,1,84,2,5.220,4835000,7055000,84,1,1,9,9,0,1,0,0,0,0,0,0,0
2,20000746,48,12420,453,042900,70.94,51909,115204,0.4506,126000,19985000,7,3,1,1,60.61,1,197,5,3.640,20005000,33005000,191,1,9,9,9,100,1,0,0,0,0,1,0,0
2,20000747,13,12060,227,050500,9.17,75688,98569,0.7679,106100,15115000,2,3,1,1,63.93,1,84,5,6.350,15115000,23655000,78,1,1,9,9,40,1,1,0,0,0,0,0,0
2,20000748,48,12420,209,010703,40.69,73671,115204,0.6395,126000,19395000,7,1,1,1,68.78,1,84,5,5.260,19395000,28205000,78,1,1,9,9,57,1,0,0,0,0,1,0,0
2,20000749,09,35300,170,154102,71.13,74782,105763,0.7071,110400,5645000,1,1,1,1,72.77,1,120,3,5.790,5645000,7755000,84,1,1,9,9,0,1,0,0,0,0,0,0,0
2,20000750,12,23540,001,001203,44.09,75028,82126,0.9136,92700,24965000,7,1,1,1,65.00,1,120,5,5.870,24965000,38405000,114,1,1,9,9,0,1,0,0,0,0,0,0,0
2,20000751,53,44060,063,013003,18.16,136154,88647,1.5359,98100,2755000,7,1,1,1,59.46,1,84,2,5.360,2755000,4625000,81,1,9,9,9,0,1,0,0,0,0,0,0,0
2,20000752,41,38900,067,031620,39.23,116875,110489,1.0578,116900,5405000,7,1,1,1,63.53,1,84,2,4.930,5405000,8505000,81,1,1,9,9,0,1,0,0,0,0,0,1,0
2,20000753,48,26420,201,510400,32.25,250001,92750,2.6954,95200,1055000,1,5,1,1,69.31,1,84,1,5.960,1055000,1525000,84,1,9,9,9,0,1,0,0,0,0,0,1,0
2,20000754,42,37980,029,305500,85.06,66295,108977,0.6083,114700,2815000,1,1,1,1,78.17,1,84,2,6.030,2815000,3605000,78,1,1,9,9,100,1,0,0,0,0,1,0,0
2,20000755,37,11700,021,002000,34.47,68514,83126,0.8242,86300,4975000,7,1,1,1,59.89,1,84,3,6.090,4975000,8305000,78,1,1,9,9,100,1,0,0,0,0,0,0,0
2,20000756,25,14460,017,383800,29.51,168465,134646,1.2512,142000,5095000,1,5,1,1,76.47,1,84,1,6.090,5095000,6665000,84,1,1,9,9,0,1,0,0,0,0,0,0,0
2,20000757,13,12060,121,001702,31.27,176719,98569,1.7929,106100,1585000,2,1,1,1,47.40,1,60,1,6.590,1585000,3355000,36,1,1,9,9,0,1,0,0,0,0,0,0,0
2,20000758,51,47900,510,200500,67.01,45469,144539,0.3146,152900,401925000,1,3,1,1,63.68,1,60,5,5.490,401925000,631205000,57,1,1,9,9,20,1,0,0,0,0,1,0,0
2,20000759,12,33100,011,091901,48.28,85947,80554,1.0670,87600,8985000,2,1,1,1,78.80,2,204,3,3.890,8985000,11405000,180,1,9,9,9,100,1,0,0,0,0,0,0,0
2,20000760,18,99999,017,951600,30.02,76866,77754,0.9886,81100,3115000,7,1,1,1,54.72,1,120,2,5.780,3115000,5705000,114,1,1,9,9,0,1,1,0,0,0,1,0,0
2,20000761,06,31080,037,650004,77.17,137059,101056,1.3563,105700,4375000,7,1,1,4,61.60,2,360,2,3.100,4375000,6705000,47,9,1,9,9,0,1,0,0,0,0,0,1,0
2,20000762,53,42660,053,073405,33.45,81135,127870,0.6345,136600,1615000,1,1,1,1,69.67,2,120,1,6.770,1615000,2315000,84,1,1,9,9,0,1,0,0,0,0,0,0,0
2,20000763,13,12060,121,010801,74.17,57793,98569,0.5863,106100,36215000,7,1,1,1,57.30,1,60,5,4.960,36215000,63205000,36,1,1,9,9,0,1,0,0,0,0,1,0,0
2,20000764,48,18580,355,005404,59.40,109442,77127,1.4190,75300,42845000,7,1,1,1,70.47,1,60,5,5.570,42845000,60805000,57,1,1,9,9,50,1,0,0,0,0,0,0,0
2,20000765,09,14860,190,043800,70.46,96413,135149,0.7134,145700,2155000,7,1,1,1,63.85,1,60,1,6.660,2155000,3375000,36,1,1,9,9,0,1,0,0,0,0,0,0,0
2,20000766,06,31080,037,621324,34.97,145993,101056,1.4447,105700,3615000,7,1,1,4,61.60,2,360,1,3.080,3865000,5245000,59,9,9,9,9,0,1,0,0,0,0,0,1,0
2,20000767,36,35620,047,044100,81.63,55552,113844,0.4880,119300,1535000,7,1,1,1,56.82,2,60,1,6.440,1535000,2705000,60,1,1,9,9,0,1,0,0,0,0,1,0,0
2,20000768,39,15940,151,702300,65.45,20920,79886,0.2619,85500,26995000,1,1,1,1,49.98,1,204,5,6.110,26995000,54005000,198,1,9,9,9,100,1,0,0,0,0,1,0,0
2,20000769,48,26420,201,240504,96.02,39732,92750,0.4284,95200,3705000,7,1,1,1,31.62,1,60,5,7.120,3705000,11705000,36,1,1,9,9,0,1,0,0,0,0,1,0,0
2,20000770,48,12420,453,002443,57.41,62273,115204,0.5406,126000,53215000,7,5,1,1,60.68,1,60,5,5.320,53215000,87705000,57,1,1,9,9,51,1,0,0,0,0,0,0,0
2,20000771,04,38060,013,216852,25.12,87750,93191,0.9416,101300,41245000,7,1,1,1,44.98,2,60,5,5.750,41245000,91705000,57,1,1,9,9,0,1,0,0,0,0,0,1,0
2,20000772,36,35620,103,158325,45.76,116624,113844,1.0244,119300,112005000,7,3,1,1,50.91,1,60,5,7.387,112005000,220005000,12,1,1,9,9,0,1,0,0,0,0,0,0,0
2,20000773,48,19100,439,113117,76.81,44044,99957,0.4406,107300,63275000,2,1,1,1,62.34,1,120,5,5.550,63275000,101505000,114,1,1,9,9,90,1,0,0,0,0,1,0,0
2,20000774,48,26420,157,672304,84.25,99821,92750,1.0762,95200,7715000,2,3,1,4,71.10,2,179,4,4.300,8055000,14305000,0,1,9,9,9,81,1,0,0,0,0,0,1,0
2,20000775,37,48900,141,920401,45.90,69492,91984,0.7555,102100,1375000,7,1,1,1,69.62,1,120,1,5.920,1375000,1975000,117,1,1,9,9,0,1,1,0,0,0,0,0,0
2,20000776,06,40900,061,020806,32.86,106477,106925,0.9958,113700,3605000,2,1,1,4,61.60,2,360,2,3.090,3605000,8005000,47,9,1,9,9,0,1,0,0,0,0,0,0,0
2,20000777,53,42660,061,041814,49.41,65195,127870,0.5099,136600,44165000,7,3,1,1,60.75,1,60,5,5.580,44165000,72705000,57,1,1,9,9,0,1,0,0,0,0,0,0,0
2,20000778,36,40380,055,010601,29.25,73664,93554,0.7874,96500,17775000,7,1,1,1,62.60,2,60,5,5.770,17775000,28405000,57,1,1,9,9,0,1,0,0,0,0,0,0,0
2,20000779,01,33660,097,006409,38.05,89302,70809,1.2612,78800,5005000,7,1,1,1,44.44,1,84,5,7.260,5005000,11255000,84,1,1,9,9,0,1,0,0,0,0,0,1,0
2,20000780,48,12420,453,040900,82.55,55908,115204,0.4853,126000,13815000,7,1,1,1,50.78,1,60,5,5.600,13815000,27205000,57,1,1,9,9,0,1,0,0,0,0,1,0,0
2,20000781,55,33340,079,101100,25.07,84286,97232,0.8669,102100,4135000,7,1,1,1,70.00,1,120,3,5.280,4135000,5915000,117,1,1,9,9,0,1,0,0,0,0,0,0,0
2,20000782,20,45820,177,000800,25.57,49030,85437,0.5739,87300,2285000,2,3,1,1,74.29,1,162,3,3.830,2285000,3085000,156,1,9,9,9,100,1,0,0,0,0,1,0,0
2,20000783,08,19740,031,003601,57.20,122727,119980,1.0229,130400,2105000,1,1,1,1,58.56,1,84,1,5.890,2105000,3605000,84,1,1,9,9,0,1,0,0,0,0,0,0,0
2,20000784,53,42660,053,072507,13.76,142560,127870,1.1149,136600,3275000,7,1,1,1,56.87,1,84,2,5.460,3275000,5755000,84,1,1,9,9,0,1,0,0,0,0,0,1,0
2,20000785,42,37980,101,036203,18.45,101735,108977,0.9336,114700,8405000,1,1,1,1,80.00,1,60,4,6.090,8405000,10505000,57,1,1,9,9,0,1,0,0,0,0,0,0,0
2,20000786,17,16980,031,842300,36.67,206250,106055,1.9448,109800,9275000,1,1,1,1,65.30,1,60,2,6.080,9275000,14205000,57,1,1,9,9,0,1,0,0,0,0,0,0,0
2,20000787,48,26420,201,432006,88.44,26321,92750,0.2838,95200,16185000,7,1,1,1,65.00,1,84,5,5.550,16185000,24905000,78,1,1,9,9,0,1,0,0,0,0,1,0,0
2,20000788,36,35620,119,001200,89.86,69310,113844,0.6088,119300,545000,2,3,1,1,64.10,1,60,1,6.120,555000,805000,35,1,9,9,9,0,1,0,0,0,0,1,0,0
2,20000789,40,36420,017,300600,31.79,71250,84302,0.8452,89100,8055000,7,1,1,1,70.00,1,60,5,5.710,8055000,11505000,57,1,9,9,9,0,1,1,0,0,0,0,0,0
2,20000790,48,19100,113,000703,27.62,187043,99957,1.8712,107300,56345000,7,1,1,1,60.00,1,60,5,5.540,56345000,93905000,57,1,1,9,9,0,1,0,0,0,0,0,1,0
2,20000791,48,19100,113,007832,94.21,41128,99957,0.4115,107300,2225000,1,5,1,1,60.99,1,60,2,4.730,2225000,3655000,60,1,1,9,9,0,1,0,0,0,0,1,0,0
2,20000792,13,12060,121,012000,92.81,26446,98569,0.2683,106100,2555000,7,1,1,1,63.75,1,120,1,6.630,2555000,4005000,84,1,1,9,9,0,1,0,0,0,0,1,0,0
2,20000793,13,12060,121,011636,76.90,100673,98569,1.0214,106100,43205000,7,1,1,1,64.67,1,60,5,5.010,43205000,66805000,36,1,1,9,9,0,1,0,0,0,0,0,1,0
2,20000794,17,16980,031,220500,39.22,130500,106055,1.2305,109800,3485000,7,1,1,1,67.08,1,120,1,5.510,3485000,5205000,84,1,1,9,9,0,1,0,0,0,0,0,0,0
2,20000795,48,28660,027,023113,82.75,57672,75208,0.7668,75800,1835000,7,1,1,1,59.32,1,120,3,7.020,1835000,3105000,84,1,1,9,9,0,1,0,0,0,0,0,0,0
2,20000796,08,14500,013,012610,31.06,56563,136591,0.4141,148400,13185000,7,1,1,1,57.49,1,84,2,5.970,13185000,22945000,78,1,1,9,9,0,1,0,0,0,0,1,0,0
2,20000797,48,21340,141,000404,91.10,26571,61466,0.4323,63100,2445000,1,1,1,1,46.91,1,60,4,6.910,2445000,5215000,36,1,1,9,9,0,1,0,0,0,0,1,0,0
2,20000798,06,31080,059,001604,56.44,171250,101056,1.6946,105700,23435000,7,3,1,1,42.00,1,84,5,7.186,23435000,55805000,12,1,1,9,9,100,1,0,0,0,0,0,0,0
2,20000799,18,26900,057,110405,22.64,79180,93688,0.8452,101200,25125000,7,3,1,1,60.53,1,120,5,5.610,25125000,41505000,114,1,1,9,9,0,1,0,0,0,0,0,0,0
2,20000800,37,39580,183,052812,37.96,122621,113293,1.0823,122300,26895000,7,1,1,1,62.98,1,60,5,5.460,26895000,42705000,57,1,1,9,9,0,1,0,0,0,0,0,0,0
2,20000801,06,31080,059,075806,67.48,84362,101056,0.8348,105700,6405000,1,1,1,1,63.81,1,216,2,6.650,6405000,10045000,180,1,9,9,9,98,1,0,0,0,0,0,0,0
2,20000802,36,35620,047,113000,98.23,56486,113844,0.4962,119300,5675000,2,5,1,1,66.73,2,360,3,4.630,5675000,8505000,180,1,9,9,9,99,1,0,0,0,0,1,0,0
2,20000803,48,26420,201,334101,85.43,55942,92750,0.6032,95200,13445000,7,1,1,1,59.70,1,60,5,5.210,13445000,22525000,57,1,1,9,9,100,1,0,0,0,0,0,0,0
2,20000804,53,42660,033,009100,77.89,37155,127870,0.2906,136600,12515000,7,5,1,1,58.64,1,203,4,4.610,12515000,21355000,197,1,9,9,9,99,1,0,0,0,0,1,0,0
2,20000805,06,40140,065,051200,53.40,84706,90585,0.9351,97500,4585000,2,1,1,1,54.16,1,180,3,6.330,4585000,8475000,174,1,1,9,9,99,1,0,0,0,0,0,0,0
2,20000806,53,42660,033,030006,70.77,67656,127870,0.5291,136600,30225000,2,1,1,1,78.30,2,180,5,3.570,30505000,36205000,119,1,9,9,9,99,1,0,0,0,0,1,0,0
2,20000807,26,11460,161,406000,37.57,229018,118144,1.9385,119500,76705000,1,1,1,1,64.51,1,84,5,5.750,76705000,118905000,78,1,1,9,9,0,1,0,0,0,0,0,0,0
2,20000808,06,41940,085,501902,69.23,152669,172303,0.8861,180400,4065000,2,1,1,4,61.60,2,360,1,3.350,4065000,6565000,59,9,1,9,9,0,1,0,0,0,0,0,0,0
2,20000809,39,17140,061,000700,38.48,141513,97826,1.4466,103700,4655000,7,3,1,1,47.35,1,60,3,6.250,4655000,9845000,57,1,1,9,9,0,1,0,0,0,0,0,1,0
2,20000810,51,40060,760,070902,85.97,45025,104391,0.4313,110000,27955000,7,1,1,1,65.00,1,84,5,5.750,27955000,43005000,78,1,1,9,9,0,1,0,0,0,0,1,0,0
2,20000811,36,35620,005,040302,98.21,41047,113844,0.3606,119300,1805000,1,1,1,1,67.93,1,60,1,6.500,1805000,2655000,60,1,1,9,9,0,1,0,0,0,0,1,0,0
2,20000812,36,15380,029,010202,66.95,80375,90767,0.8855,96900,34125000,7,1,1,1,58.78,1,60,5,6.180,34125000,58055000,57,1,1,9,9,0,1,0,0,0,0,0,0,0
2,20000813,48,26420,201,410201,37.73,163945,92750,1.7676,95200,65435000,2,1,1,1,63.52,1,60,5,5.190,65435000,103005000,57,1,1,9,9,50,1,0,0,0,0,0,1,0
2,20000814,08,19740,031,006814,51.78,64597,119980,0.5384,130400,72285000,7,3,1,1,63.97,1,84,5,6.556,72285000,113005000,12,1,1,9,9,0,1,0,0,0,0,0,0,0
2,20000815,06,31080,059,063905,37.92,129496,101056,1.2814,105700,21305000,7,1,1,1,52.56,1,120,4,7.960,21305000,40525000,6,1,1,9,9,0,1,0,0,0,0,0,1,0
2,20000816,18,14020,105,000402,23.82,79384,89082,0.8911,100900,8455000,7,1,1,1,35.36,1,60,5,5.530,8455000,23905000,36,1,1,9,9,0,1,0,0,0,0,0,0,0
2,20000817,48,26420,201,341001,58.02,102259,92750,1.1025,95200,46875000,7,1,1,1,69.24,1,60,5,4.830,46875000,67705000,57,1,1,9,9,0,1,0,0,0,0,0,0,0
2,20000818,11,47900,001,008200,22.86,250001,144539,1.7296,152900,6285000,7,1,1,1,69.46,1,120,2,4.990,6285000,9055000,117,1,1,9,9,0,1,0,0,0,0,0,1,0
2,20000819,34,37980,005,702913,47.17,98021,108977,0.8995,114700,55305000,1,1,1,1,70.00,1,60,5,5.700,55305000,79005000,57,1,1,9,9,0,1,0,0,0,0,0,0,0
2,20000820,18,21140,039,002900,30.48,72400,78757,0.9193,82000,20355000,2,1,1,1,66.53,1,120,5,4.280,20355000,30605000,114,1,9,9,9,20,1,0,0,0,0,1,0,0
2,20000821,18,26900,097,341904,75.03,93750,93688,1.0007,101200,27915000,1,1,1,1,59.90,1,60,5,5.760,27915000,46605000,48,1,1,9,9,0,1,0,0,0,0,1,0,0
2,20000822,08,17820,041,007700,26.44,108424,98394,1.1019,103700,1705000,1,1,1,1,50.09,1,60,1,6.850,1705000,3405000,36,1,9,9,9,0,1,0,0,0,0,0,0,0
2,20000823,06,41740,073,013203,93.34,51724,111734,0.4629,119500,11255000,2,1,1,1,60.00,1,60,3,5.200,11255000,18755000,54,1,1,9,9,0,1,0,0,0,0,1,0,0
2,20000824,06,42020,079,011202,24.01,157419,114196,1.3785,125600,9125000,1,1,1,1,50.43,1,60,2,6.200,9125000,18105000,57,1,1,9,9,15,1,0,0,0,0,1,0,0
2,20000825,29,28140,095,011702,31.94,42321,99766,0.4242,103000,1845000,7,1,1,1,68.30,1,120,2,6.290,1845000,2705000,117,1,1,9,9,3,1,0,0,0,0,1,0,0
2,20000826,51,47900,059,482506,69.78,97164,144539,0.6722,152900,22475000,2,1,1,1,58.90,1,201,4,3.710,22505000,38205000,195,1,9,9,9,100,1,0,0,0,0,0,0,0
2,20000827,21,31140,111,012105,25.58,74542,88819,0.8393,95900,13355000,7,1,1,1,59.61,1,84,5,6.619,13355000,22405000,12,1,1,9,9,0,1,0,0,0,0,0,0,0
2,20000828,35,10740,001,003739,48.32,99865,79295,1.2594,86400,36475000,7,1,1,1,70.00,1,60,5,4.930,36475000,52105000,57,1,1,9,9,0,1,0,0,0,0,0,0,0
2,20000829,12,35840,081,001907,32.62,81433,91784,0.8872,97000,35985000,1,1,1,1,54.53,1,60,5,7.167,35985000,66005000,12,1,1,9,9,0,1,0,0,0,0,0,1,0
2,20000830,28,99999,057,950300,26.03,59301,68647,0.8639,72900,2255000,1,1,1,1,70.50,1,120,2,5.870,2255000,3205000,84,1,1,9,9,0,1,1,0,0,0,0,1,0
2,20000831,06,31080,037,602202,90.33,89083,101056,0.8815,105700,2665000,2,1,1,4,61.60,2,360,1,3.500,2925000,4185000,35,9,9,9,9,0,1,0,0,0,0,0,0,0
2,20000832,06,41860,001,423601,38.14,189348,154003,1.2295,166600,1695000,1,1,1,4,61.60,2,360,1,3.400,1825000,2805000,59,9,9,9,9,0,1,0,0,0,0,0,1,0
2,20000833,17,16980,031,062100,24.23,211000,106055,1.9895,109800,3825000,7,1,1,1,62.24,1,60,1,6.300,3825000,6155000,57,1,1,9,9,0,1,0,0,0,0,0,0,0
2,20000834,17,16980,063,000200,18.71,122885,106055,1.1587,109800,5735000,7,1,1,1,69.94,1,60,3,6.170,5735000,8205000,36,1,9,9,9,0,1,1,0,0,0,0,1,0
2,20000835,36,35620,061,016500,22.65,250001,113844,2.1960,119300,38845000,2,1,1,1,80.08,1,360,3,4.330,38845000,48505000,180,1,9,9,9,99,1,0,0,0,0,0,1,0
2,20000836,06,31080,037,218702,92.04,54473,101056,0.5390,105700,2915000,2,1,1,1,59.39,1,60,1,6.480,2915000,4905000,60,1,1,9,9,0,1,0,0,0,0,1,0,0
2,20000837,18,26900,097,340500,70.13,55442,93688,0.5918,101200,21755000,1,1,1,1,55.92,1,60,5,5.760,21755000,38905000,48,1,1,9,9,0,1,0,0,0,0,1,0,0
2,20000838,37,16740,119,001504,87.33,50360,93744,0.5372,100300,18605000,1,3,1,4,71.48,2,216,5,3.700,18805000,26305000,216,1,9,9,9,51,1,0,0,0,0,1,0,0
2,20000839,16,17660,055,000401,13.42,72622,84489,0.8595,97300,3115000,1,1,1,1,63.59,1,120,3,5.630,3115000,4905000,114,1,1,9,9,89,1,0,0,0,0,0,0,0
2,20000840,20,28140,091,053502,47.15,47935,99766,0.4805,103000,12955000,7,1,1,1,64.44,2,84,5,6.280,12955000,20105000,78,1,1,9,9,99,1,0,0,0,0,1,0,0
2,20000841,47,28700,073,050601,10.13,90250,70079,1.2878,70300,10225000,7,1,1,1,70.00,1,60,3,5.670,10225000,14605000,57,1,1,9,9,0,1,0,0,0,0,0,0,0
2,20000842,12,36740,117,021706,47.87,93274,83343,1.1192,90400,38895000,7,3,1,1,58.92,1,84,5,5.240,38895000,66005000,78,1,1,9,9,0,1,0,0,0,0,0,0,0
2,20000843,36,48060,045,061600,18.30,87237,76693,1.1375,73100,57335000,7,1,1,1,70.00,1,60,5,5.560,57335000,81905000,57,1,1,9,9,0,1,1,0,0,0,0,0,0
2,20000844,12,33100,011,110337,90.48,66579,80554,0.8265,87600,47485000,1,1,1,1,62.94,1,60,5,6.270,47485000,75455000,36,1,1,9,9,0,1,0,0,0,0,0,0,0
2,20000845,48,26420,201,541301,83.63,86683,92750,0.9346,95200,24235000,7,1,1,1,60.44,1,120,5,5.810,24235000,40105000,114,1,1,9,9,50,1,0,0,0,0,0,0,0
2,20000846,08,19740,001,009606,72.14,80667,119980,0.6723,130400,1795000,1,1,1,1,51.91,1,60,1,5.810,1795000,3455000,36,1,1,9,9,0,1,0,0,0,0,1,0,0
2,20000847,37,16740,071,032802,46.33,70200,93744,0.7489,100300,2945000,2,3,1,4,71.10,2,184,3,.159,3005000,999999999,0,1,1,9,9,0,1,0,0,0,0,1,0,0
2,20000848,45,24860,045,001204,39.13,73712,82045,0.8984,84700,36505000,7,1,1,1,70.35,1,60,5,5.100,36505000,51905000,57,1,1,9,9,0,1,0,0,0,0,0,0,0
2,20000849,48,12420,491,020406,49.54,69963,115204,0.6073,126000,52525000,1,1,1,1,75.00,1,60,5,5.530,52525000,70035000,57,1,1,9,9,50,1,0,0,0,0,0,0,0
2,20000850,37,39580,183,052603,11.38,233920,113293,2.0647,122300,23825000,7,1,1,1,54.02,1,60,5,5.910,23825000,44105000,57,1,1,9,9,0,1,0,0,0,0,0,0,0
2,20000851,41,38900,051,001102,24.84,181625,110489,1.6438,116900,3045000,2,5,1,1,62.12,1,120,1,5.110,3045000,4905000,117,1,1,9,9,0,1,0,0,0,0,0,0,0
2,20000852,09,35300,170,154102,71.13,74782,105763,0.7071,110400,4475000,1,1,1,1,76.20,1,120,2,5.800,4475000,5875000,84,1,1,9,9,0,1,0,0,0,0,0,0,0
2,20000853,48,19100,439,106518,75.96,62690,99957,0.6272,107300,14135000,7,3,1,1,55.00,1,84,5,5.939,14135000,25705000,12,1,1,9,9,0,1,0,0,0,0,0,0,0
2,20000854,51,47900,153,900701,82.65,101091,144539,0.6994,152900,93195000,7,1,1,1,68.03,1,120,5,4.900,93195000,137005000,114,1,1,9,9,0,1,0,0,0,0,0,0,0
2,20000855,39,45780,095,002100,54.44,70109,81518,0.8600,87700,9805000,2,1,1,1,70.00,1,120,5,5.530,9805000,14005000,114,1,1,9,9,100,1,0,0,0,0,1,0,0
2,20000856,24,37980,015,030503,30.12,74354,108977,0.6823,114700,4735000,2,1,1,1,78.09,1,204,3,4.740,4735000,6065000,180,1,1,9,9,90,1,0,0,0,0,0,0,0
2,20000857,01,13820,117,030221,31.24,147159,87341,1.6849,94200,35915000,2,1,1,1,52.13,1,84,5,6.679,35915000,68905000,12,1,1,9,9,0,1,0,0,0,0,0,1,0
2,20000858,39,15940,151,700200,43.12,26154,79886,0.3274,85500,11795000,1,1,1,1,54.36,1,204,5,6.160,11795000,21705000,198,1,9,9,9,99,1,0,0,0,0,1,0,0
2,20000859,17,16980,031,430102,97.52,66556,106055,0.6276,109800,1865000,7,1,1,1,75.00,1,84,1,6.710,1865000,2485000,84,1,1,9,9,0,1,0,0,0,0,1,0,0
2,20000860,34,35620,013,018900,95.95,58415,113844,0.5131,119300,24915000,7,1,1,1,60.02,1,60,4,5.820,24915000,41505000,57,1,1,9,9,0,1,0,0,0,0,0,0,0
2,20000861,18,21780,163,001800,22.55,113750,82873,1.3726,81400,23565000,1,1,1,1,64.11,1,60,5,6.090,23565000,36755000,57,1,1,9,9,0,1,0,0,0,0,0,0,0
2,20000862,48,19100,121,021532,49.01,93262,99957,0.9330,107300,39995000,7,1,1,1,64.20,1,60,5,5.080,39995000,62305000,36,1,1,9,9,0,1,0,0,0,0,0,1,0
2,20000863,39,17410,035,197900,65.62,33958,90488,0.3753,97200,6085000,2,3,1,1,87.04,1,204,3,4.330,6095000,7005000,180,1,9,9,9,90,1,0,0,0,0,1,0,0
2,20000864,06,31080,037,208401,96.63,47500,101056,0.4700,105700,3655000,1,5,1,1,58.03,1,84,2,6.890,3655000,6295000,84,1,1,9,9,0,1,0,0,0,0,1,0,0
2,20000865,48,28660,027,021501,60.68,57708,75208,0.7673,75800,19225000,1,1,1,1,70.41,1,204,5,5.920,19225000,27305000,198,1,9,9,9,100,1,0,0,0,0,0,0,0
2,20000866,06,31080,037,302401,52.62,55100,101056,0.5452,105700,3455000,2,1,1,4,61.60,2,360,1,3.250,3455000,5755000,59,9,1,9,9,0,1,0,0,0,0,0,0,0
2,20000867,39,17140,061,027000,89.05,28696,97826,0.2933,103700,2005000,1,1,1,1,72.99,1,120,2,6.610,2005000,2745000,117,1,9,9,9,0,1,0,0,0,0,1,0,0
2,20000868,49,36260,011,126406,21.13,95399,102427,0.9314,109800,1475000,2,1,1,1,62.29,1,84,1,5.920,1475000,2365000,84,1,1,9,9,0,1,0,0,0,0,0,0,0
2,20000869,12,48680,119,910100,32.88,81382,82977,0.9808,88300,37505000,1,1,1,1,60.19,1,66,5,5.090,37505000,62305000,63,1,1,9,9,0,1,1,0,0,0,0,0,0
2,20000870,27,33460,163,071019,27.78,191861,119274,1.6086,123700,38965000,2,1,1,1,87.45,1,180,5,3.880,38965000,44555000,174,1,1,9,9,100,1,0,0,0,0,0,0,0
2,20000871,17,16980,031,770201,32.76,98869,106055,0.9322,109800,22885000,2,1,1,1,65.00,1,60,5,5.930,22885000,35205000,36,1,1,9,9,0,1,0,0,0,0,0,0,0
2,20000872,06,32900,047,001601,92.99,37470,70798,0.5293,78500,5385000,1,1,1,1,59.39,1,60,4,5.580,5385000,9065000,36,1,1,9,9,98,1,0,0,0,0,1,0,0
2,20000873,12,36740,117,021708,50.41,105949,83343,1.2712,90400,108795000,7,5,1,1,63.96,1,120,5,5.490,108795000,170105000,114,1,1,9,9,0,1,0,0,0,0,0,0,0
2,20000874,04,38060,013,092720,62.89,74968,93191,0.8045,101300,60905000,2,1,1,1,67.00,1,60,5,5.230,60905000,90905000,57,1,1,9,9,0,1,0,0,0,0,0,1,0
2,20000875,17,16980,031,040401,30.94,115133,106055,1.0856,109800,1945000,2,1,1,1,62.21,1,60,1,6.010,1945000,3125000,57,1,1,9,9,0,1,0,0,0,0,0,1,0
2,20000876,04,38060,013,108602,54.87,76500,93191,0.8209,101300,39375000,2,1,1,4,78.30,2,187,5,3.440,42005000,52305000,120,1,9,9,9,100,1,0,0,0,0,0,0,0
2,20000877,53,99999,025,011102,46.46,49867,82373,0.6054,90000,7265000,1,1,1,1,59.04,1,120,3,5.500,7265000,12305000,114,1,1,9,9,100,1,1,0,0,0,0,0,0
2,20000878,48,19100,121,021100,44.20,80917,99957,0.8095,107300,27365000,7,1,1,1,65.16,1,120,5,5.330,27365000,42005000,114,1,1,9,9,0,1,0,0,0,0,1,0,0
2,20000879,36,35620,081,103202,57.05,86631,113844,0.7610,119300,10405000,2,1,1,1,46.22,1,360,4,5.520,10405000,22505000,180,1,9,9,9,99,1,0,0,0,0,0,0,0
2,20000880,04,38060,013,104207,35.05,77364,93191,0.8302,101300,20505000,7,1,1,1,46.28,1,84,5,5.160,20505000,44305000,60,1,1,9,9,0,1,0,0,0,0,0,0,0
2,20000881,13,12060,045,911001,29.67,106116,98569,1.0766,106100,4445000,1,1,1,1,72.90,1,84,3,5.770,4445000,6105000,60,1,1,9,9,99,1,1,0,0,0,0,0,0
2,20000882,48,12420,209,010307,60.63,31359,115204,0.2722,126000,31055000,1,1,1,1,58.70,1,60,5,5.700,31055000,52905000,54,1,1,9,9,0,1,0,0,0,0,1,0,0
2,20000883,13,12060,089,021914,81.83,59213,98569,0.6007,106100,8355000,2,5,1,1,64.23,1,174,4,3.940,8355000,13005000,168,1,1,9,9,100,1,0,0,0,0,1,0,0
2,20000884,21,30460,067,001900,50.17,25595,89904,0.2847,95200,30805000,1,1,1,1,66.38,1,60,5,5.210,30805000,46405000,57,1,1,9,9,0,1,0,0,0,0,1,0,0
2,20000885,06,41860,001,420200,63.36,157019,154003,1.0196,166600,3425000,7,1,1,4,61.60,2,360,1,3.300,3755000,5205000,47,9,9,9,9,0,1,0,0,0,0,0,1,0
2,20000886,48,26420,201,510601,48.67,156667,92750,1.6891,95200,38825000,2,1,1,1,60.29,1,120,5,5.450,38825000,64405000,114,1,1,9,9,50,1,0,0,0,0,0,1,0
2,20000887,12,36740,095,017023,56.00,53118,83343,0.6373,90400,56225000,7,3,1,1,60.00,1,84,5,5.939,56225000,93705000,12,1,1,9,9,0,1,0,0,0,0,0,0,0
2,20000888,47,34980,149,041700,35.36,60843,96905,0.6279,104700,16445000,1,1,1,1,64.96,1,60,5,5.960,16445000,25305000,57,1,1,9,9,0,1,0,0,0,0,0,0,0
2,20000889,05,99999,139,950900,74.84,32962,64484,0.5112,68500,1115000,7,1,1,1,68.23,1,180,3,6.360,1115000,1645000,174,1,9,9,9,99,1,1,1,0,0,1,0,0
2,20000890,37,39580,183,053112,29.67,122328,113293,1.0798,122300,39995000,7,3,1,1,62.30,1,120,5,5.030,39995000,64205000,114,1,1,9,9,0,1,0,0,0,0,0,1,0
2,20000891,04,38060,013,107202,86.35,57188,93191,0.6137,101300,2845000,2,1,1,1,66.05,1,84,1,4.930,2845000,4305000,84,1,1,9,9,0,1,0,0,0,0,1,0,0
2,20000892,12,33100,086,000720,96.07,65032,80554,0.8073,87600,6545000,7,1,1,1,55.00,1,60,3,7.060,6545000,11905000,60,1,1,9,9,0,1,0,0,0,0,1,0,0
2,20000893,48,19100,439,106514,77.06,98167,99957,0.9821,107300,24625000,7,3,1,1,62.97,1,84,5,5.756,24625000,39105000,12,1,1,9,9,0,1,0,0,0,0,0,0,0
2,20000894,13,12060,067,030344,75.99,57763,98569,0.5860,106100,15005000,1,1,1,1,75.00,1,60,4,5.200,15005000,20005000,57,1,1,9,9,0,1,0,0,0,0,0,0,0
2,20000895,42,99999,085,033200,48.18,21055,76303,0.2759,77300,18235000,1,5,1,4,107.02,2,203,4,5.200,18305000,17105000,118,1,9,9,9,100,1,0,0,0,0,1,0,0
2,20000896,04,38060,013,421501,70.88,42885,93191,0.4602,101300,1385000,7,1,1,1,60.39,1,84,1,5.940,1385000,2305000,84,1,1,9,9,0,1,0,0,0,0,1,0,0
2,20000897,45,16700,019,001902,20.28,106705,96573,1.1049,105100,18985000,1,1,1,1,65.00,1,84,4,5.950,18985000,29205000,78,1,1,9,9,0,1,0,0,0,0,0,1,0
2,20000898,42,37980,017,100811,41.54,95929,108977,0.8803,114700,24835000,1,1,1,1,75.00,1,60,5,5.530,24835000,33115000,57,1,1,9,9,100,1,0,0,0,0,0,1,0
2,20000899,36,35620,005,042100,92.37,44759,113844,0.3932,119300,1785000,1,1,1,1,63.75,2,60,2,6.500,1785000,2805000,60,1,1,9,9,0,1,0,0,0,0,1,0,0
2,20000900,19,19780,153,004702,43.44,44427,102398,0.4339,111800,17275000,1,5,1,1,67.47,1,84,5,5.450,17275000,25605000,78,1,1,9,9,0,1,0,0,0,0,1,0,0
2,20000901,39,18140,045,032703,71.45,86250,97262,0.8868,103300,22945000,7,3,1,1,65.00,1,60,5,5.970,22945000,35305000,36,1,1,9,9,0,1,0,0,0,0,0,0,0
2,20000902,04,29420,015,951401,23.79,91806,64283,1.4282,68200,17965000,2,1,1,1,68.03,1,120,5,5.520,17965000,26405000,114,1,1,9,9,0,1,1,0,0,0,0,0,0
2,20000903,53,42660,053,073122,39.23,123384,127870,0.9649,136600,18015000,2,1,1,1,62.67,1,60,3,5.550,18015000,28755000,57,1,1,9,9,0,1,0,0,0,0,0,1,0
2,20000904,12,19660,127,092500,42.12,71831,77045,0.9323,83900,18805000,1,1,1,1,80.00,1,84,5,5.820,18805000,23505000,60,1,1,9,9,0,1,0,0,0,0,0,0,0
2,20000905,42,37980,091,201706,26.33,130192,108977,1.1947,114700,4865000,7,1,1,1,70.00,1,84,2,5.400,4865000,6955000,84,1,1,9,9,0,1,0,0,0,0,0,0,0
2,20000906,18,26900,011,810601,15.73,121684,93688,1.2988,101200,27505000,2,3,1,1,86.75,1,205,5,4.390,27505000,31705000,199,1,1,9,9,100,1,1,0,0,0,0,1,0
2,20000907,18,26900,097,320400,40.98,84632,93688,0.9033,101200,26005000,7,5,1,1,66.00,1,24,5,6.000,26005000,41205000,9,1,1,9,9,0,1,0,0,0,0,0,1,0
2,20000908,12,45300,057,012103,70.19,64022,84454,0.7581,92000,26735000,2,3,1,1,61.60,1,84,5,5.756,26735000,43405000,12,1,1,9,9,0,1,0,0,0,0,0,0,0
2,20000909,48,26420,339,693102,64.90,80221,92750,0.8649,95200,1315000,7,1,1,1,69.05,1,84,1,5.940,1315000,1905000,84,1,1,9,9,0,1,0,0,0,0,0,1,0
2,20000910,53,42660,053,073301,31.33,82734,127870,0.6470,136600,1155000,1,1,1,1,56.84,1,60,1,6.690,1155000,2025000,36,1,1,9,9,0,1,0,0,0,0,0,0,0
2,20000911,28,25060,047,003311,30.14,65292,72242,0.9038,76800,56215000,7,1,1,1,62.95,2,84,5,5.640,56215000,89305000,78,1,1,9,9,0,1,0,0,0,0,0,0,0
2,20000912,17,16980,031,824800,85.00,70114,106055,0.6611,109800,1625000,7,1,1,1,75.00,1,60,2,5.760,1625000,2165000,60,1,9,9,9,0,1,0,0,0,0,1,0,0
2,20000913,13,99999,031,110500,30.40,68405,72633,0.9418,71200,46885000,7,1,1,1,61.60,2,60,5,6.090,46885000,76105000,54,1,1,9,9,0,1,1,0,0,1,0,0,0
2,20000914,34,35620,029,723100,24.05,137273,113844,1.2058,119300,21625000,2,1,1,1,68.42,1,120,4,5.350,21625000,31605000,114,1,1,9,9,99,1,0,0,0,0,0,0,0
2,20000915,17,16980,031,210602,67.50,95972,106055,0.9049,109800,1915000,7,1,1,1,69.84,1,60,1,5.440,1915000,2735000,36,1,1,9,9,0,1,0,0,0,0,0,1,0
2,20000916,48,19100,085,031412,33.71,121806,99957,1.2186,107300,32545000,1,1,1,1,52.15,1,84,5,5.540,32545000,62405000,60,1,1,9,9,0,1,0,0,0,0,0,0,0
2,20000917,06,31080,037,302504,45.58,54300,101056,0.5373,105700,3185000,7,1,1,4,61.60,2,360,1,3.150,3215000,4905000,47,9,1,9,9,0,1,0,0,0,0,1,0,0
2,20000918,36,35620,059,416702,21.60,141218,113844,1.2405,119300,3795000,7,1,1,1,59.31,1,60,2,6.950,3795000,6405000,36,1,1,9,9,0,1,0,0,0,0,0,0,0
2,20000919,06,31080,037,211410,92.83,53393,101056,0.5284,105700,1855000,7,1,1,4,61.60,2,360,1,3.400,1855000,3405000,59,9,1,9,9,0,1,0,0,0,0,0,1,0
2,20000920,06,41860,075,030301,55.58,215417,154003,1.3988,166600,1195000,2,1,1,1,57.64,1,84,1,5.340,1195000,2085000,84,1,1,9,9,0,1,0,0,0,0,0,1,0
2,20000921,12,36740,095,017302,54.06,57659,83343,0.6918,90400,8745000,7,1,1,1,71.66,1,60,2,5.560,8745000,12205000,57,1,1,9,9,0,1,0,0,0,0,0,0,0
2,20000922,45,16700,019,003113,64.20,59188,96573,0.6129,105100,42005000,1,1,1,1,70.00,1,84,5,5.390,42005000,60005000,78,1,1,9,9,0,1,0,0,0,0,0,0,0
2,20000923,04,38060,013,108501,45.82,74394,93191,0.7983,101300,3195000,7,1,1,1,61.35,1,84,1,6.270,3195000,5205000,84,1,1,9,9,0,1,0,0,0,0,0,0,0
2,20000924,41,38900,067,030600,24.53,120926,110489,1.0945,116900,4665000,7,1,1,1,63.61,1,60,2,5.940,4665000,7345000,60,1,1,9,9,0,1,0,0,0,0,0,0,0
2,20000925,48,12420,453,001503,40.48,97321,115204,0.8448,126000,3705000,7,1,1,1,66.18,1,60,2,5.180,3705000,5605000,36,1,1,9,9,0,1,0,0,0,0,0,1,0
2,20000926,06,47300,107,004103,90.49,49489,67525,0.7329,72000,3545000,1,1,1,1,57.15,1,60,3,5.580,3545000,6205000,36,1,1,9,9,99,1,0,0,0,0,0,0,0
2,20000927,47,28940,093,004900,18.43,79792,84160,0.9481,89000,60245000,7,1,1,1,63.75,1,60,5,5.530,60245000,94505000,57,1,1,9,9,0,1,0,0,0,0,0,0,0
2,20000928,24,12580,510,020300,27.75,164792,118479,1.3909,122200,55305000,1,1,1,1,70.00,1,60,5,5.470,55305000,79005000,57,1,1,9,9,0,1,0,0,0,0,0,0,0
2,20000929,34,12100,001,012801,32.78,82222,91891,0.8948,100500,12745000,2,1,1,1,70.00,1,60,4,5.550,12745000,18205000,57,1,1,9,9,0,1,0,0,0,0,0,0,0
2,20000930,45,16700,019,002612,46.82,74356,96573,0.7700,105100,32635000,7,1,1,1,65.00,1,60,5,5.290,32635000,50205000,57,1,1,9,9,75,1,0,0,0,0,0,0,0
2,20000931,08,19740,005,005552,52.91,56053,119980,0.4672,130400,3235000,1,1,1,1,63.39,1,60,2,5.320,3235000,5105000,60,1,1,9,9,0,1,0,0,0,0,1,0,0
2,20000932,18,26900,097,320902,73.23,63601,93688,0.6789,101200,29515000,2,1,1,1,58.55,1,60,5,5.060,29515000,50405000,57,1,1,9,9,0,1,0,0,0,0,1,0,0
2,20000933,04,22380,005,000200,29.46,123700,86862,1.4241,85900,4975000,2,3,1,4,71.10,2,196,3,4.350,5025000,8195000,0,1,9,9,9,88,1,0,0,0,0,1,1,0
2,20000934,25,14460,017,354000,34.87,227361,134646,1.6886,142000,13135000,7,1,1,1,53.60,1,60,2,6.000,13135000,24505000,57,1,1,9,9,0,1,0,0,0,0,0,0,0
2,20000935,06,31080,037,620521,55.27,137334,101056,1.3590,105700,1785000,2,1,1,4,61.60,2,360,1,3.300,1935000,3805000,59,9,9,9,9,0,1,0,0,0,0,0,1,0
2,20000936,48,19100,085,031672,56.74,96445,99957,0.9649,107300,65625000,1,1,1,1,62.86,1,60,5,5.730,65625000,104405000,57,1,1,9,9,0,1,0,0,0,0,0,1,0
2,20000937,39,18140,049,007115,66.56,75210,97262,0.7733,103300,21615000,7,1,1,1,68.39,1,60,5,4.970,21615000,31605000,57,1,1,9,9,0,1,0,0,0,0,1,0,0
2,20000938,29,41180,183,311124,21.43,135580,97901,1.3849,103200,51225000,1,1,1,1,71.95,1,84,5,5.560,51225000,71205000,78,1,1,9,9,0,1,0,0,0,0,0,0,0
2,20000939,17,16980,031,030200,32.27,176100,106055,1.6605,109800,2605000,7,1,1,1,49.64,1,60,2,6.250,2605000,5255000,36,1,1,9,9,0,1,0,0,0,0,0,0,0
2,20000940,48,19100,113,013627,59.49,66522,99957,0.6655,107300,28105000,1,1,1,1,64.60,1,60,5,4.860,28105000,43505000,57,1,1,9,9,0,1,0,0,0,0,0,1,0
2,20000941,11,47900,001,005004,58.46,134310,144539,0.9292,152900,30475000,7,1,1,1,66.97,1,120,4,5.050,30475000,45505000,114,1,1,9,9,0,1,0,0,0,0,0,0,0
2,20000942,06,31080,037,212202,95.06,63804,101056,0.6314,105700,3065000,2,1,1,4,61.60,2,360,2,3.550,3345000,5145000,47,9,9,9,9,0,1,0,0,0,0,1,0,0
2,20000943,37,16740,119,003109,85.97,53219,93744,0.5677,100300,74905000,7,3,1,1,57.71,1,84,5,5.560,74905000,129805000,78,1,1,9,9,0,1,0,0,0,0,1,0,0
2,20000944,48,19100,439,113715,43.79,137500,99957,1.3756,107300,39455000,1,1,1,1,62.28,1,84,5,5.620,39455000,63355000,78,1,1,9,9,0,1,0,0,0,0,0,1,0
2,20000945,17,16980,031,241100,49.47,116250,106055,1.0961,109800,1155000,7,1,1,1,69.16,1,60,1,6.050,1155000,1675000,57,1,1,9,9,0,1,0,0,0,0,0,0,0
2,20000946,53,38900,011,042700,46.07,59901,110489,0.5421,116900,2355000,7,1,1,1,59.34,1,84,1,5.780,2355000,3965000,84,1,1,9,9,0,1,0,0,0,0,1,0,0
2,20000947,48,28660,027,022300,70.03,35388,75208,0.4705,75800,3165000,7,1,1,1,60.29,1,60,3,6.630,3165000,5255000,36,1,1,9,9,0,1,0,0,0,0,1,0,0
2,20000948,06,40140,065,040814,72.54,77027,90585,0.8503,97500,68335000,1,1,1,1,68.13,1,60,5,5.090,68335000,100305000,57,1,1,9,9,0,1,0,0,0,0,0,0,0
2,20000949,53,38900,011,041700,46.22,63045,110489,0.5706,116900,5485000,1,1,1,1,72.84,1,60,3,6.620,5485000,7535000,36,1,1,9,9,0,1,0,0,0,0,1,0,0
2,20000950,27,33460,053,026907,19.07,149464,119274,1.2531,123700,8555000,1,3,1,1,73.52,1,84,3,5.990,8555000,11635000,78,1,1,9,9,100,1,0,0,0,0,0,0,0
2,20000951,37,39580,183,053435,25.74,161905,113293,1.4291,122300,34425000,7,1,1,1,59.46,1,84,5,6.410,34425000,57905000,78,1,1,9,9,0,1,0,0,0,0,0,0,0
2,20000952,42,37980,101,038800,42.08,154527,108977,1.4180,114700,3155000,7,1,1,1,70.00,1,60,2,5.270,3155000,4505000,36,1,1,9,9,0,1,0,0,0,0,0,1,0
2,20000953,12,45300,057,011506,46.32,134375,84454,1.5911,92000,10205000,7,3,1,1,47.92,1,60,4,6.150,10205000,21305000,57,1,1,9,9,0,1,0,0,0,0,0,1,0
2,20000954,41,38900,067,032604,41.54,106392,110489,0.9629,116900,2885000,7,1,1,1,64.11,1,60,1,6.500,2885000,4505000,36,1,1,9,9,0,1,0,0,0,0,0,1,0
2,20000955,26,19820,125,160900,82.18,64362,93779,0.6863,97300,18445000,2,1,1,1,60.07,1,60,5,5.440,18445000,30705000,57,1,1,9,9,0,1,0,0,0,0,0,0,0
2,20000956,37,49180,067,003312,27.82,91458,76701,1.1924,81900,32455000,7,5,1,1,63.27,1,84,5,5.500,32455000,51305000,78,1,1,9,9,0,1,0,0,0,0,0,0,0
2,20000957,06,31080,037,573201,95.07,53802,101056,0.5324,105700,4435000,7,1,1,4,61.60,2,360,2,3.500,4755000,6505000,59,9,9,9,9,0,1,0,0,0,0,1,0,0
2,20000958,12,33100,086,000212,91.27,43355,80554,0.5382,87600,1625000,7,1,1,1,70.00,1,60,1,5.340,1625000,2325000,60,1,1,9,9,0,1,0,0,0,0,1,0,0
2,20000959,13,12060,077,170310,35.45,104856,98569,1.0638,106100,12815000,7,1,1,1,70.00,1,60,4,5.550,12815000,18305000,57,1,1,9,9,100,1,0,0,0,0,0,0,0
2,20000960,39,17140,017,010906,53.26,76667,97826,0.7837,103700,45005000,7,3,1,1,71.00,2,84,5,5.499,45005000,58505000,12,1,1,9,9,0,1,0,0,0,0,0,0,0
2,20000961,12,33100,011,010601,37.95,163992,80554,2.0358,87600,39255000,2,3,1,1,51.85,1,60,5,6.150,39255000,75705000,57,1,1,9,9,0,1,0,0,0,0,0,1,0
2,20000962,08,19740,059,011401,52.89,54655,119980,0.4555,130400,3225000,7,1,1,1,62.60,1,60,1,5.840,3225000,5155000,36,1,1,9,9,0,1,0,0,0,0,1,0,0
2,20000963,48,41700,029,171927,82.42,78229,85469,0.9153,89300,33605000,7,1,1,1,64.01,1,120,5,7.137,33605000,52505000,12,1,1,9,9,0,1,0,0,0,0,0,0,0
2,20000964,41,38900,005,022502,21.54,88048,110489,0.7969,116900,10645000,7,1,1,1,61.54,1,60,3,5.290,10645000,17305000,57,1,1,9,9,0,1,0,0,0,0,0,0,0
2,20000965,45,17900,079,010411,82.44,59038,81690,0.7227,86300,26595000,2,1,1,1,65.99,1,84,5,5.010,26595000,40305000,78,1,1,9,9,0,1,0,0,0,0,1,0,0
2,20000966,06,41860,001,432601,81.00,87083,154003,0.5655,166600,1895000,2,1,1,4,61.60,2,360,2,3.150,1895000,7505000,47,9,1,9,9,0,1,0,0,0,0,0,0,0
2,20000967,48,41700,029,141300,86.09,59351,85469,0.6944,89300,5205000,7,1,1,1,65.72,1,84,3,6.440,5205000,7925000,84,1,1,9,9,0,1,0,0,0,0,0,0,0
2,20000968,37,16740,119,005834,32.82,120729,93744,1.2879,100300,28705000,2,3,1,1,52.19,1,84,5,5.756,28705000,55005000,12,1,1,9,9,0,1,0,0,0,0,0,0,0
2,20000969,26,22420,049,011210,28.62,70278,75461,0.9313,78300,2695000,7,1,1,1,62.02,1,120,2,4.950,2695000,4355000,117,1,1,9,9,0,1,0,0,0,0,0,0,0
2,20000970,02,11260,020,002000,63.53,73429,110687,0.6634,117200,1005000,1,1,1,1,74.07,1,84,1,6.060,1005000,1355000,84,1,1,9,9,0,1,0,0,0,0,0,0,0
2,20000971,32,29820,003,000106,70.18,71842,82358,0.8723,87800,37735000,2,1,1,4,78.30,2,186,5,3.370,37735000,49505000,119,1,1,9,9,100,1,0,0,0,0,1,0,0
2,20000972,39,18140,049,007492,29.39,139167,97262,1.4309,103300,44465000,7,1,1,1,65.00,1,120,5,5.510,44465000,68405000,114,1,1,9,9,0,1,0,0,0,0,0,1,0
2,20000973,04,38060,013,106701,70.02,37917,93191,0.4069,101300,37345000,2,3,1,1,55.00,1,84,5,5.939,37345000,67905000,12,1,1,9,9,0,1,0,0,0,0,1,0,0
2,20000974,06,33700,099,001500,79.05,63429,83732,0.7575,91100,2525000,1,1,1,1,57.17,1,60,2,5.920,2525000,4425000,57,1,1,9,9,97,1,0,0,0,0,1,0,0
2,20000975,06,31080,037,406103,82.19,108361,101056,1.0723,105700,3755000,2,1,1,4,61.60,2,360,1,3.150,3755000,6005000,59,9,1,9,9,0,1,0,0,0,0,0,0,0
2,20000976,08,19740,005,006604,31.39,92132,119980,0.7679,130400,1475000,1,1,1,1,46.70,1,60,1,7.010,1475000,3155000,36,1,1,9,9,0,1,0,0,0,0,1,0,0
2,20000977,37,20500,063,000700,40.26,188214,97980,1.9209,101800,8955000,1,3,1,4,85.24,2,253,3,4.120,8955000,10505000,253,1,1,9,9,100,1,0,0,0,0,0,0,0
2,20000978,17,16980,043,845803,49.28,76345,106055,0.7199,109800,15515000,7,1,1,1,55.00,2,60,5,5.980,15515000,28205000,57,1,1,9,9,0,1,0,0,0,0,0,0,0
2,20000979,48,26420,201,450600,45.90,106438,92750,1.1476,95200,21015000,7,1,1,1,61.99,1,60,5,5.990,21015000,33905000,57,1,1,9,9,0,1,0,0,0,0,0,0,0
2,20000980,12,36740,095,016906,92.83,60685,83343,0.7281,90400,1035000,7,1,1,1,45.87,2,60,1,6.790,1035000,2255000,36,1,1,9,9,0,1,0,0,0,0,1,0,0
2,20000981,53,44060,063,003602,22.90,57386,88647,0.6474,98100,1235000,1,5,1,1,49.36,1,60,2,6.370,1235000,2505000,60,1,9,9,9,0,1,0,0,0,0,1,0,0
2,20000982,08,19740,001,009553,62.50,88200,119980,0.7351,130400,3205000,2,1,1,1,48.49,1,204,2,5.010,3205000,6605000,198,1,9,9,9,100,1,0,0,0,0,0,0,0
2,20000983,40,36420,109,107706,46.68,46190,84302,0.5479,89100,8485000,1,1,1,1,68.42,1,60,5,5.490,8485000,12405000,57,1,1,9,9,0,1,0,0,0,0,0,0,0
2,20000984,08,17820,041,002902,51.83,60909,98394,0.6190,103700,31005000,7,1,1,1,60.78,1,84,5,5.090,31005000,51005000,78,1,1,9,9,0,1,0,0,0,0,1,0,0
2,20000985,08,19740,031,002101,33.14,146719,119980,1.2229,130400,5465000,7,1,1,1,57.17,1,60,2,6.250,5465000,9555000,36,1,1,9,9,0,1,0,0,0,0,0,0,0
2,20000986,17,16580,019,001201,55.09,61867,95272,0.6494,106200,8335000,7,1,1,1,57.31,1,120,5,5.910,8335000,14555000,114,1,1,9,9,0,1,0,0,0,0,0,0,0
2,20000987,37,16740,119,005845,55.82,142380,93744,1.5188,100300,38545000,1,1,1,1,55.14,1,84,5,5.540,38545000,69905000,60,1,1,9,9,0,1,0,0,0,0,0,1,0
2,20000988,18,29200,157,001502,31.65,78258,80868,0.9677,83100,4785000,2,5,1,4,51.68,2,192,4,6.250,5225000,10105000,0,1,9,9,9,100,1,0,0,0,0,0,0,0
2,20000989,12,27260,031,013403,60.27,65913,88994,0.7407,98000,23725000,7,1,1,1,61.62,1,60,5,5.420,23725000,38505000,57,1,1,9,9,0,1,0,0,0,0,0,0,0
2,20000990,20,28140,091,053414,48.18,125821,99766,1.2612,103000,34065000,7,1,1,1,63.09,1,60,5,4.910,34065000,54005000,57,1,1,9,9,0,1,0,0,0,0,0,0,0
2,20000991,12,33100,086,000710,96.84,31237,80554,0.3878,87600,3845000,7,1,1,1,65.20,1,120,2,5.490,3845000,5905000,117,1,1,9,9,0,1,0,0,0,0,1,0,0
2,20000992,21,31140,111,010316,18.66,170119,88819,1.9153,95900,11385000,1,1,1,1,80.18,1,180,3,6.100,11385000,14205000,174,1,9,9,9,100,1,0,0,0,0,0,0,0
2,20000993,45,17900,063,021051,28.01,61938,81690,0.7582,86300,1525000,1,1,1,1,63.50,1,60,1,6.050,1525000,2405000,57,1,1,9,9,0,1,0,0,0,0,0,0,0
2,20000994,55,31540,025,001901,16.80,129103,112276,1.1499,121200,8055000,7,1,1,1,55.17,1,60,3,5.860,8055000,14605000,57,1,1,9,9,18,1,0,0,0,0,0,0,0
2,20000995,48,18580,355,001201,58.04,41362,77127,0.5363,75300,7305000,2,1,1,1,57.94,1,167,4,3.750,7305000,12605000,161,1,1,9,9,100,1,0,0,0,0,1,0,0
2,20000996,09,14860,120,072100,73.03,99740,135149,0.7380,145700,6225000,1,1,1,1,69.12,1,60,3,6.620,6225000,9005000,36,1,1,9,9,0,1,0,0,0,0,0,0,0
2,20000997,48,47380,309,001402,83.74,17959,77527,0.2317,83100,6505000,7,1,1,1,44.52,1,84,5,5.250,6505000,14605000,78,1,1,9,9,75,1,0,0,0,0,1,0,0
2,20000998,42,10900,095,010100,42.24,86061,96828,0.8888,101400,31205000,1,1,1,1,65.00,1,60,5,6.100,31205000,48005000,57,1,1,9,9,0,1,0,0,0,0,0,0,0
2,20000999,41,38900,067,031402,53.33,82962,110489,0.7509,116900,4235000,1,5,1,1,75.14,1,60,2,5.990,4235000,5645000,36,1,9,9,9,0,1,0,0,0,0,0,0,0
2,20001000,06,41940,085,506401,62.89,182417,172303,1.0587,180400,2365000,1,1,1,4,61.60,2,360,1,3.150,2435000,3305000,35,9,1,9,9,0,1,0,0,0,0,0,0,0
2,20001001,12,33100,086,006721,57.10,240208,80554,2.9820,87600,111535000,2,1,1,1,55.00,1,60,5,5.380,111535000,202805000,57,1,1,9,9,0,1,0,0,0,0,0,1,0
2,20001002,26,19820,125,160800,76.55,122917,93779,1.3107,97300,18875000,7,1,1,1,56.84,1,60,5,5.440,18875000,33205000,57,1,1,9,9,0,1,0,0,0,0,0,0,0
2,20001003,39,18140,049,007398,53.62,109878,97262,1.1297,103300,27625000,7,3,1,1,65.00,1,60,5,5.970,27625000,42505000,36,1,1,9,9,0,1,0,0,0,0,0,0,0
2,20001004,19,19780,153,010207,12.36,132059,102398,1.2897,111800,1705000,7,1,1,1,69.01,1,60,2,6.400,1705000,2475000,36,1,1,9,9,0,1,0,0,0,0,0,0,0
2,20001005,06,31080,037,141306,32.62,112528,101056,1.1135,105700,3245000,7,1,1,1,21.46,1,120,3,6.040,3245000,15105000,114,1,1,9,9,0,1,0,0,0,0,0,1,0
2,20001006,06,41860,041,112204,93.91,55613,154003,0.3611,166600,2565000,2,1,1,4,61.60,2,360,1,3.000,2565000,3955000,35,9,1,9,9,0,1,0,0,0,0,1,0,0
2,20001007,31,36540,055,006704,14.00,164886,102337,1.6112,109700,49655000,7,1,1,1,66.44,1,60,5,5.100,49655000,74735000,57,1,1,9,9,0,1,0,0,0,0,0,1,0
2,20001008,06,31080,037,234902,96.39,42978,101056,0.4253,105700,20005000,2,1,1,1,73.80,1,192,3,4.210,20005000,27105000,168,1,9,9,9,99,1,0,0,0,0,1,0,0
2,20001009,06,31080,059,062605,20.93,138333,101056,1.3689,105700,2715000,7,1,1,4,61.60,2,360,1,3.050,2905000,7175000,47,9,9,9,9,0,1,0,0,0,0,0,1,0
2,20001010,42,38300,003,426400,6.83,92083,96434,0.9549,100600,1195000,1,1,1,1,58.86,2,60,1,6.470,1195000,2025000,60,1,1,9,9,0,1,0,0,0,0,0,0,0
2,20001011,13,12060,067,030700,59.43,79071,98569,0.8022,106100,13515000,2,1,1,1,67.56,1,84,4,5.810,13515000,20005000,78,1,1,9,9,0,1,0,0,0,0,1,0,0
2,20001012,41,38900,051,010102,37.39,94063,110489,0.8513,116900,4795000,7,1,1,1,52.12,1,60,2,5.700,4795000,9205000,36,1,1,9,9,0,1,0,0,0,0,0,0,0
2,20001013,06,31080,037,242100,99.40,27887,101056,0.2760,105700,12905000,2,1,1,1,55.45,1,216,3,3.740,12905000,23275000,180,1,9,9,9,99,1,0,0,0,0,1,0,0
2,20001014,48,15180,061,013004,92.36,50060,54380,0.9206,60400,2505000,2,3,1,4,71.10,2,180,3,.165,2555000,999999999,0,1,9,9,9,0,1,0,0,0,0,0,0,0
2,20001015,36,35620,005,003800,98.93,95167,113844,0.8359,119300,64895000,1,1,1,4,36.66,1,360,5,6.520,64895000,177005000,180,1,1,9,9,100,1,0,0,0,0,1,0,0
2,20001016,12,33100,086,002404,97.24,46099,80554,0.5723,87600,10235000,7,1,1,1,70.55,2,204,4,4.890,10235000,14505000,180,1,9,9,9,100,1,0,0,0,0,1,0,0
2,20001017,13,12060,121,010401,80.32,83636,98569,0.8485,106100,1355000,1,1,1,1,48.65,1,60,2,6.730,1355000,2775000,36,1,1,9,9,0,1,0,0,0,0,0,0,0
2,20001018,36,35620,061,011100,61.52,227167,113844,1.9954,119300,16005000,2,3,1,1,36.70,1,60,3,6.040,16005000,43605000,54,1,9,9,9,0,1,0,0,0,0,0,1,0
2,20001019,12,45300,057,012213,49.18,96944,84454,1.1479,92000,50105000,7,5,1,1,56.55,1,120,5,5.490,50105000,88605000,114,1,1,9,9,0,1,0,0,0,0,0,1,0
2,20001020,48,19100,113,000611,58.28,000000,99957,9999.0,107300,38555000,2,3,1,1,54.23,1,84,5,5.756,38555000,71105000,12,1,1,9,9,0,1,0,0,0,0,0,0,0
2,20001021,06,31080,037,602511,95.25,70135,101056,0.6940,105700,2005000,2,1,1,4,61.60,2,360,1,3.300,2005000,4535000,59,9,1,9,9,0,1,0,0,0,0,0,0,0
2,20001022,06,46700,095,251901,85.71,77240,110159,0.7012,113200,17875000,1,1,1,1,65.00,1,60,4,5.650,17875000,27505000,57,1,1,9,9,0,1,0,0,0,0,0,0,0
2,20001023,17,16980,031,062100,24.23,211000,106055,1.9895,109800,27245000,1,1,1,1,66.95,1,60,4,5.550,27245000,40705000,57,1,1,9,9,4,1,0,0,0,0,0,0,0
2,20001024,37,16740,119,001200,48.45,85385,93744,0.9108,100300,59025000,2,5,1,1,62.79,2,120,5,5.550,59025000,94005000,114,1,1,9,9,0,1,0,0,0,0,0,0,0
2,20001025,12,36740,095,018902,43.42,115417,83343,1.3848,90400,45435000,2,1,1,1,49.82,1,120,5,5.790,45435000,91205000,114,1,1,9,9,0,1,0,0,0,0,0,0,0
2,20001026,21,17140,117,060700,31.26,93063,97826,0.9513,103700,4195000,7,3,1,1,69.45,1,60,2,5.800,4195000,6045000,57,1,1,9,9,0,1,0,0,0,0,0,0,0
2,20001027,12,33100,099,002006,63.41,43924,80554,0.5453,87600,30015000,2,3,1,1,61.12,1,84,5,5.756,30015000,49105000,12,1,1,9,9,0,1,0,0,0,0,0,0,0
2,20001028,09,25540,110,500500,81.87,50179,115967,0.4327,122400,6375000,1,1,1,1,70.00,1,120,3,6.810,6375000,9105000,84,1,1,9,9,0,1,0,0,0,0,1,0,0
2,20001029,17,16980,097,860906,37.09,129875,106055,1.2246,109800,29135000,1,1,1,1,51.29,2,120,5,6.110,29135000,56805000,114,1,1,9,9,0,1,0,0,0,0,0,1,0
2,20001030,29,28140,047,021211,23.50,68765,99766,0.6893,103000,7535000,2,1,1,1,69.81,1,60,4,5.800,7535000,10805000,36,1,1,9,9,0,1,0,0,0,0,0,0,0
2,20001031,48,12420,209,010913,53.44,82391,115204,0.7152,126000,38795000,7,1,1,1,63.91,1,72,5,5.130,38795000,60705000,69,1,1,9,9,0,1,0,0,0,0,0,0,0
2,20001032,17,16980,031,842500,100.00,30761,106055,0.2901,109800,87415000,7,1,1,1,68.83,1,60,5,5.750,87415000,127005000,36,1,1,9,9,100,1,0,0,0,0,1,0,0
2,20001033,37,39580,183,053730,47.93,67667,113293,0.5973,122300,18885000,1,1,1,1,66.15,1,60,5,5.340,18885000,28545000,57,1,1,9,9,0,1,0,0,0,0,0,0,0
2,20001034,24,12580,005,402305,84.53,65167,118479,0.5500,122200,5275000,1,1,1,1,46.25,1,84,3,7.546,5275000,11405000,12,1,1,9,9,78,1,0,0,0,0,1,0,0
2,20001035,06,40900,067,009320,86.71,84917,106925,0.7942,113700,15175000,7,1,1,1,53.14,1,120,5,5.900,15175000,28555000,114,1,9,9,9,100,1,0,0,0,0,0,0,0
2,20001036,13,42340,051,011700,43.70,21600,87035,0.2482,92400,48005000,1,1,1,1,64.43,1,120,4,5.150,48005000,74505000,114,1,1,9,9,0,1,0,0,0,0,1,0,0
2,20001037,12,27260,031,015926,47.81,81824,88994,0.9194,98000,10655000,7,1,1,1,67.42,1,60,4,5.990,10655000,15805000,57,1,1,9,9,0,1,0,0,0,0,0,1,0
2,20001038,48,21340,141,010404,96.38,45750,61466,0.7443,63100,2885000,2,3,1,4,71.10,2,216,2,6.490,2905000,3405000,0,1,9,9,9,100,1,1,0,0,0,1,0,1
2,20001039,48,99999,373,210302,35.12,65227,71129,0.9170,75000,3415000,2,3,1,1,81.27,1,180,3,4.300,3415000,4205000,174,1,9,9,9,95,1,1,0,0,0,1,0,0
2,20001040,37,20500,135,011904,33.27,244185,97980,2.4922,101800,28405000,7,1,1,1,60.70,1,84,5,7.060,28405000,46805000,48,1,1,9,9,0,1,0,0,0,0,0,0,0
2,20001041,39,18140,049,008169,39.83,42003,97262,0.4319,103300,5985000,1,1,1,1,63.00,1,84,4,5.130,5985000,9505000,60,1,1,9,9,0,1,0,0,0,0,0,0,0
2,20001042,06,31080,037,192700,84.65,68125,101056,0.6741,105700,2055000,2,1,1,1,60.89,1,84,1,5.630,2055000,3375000,84,1,1,9,9,0,1,0,0,0,0,1,0,0
2,20001043,37,24660,081,012611,84.77,58889,76183,0.7730,80700,11015000,7,1,1,1,64.40,1,60,4,5.520,11015000,17105000,57,1,9,9,9,0,1,0,0,0,0,1,0,0
2,20001044,27,33460,037,060201,31.05,91776,119274,0.7695,123700,3185000,7,1,1,1,65.00,1,84,2,5.490,3185000,4905000,84,1,1,9,9,0,1,0,0,0,0,0,0,0
2,20001045,20,28140,091,053012,25.42,141742,99766,1.4207,103000,11885000,7,1,1,1,67.54,1,60,4,5.430,11885000,17605000,57,1,1,9,9,0,1,0,0,0,0,0,0,0
2,20001046,21,31140,111,012302,39.89,85484,88819,0.9625,95900,20585000,1,1,1,1,65.78,1,120,5,5.800,20585000,31305000,114,1,1,9,9,0,1,0,0,0,0,0,0,0
2,20001047,48,12420,453,030600,30.96,163004,115204,1.4149,126000,24015000,7,1,1,1,66.89,1,60,5,5.700,24015000,35905000,57,1,1,9,9,0,1,0,0,0,0,0,0,0
2,20001048,35,10740,001,004759,90.57,45800,79295,0.5776,86400,15695000,2,5,1,4,56.36,2,180,5,5.800,16405000,29105000,0,1,1,9,9,100,1,0,0,0,0,1,0,0
2,20001049,48,26420,201,510202,51.25,182500,92750,1.9677,95200,44555000,1,1,1,1,61.97,1,60,5,5.100,44555000,71905000,57,1,1,9,9,0,1,0,0,0,0,0,1,0
2,20001050,17,16980,097,860807,9.89,107135,106055,1.0102,109800,2795000,7,3,1,1,67.35,1,120,1,5.750,2795000,4155000,117,1,1,9,9,0,1,0,0,0,0,0,0,0
2,20001051,48,26420,201,532502,91.30,60000,92750,0.6469,95200,3655000,1,5,1,1,66.46,1,120,3,6.650,3655000,5505000,84,1,1,9,9,0,1,0,0,0,0,1,0,0
2,20001052,29,28140,095,017900,29.38,108397,99766,1.0865,103000,50175000,1,1,1,1,61.57,1,84,5,4.890,50175000,81505000,78,1,1,9,9,0,1,0,0,0,0,0,0,0
2,20001053,37,49180,067,003703,54.26,88338,76701,1.1517,81900,3105000,2,1,1,1,36.05,2,180,3,5.160,3105000,8605000,174,1,9,9,9,100,1,0,0,0,0,0,0,0
2,20001054,06,40900,067,007702,34.79,157917,106925,1.4769,113700,1985000,2,1,1,4,61.60,2,360,1,3.500,2005000,3455000,47,9,1,9,9,0,1,0,0,0,0,0,0,0
2,20001055,37,16740,119,006208,27.34,128095,93744,1.3664,100300,30115000,2,3,1,1,50.19,1,84,5,5.939,30115000,60005000,12,1,1,9,9,0,1,0,0,0,0,0,0,0
2,20001056,51,16820,540,000202,38.75,000000,111204,9999.0,124200,11465000,7,1,1,1,49.84,1,120,3,5.940,11465000,23005000,114,1,1,9,9,0,1,0,0,0,0,1,0,0
2,20001057,39,19430,113,050107,39.48,92745,87717,1.0573,92900,13285000,1,1,1,1,74.20,1,120,5,5.990,13285000,17905000,114,1,1,9,9,17,1,0,0,0,0,0,1,0
2,20001058,13,12060,135,050228,77.01,66737,98569,0.6771,106100,64405000,2,5,1,1,67.20,2,36,5,6.000,63405000,102605000,17,1,1,9,9,0,1,0,0,0,0,0,1,0
2,20001059,06,25260,031,001703,95.54,59195,72111,0.8209,75900,3745000,1,1,1,1,60.55,1,60,3,5.580,3745000,6185000,36,1,1,9,9,99,1,1,0,0,0,1,0,0
2,20001060,06,41860,081,602300,85.58,147034,154003,0.9548,166600,22875000,2,1,1,1,59.22,1,60,3,5.890,22875000,38625000,36,1,1,9,9,10,1,0,0,0,0,0,0,0
2,20001061,12,45300,103,026817,22.25,112736,84454,1.3349,92000,20825000,7,1,1,1,68.26,1,60,5,5.220,20825000,30505000,57,1,1,9,9,0,1,0,0,0,0,0,1,0
2,20001062,18,43780,141,011306,16.66,116513,80587,1.4458,87300,60855000,7,3,1,1,71.00,2,84,5,5.500,60855000,83105000,12,1,1,9,9,0,1,0,0,0,0,0,1,0
2,20001063,08,19740,059,010307,27.15,97439,119980,0.8121,130400,1385000,1,1,1,1,67.04,1,60,1,6.500,1385000,2065000,36,1,1,9,9,0,1,0,0,0,0,0,0,0
2,20001064,48,19100,439,123700,36.96,127599,99957,1.2765,107300,11915000,2,1,1,1,58.39,1,60,4,5.870,11915000,20405000,36,1,1,9,9,0,1,0,0,0,0,0,0,0
2,20001065,47,32820,157,021547,90.98,81648,78701,1.0375,84000,21415000,1,1,1,1,79.30,1,84,5,5.420,21415000,27005000,78,1,1,9,9,72,1,0,0,0,0,0,0,0
2,20001066,48,12420,453,000308,43.88,100851,115204,0.8754,126000,3775000,7,1,1,1,55.52,1,84,2,5.620,3775000,6805000,84,1,1,9,9,0,1,0,0,0,0,0,0,0
2,20001067,06,41860,001,433801,88.73,80673,154003,0.5238,166600,1425000,7,1,1,1,60.00,1,84,1,6.450,1425000,2385000,84,1,9,9,9,0,1,0,0,0,0,0,0,0
2,20001068,34,35620,031,175301,96.16,50781,113844,0.4461,119300,1135000,2,1,1,1,59.95,1,60,1,6.680,1135000,1905000,36,1,1,9,9,0,1,0,0,0,0,1,0,0
2,20001069,48,15180,061,013104,91.33,73284,54380,1.3476,60400,11205000,7,1,1,1,70.00,1,60,4,5.610,11205000,16005000,57,1,1,9,9,0,1,0,0,0,0,0,1,0
2,20001070,41,38900,051,001102,24.84,181625,110489,1.6438,116900,4065000,2,1,1,1,53.23,2,60,2,6.290,4065000,7645000,36,1,1,9,9,0,1,0,0,0,0,0,0,0
2,20001071,39,18140,049,010601,24.14,147115,97262,1.5126,103300,17195000,7,1,1,1,62.76,1,60,5,5.970,17195000,27405000,36,1,1,9,9,0,1,0,0,0,0,0,1,0
2,20001072,37,39580,183,053430,34.52,124196,113293,1.0962,122300,46415000,1,3,1,1,67.96,1,60,5,4.860,46415000,68285000,57,1,1,9,9,0,1,0,0,0,0,0,0,0
2,20001073,48,19100,439,113110,67.69,59420,99957,0.5945,107300,27615000,2,1,1,1,51.13,2,60,5,5.830,27615000,54005000,57,1,1,9,9,0,1,0,0,0,0,0,0,0
2,20001074,36,35620,103,145803,20.64,168125,113844,1.4768,119300,16005000,7,1,1,1,51.45,1,180,3,6.050,16005000,31105000,174,1,1,9,9,0,1,0,0,0,0,0,0,0
2,20001075,06,40900,067,002000,61.18,117424,106925,1.0982,113700,25615000,2,3,1,1,79.04,1,199,5,3.540,25645000,32445000,193,1,9,9,9,99,1,0,0,0,0,0,0,0
2,20001076,04,38060,013,107404,79.39,16528,93191,0.1774,101300,8515000,7,1,1,1,57.15,1,60,4,5.840,8515000,14905000,54,1,1,9,9,100,1,0,0,0,0,1,0,0
2,20001077,20,28140,091,052006,36.94,69669,99766,0.6983,103000,7055000,2,5,1,1,61.31,1,84,3,5.290,7055000,11505000,81,1,1,9,9,0,1,0,0,0,0,0,0,0
2,20001078,18,23060,003,010304,13.52,104000,83564,1.2446,88000,28745000,2,1,1,1,61.62,1,120,5,5.680,28745000,46655000,114,1,1,9,9,0,1,0,0,0,0,0,1,0
2,20001079,36,40380,055,001800,62.05,66060,93554,0.7061,96500,19815000,1,3,1,1,68.91,1,60,5,5.630,19815000,28755000,36,1,1,9,9,0,1,0,0,0,0,1,0,0
2,20001080,48,19100,439,113109,67.59,68667,99957,0.6870,107300,10705000,2,1,1,1,49.58,2,60,4,5.830,10705000,21605000,57,1,1,9,9,0,1,0,0,0,0,0,0,0
2,20001081,06,31080,037,576602,50.94,99708,101056,0.9867,105700,3185000,7,1,1,4,61.60,2,360,1,3.670,3205000,5205000,47,9,1,9,9,0,1,0,0,0,0,0,0,0
2,20001082,04,38060,013,422637,30.61,103438,93191,1.1100,101300,20005000,7,1,1,1,41.67,1,60,5,4.850,20005000,48005000,57,1,1,9,9,0,1,0,0,0,0,0,1,0
2,20001083,04,38060,013,319600,37.43,108631,93191,1.1657,101300,2165000,7,1,1,1,62.61,1,60,1,6.230,2165000,3455000,36,1,1,9,9,0,1,0,0,0,0,1,0,0
2,20001084,37,49180,067,002704,72.87,41313,76701,0.5386,81900,7195000,7,3,1,1,58.00,1,60,3,5.960,7195000,12405000,57,1,1,9,9,0,1,0,0,0,0,1,0,0
2,20001085,48,41660,451,001304,37.52,72460,80890,0.8958,78000,9525000,7,1,1,1,61.48,1,60,5,6.360,9525000,15505000,57,1,1,9,9,0,1,0,0,0,0,0,0,0
2,20001086,12,27260,031,014413,42.61,125833,88994,1.4140,98000,23665000,1,1,1,1,70.00,1,60,5,5.470,23665000,33805000,57,1,1,9,9,0,1,0,0,0,0,0,1,0
2,20001087,05,30780,119,001600,16.64,192232,81609,2.3555,86400,25255000,7,1,1,1,63.61,1,60,5,5.700,25255000,39705000,57,1,1,9,9,0,1,0,0,0,0,0,0,0
2,20001088,13,23580,139,001405,48.09,75659,86127,0.8785,92700,8455000,2,1,1,1,43.56,1,84,4,7.291,8455000,19405000,12,1,1,9,9,0,1,0,0,0,0,0,0,0
2,20001089,51,40060,760,061002,54.93,78636,104391,0.7533,110000,14945000,2,3,1,1,63.33,1,84,4,5.170,14945000,23605000,78,1,1,9,9,0,1,0,0,0,0,1,0,0
2,20001090,06,31080,037,463900,41.34,156823,101056,1.5518,105700,50135000,7,5,1,1,56.59,1,120,4,7.747,50135000,88605000,24,1,1,9,9,0,1,0,0,0,0,0,1,0
2,20001091,18,26900,097,355400,44.33,59643,93688,0.6366,101200,2485000,7,1,1,1,72.94,1,84,2,5.790,2485000,3405000,84,1,1,9,9,0,1,0,0,0,0,1,0,0
2,20001092,12,23540,001,000201,41.47,000000,82126,9999.0,92700,7755000,1,1,1,1,67.43,1,84,2,5.580,7755000,11495000,78,1,1,9,9,0,1,0,0,0,0,0,0,0
2,20001093,48,12420,453,002220,93.15,35024,115204,0.3040,126000,25815000,2,3,1,1,57.37,1,169,5,4.090,25815000,45005000,163,1,1,9,9,98,1,0,0,0,0,1,0,0
2,20001094,48,41700,029,182101,37.74,153650,85469,1.7977,89300,20655000,7,3,1,1,49.19,1,84,5,6.526,20655000,42005000,12,1,1,9,9,0,1,0,0,0,0,0,1,0
2,20001095,27,33460,053,025201,67.29,78314,119274,0.6566,123700,2255000,1,5,1,1,74.67,1,84,1,6.050,2255000,3025000,81,1,1,9,9,0,1,0,0,0,0,0,0,0
2,20001096,01,13820,073,005800,68.68,36738,87341,0.4206,94200,15405000,1,1,1,1,65.00,1,60,5,5.770,15405000,23705000,57,1,1,9,9,0,1,0,0,0,0,0,0,0
2,20001097,06,31080,037,600303,99.32,55543,101056,0.5496,105700,1765000,7,5,1,1,54.98,1,60,1,6.870,1765000,3215000,36,1,1,9,9,0,1,0,0,0,0,1,0,0
2,20001098,42,37980,101,013900,78.69,50396,108977,0.4625,114700,4035000,2,1,1,1,68.42,1,216,3,4.500,4035000,5905000,180,1,9,9,9,100,1,0,0,0,0,1,0,0
2,20001099,28,99999,105,950101,47.00,58359,76076,0.7671,80800,42195000,7,1,1,1,69.28,1,84,5,5.980,42195000,60905000,78,1,1,9,9,0,1,1,0,0,1,1,0,0
2,20001100,18,26900,097,322400,40.72,76250,93688,0.8139,101200,24905000,1,1,1,1,58.45,1,60,5,5.760,24905000,42605000,48,1,1,9,9,0,1,0,0,0,0,0,0,0
2,20001101,17,16980,111,870104,12.00,104583,106055,0.9861,109800,16495000,1,1,1,1,55.53,2,120,5,6.110,16495000,29705000,114,1,1,9,9,0,1,1,0,0,0,0,0,0
2,20001102,12,34940,021,010512,54.96,70479,98919,0.7125,104300,23005000,7,1,1,1,46.37,1,120,4,4.860,23005000,49605000,114,1,1,9,9,0,1,0,0,0,0,0,0,0
2,20001103,13,12060,135,050331,89.25,60481,98569,0.6136,106100,33345000,7,1,1,1,59.75,1,60,5,5.030,33345000,55805000,57,1,1,9,9,0,1,0,0,0,0,1,0,0
2,20001104,41,38900,051,000702,34.62,96757,110489,0.8757,116900,2945000,1,1,1,1,68.77,1,120,1,5.540,2945000,4275000,117,1,1,9,9,0,1,0,0,0,0,0,0,0
2,20001105,27,33460,053,108700,45.18,92250,119274,0.7734,123700,12005000,1,1,1,1,60.00,1,84,4,5.060,12005000,20005000,78,1,1,9,9,82,1,0,0,0,0,0,0,0
2,20001106,24,12580,025,303501,21.26,170254,118479,1.4370,122200,19345000,1,1,1,1,56.74,1,84,3,6.490,19345000,34105000,60,1,1,9,9,0,1,0,0,0,0,0,1,0
2,20001107,38,99999,105,953701,34.21,76719,104948,0.7310,111400,5825000,7,1,1,1,41.48,1,120,4,7.660,5825000,14035000,6,1,9,9,9,0,1,1,0,0,0,0,0,0
2,20001108,36,35620,047,003300,53.03,124524,113844,1.0938,119300,97155000,1,1,1,1,63.67,1,120,5,5.790,97155000,152605000,114,1,9,9,9,99,1,0,0,0,0,0,0,0
2,20001109,48,31180,303,001710,56.90,51528,80497,0.6401,85800,13945000,7,1,1,1,67.70,1,84,5,5.490,13945000,20605000,78,1,1,9,9,0,1,0,0,0,0,1,0,0
2,20001110,01,26620,089,002400,70.67,31032,99604,0.3116,113600,6885000,7,1,1,1,59.65,1,60,4,6.060,6885000,11555000,36,1,1,9,9,0,1,0,0,0,0,1,0,0
2,20001111,39,17140,017,013400,27.94,66000,97826,0.6747,103700,7505000,7,1,1,1,58.82,2,120,5,6.930,7505000,12755000,84,1,1,9,9,0,1,0,0,0,0,0,0,0
2,20001112,48,19100,439,113516,40.61,105605,99957,1.0565,107300,19375000,7,3,1,1,67.28,1,84,5,6.756,19375000,28805000,6,1,1,9,9,0,1,0,0,0,0,0,1,0
2,20001113,53,42660,033,009300,50.21,193350,127870,1.5121,136600,110855000,7,1,1,1,58.37,1,60,5,5.020,110855000,189905000,57,1,1,9,9,6,1,0,0,0,0,0,0,0
2,20001114,01,26620,089,001403,54.16,58417,99604,0.5865,113600,37565000,7,1,1,1,62.51,1,60,5,4.650,37565000,60105000,57,1,1,9,9,0,1,0,0,0,0,0,0,0
2,20001115,53,42660,033,006500,24.57,250001,127870,1.9551,136600,1785000,2,1,1,1,50.17,1,60,1,6.270,1785000,3555000,36,1,1,9,9,0,1,0,0,0,0,0,1,0
2,20001116,48,31180,303,002103,40.54,84861,80497,1.0542,85800,2345000,7,1,1,1,58.73,1,60,2,6.440,2345000,4005000,36,1,1,9,9,0,1,0,0,0,0,0,0,0
2,20001117,04,38060,013,420504,40.58,78417,93191,0.8415,101300,16005000,1,1,1,1,64.91,1,60,4,5.410,16005000,24655000,57,1,1,9,9,0,1,0,0,0,0,0,0,0
2,20001118,40,46140,143,006803,49.87,51042,83507,0.6112,85300,15535000,7,1,1,1,68.45,1,60,5,5.710,15535000,22705000,57,1,9,9,9,0,1,0,0,0,0,1,0,0
2,20001119,47,34980,037,015629,74.22,61571,96905,0.6354,104700,41095000,1,1,1,1,62.99,1,60,5,6.190,41095000,65255000,36,1,1,9,9,0,1,0,0,0,0,0,0,0
2,20001120,51,47260,810,045606,63.28,54152,95214,0.5687,100000,2555000,7,1,1,1,47.66,1,120,1,5.800,2555000,5355000,84,1,9,9,9,0,1,0,0,0,0,0,0,0
2,20001121,04,38060,013,106002,63.11,40026,93191,0.4295,101300,2505000,7,1,1,4,61.60,2,360,1,6.250,2505000,4395000,47,9,1,9,9,0,1,0,0,0,0,1,0,0
2,20001122,48,26420,039,660301,51.83,110398,92750,1.1903,95200,6435000,1,1,1,1,68.50,1,60,3,5.130,6435000,9405000,57,1,1,9,9,0,1,0,0,0,0,0,1,0
2,20001123,48,19100,085,031723,78.66,45525,99957,0.4555,107300,15705000,7,3,1,1,52.35,1,84,5,5.939,15705000,30005000,12,1,1,9,9,0,1,0,0,0,0,0,0,0
2,20001124,06,31080,037,603706,95.64,57602,101056,0.5700,105700,1305000,7,1,1,1,61.51,1,60,1,5.740,1305000,2125000,57,1,1,9,9,0,1,0,0,0,0,1,0,0
2,20001125,20,48620,173,005502,17.13,83412,84050,0.9924,91200,3985000,1,1,1,1,62.23,1,120,3,5.860,3985000,6405000,114,1,1,9,9,50,1,0,0,0,0,0,0,0
2,20001126,48,19100,113,018148,82.52,64875,99957,0.6490,107300,21585000,7,1,1,1,64.25,1,60,5,4.930,21585000,33605000,36,1,1,9,9,0,1,0,0,0,0,0,0,0
2,20001127,17,16980,031,580501,92.86,57027,106055,0.5377,109800,1565000,7,1,1,1,61.66,1,60,1,6.570,1565000,2535000,36,1,1,9,9,0,1,0,0,0,0,1,0,0
2,20001128,47,34980,037,019106,39.46,95109,96905,0.9815,104700,39975000,7,3,1,1,53.73,1,84,5,5.939,39975000,74405000,12,1,1,9,9,0,1,0,0,0,0,0,0,0
2,20001129,06,40140,071,007106,66.88,88056,90585,0.9721,97500,35355000,7,1,1,1,63.71,1,60,5,5.290,35355000,55505000,57,1,1,9,9,0,1,0,0,0,0,0,1,0
2,20001130,24,47900,033,805201,98.17,64063,144539,0.4432,152900,22325000,7,1,1,1,65.00,1,60,5,5.850,22325000,34355000,57,1,1,9,9,0,1,0,0,0,0,1,0,0
2,20001131,18,26900,097,360405,75.69,84666,93688,0.9037,101200,7505000,7,1,1,1,36.46,1,120,5,7.584,7505000,20575000,12,1,1,9,9,0,1,0,0,0,0,0,0,0
2,20001132,13,12060,135,050453,89.49,35799,98569,0.3632,106100,17705000,2,5,1,1,50.44,1,60,5,5.610,17705000,35105000,57,1,1,9,9,0,1,0,0,0,0,1,0,0
2,20001133,29,41140,021,001700,17.13,86364,77829,1.1097,81500,4915000,7,1,1,1,68.25,1,120,2,5.650,4915000,7205000,117,1,1,9,9,0,1,0,0,0,0,0,0,0
2,20001134,04,38060,013,110902,49.18,69757,93191,0.7485,101300,1555000,1,1,1,1,59.81,1,60,1,6.550,1555000,2605000,36,1,1,9,9,0,1,0,0,0,0,1,0,0
2,20001135,06,47300,107,002800,89.13,34000,67525,0.5035,72000,3975000,1,1,1,1,63.84,1,60,3,5.580,3975000,6225000,36,1,1,9,9,98,1,1,0,0,1,1,0,0
2,20001136,12,36740,095,016407,61.36,83735,83343,1.0047,90400,41535000,2,1,1,1,65.00,1,84,5,5.340,41535000,63905000,78,1,1,9,9,0,1,0,0,0,0,1,0,0
2,20001137,39,17410,035,124202,48.87,55875,90488,0.6175,97200,1775000,1,3,1,1,76.47,1,120,3,6.990,1775000,2325000,84,1,9,9,9,0,1,0,0,0,0,1,0,0
2,20001138,51,40060,087,200700,35.01,74000,104391,0.7089,110000,16325000,7,3,1,1,71.00,1,84,5,4.780,16325000,23005000,78,1,1,9,9,100,1,0,0,0,0,0,0,0
2,20001139,39,17410,035,119502,84.17,32267,90488,0.3566,97200,8395000,7,1,1,1,77.00,1,120,5,5.520,8395000,10905000,114,1,9,9,9,100,1,0,0,0,0,1,0,0
2,20001140,27,33460,123,036600,14.43,195154,119274,1.6362,123700,4895000,1,5,1,1,74.77,1,84,3,6.500,4895000,6545000,84,1,1,9,9,0,1,0,0,0,0,0,0,0
2,20001141,12,33100,099,007716,41.38,101035,80554,1.2543,87600,53745000,7,5,1,1,54.70,1,60,5,5.340,53745000,98255000,57,1,1,9,9,0,1,0,0,0,0,0,1,0
2,20001142,51,47900,685,920202,65.34,132377,144539,0.9159,152900,52465000,1,1,1,1,61.50,1,84,5,5.960,52465000,85305000,78,1,1,9,9,0,1,0,0,0,0,0,0,0
2,20001143,06,99999,021,010402,48.65,65341,82046,0.7964,87900,3145000,1,1,1,1,57.32,1,84,2,6.040,3145000,5485000,84,1,1,9,9,0,1,1,0,0,0,0,0,0
2,20001144,47,34980,037,017401,61.68,70192,96905,0.7243,104700,12675000,7,1,1,1,70.00,1,60,4,5.330,12675000,18105000,57,1,1,9,9,0,1,0,0,0,0,0,0,0
2,20001145,37,16740,119,006307,36.71,154788,93744,1.6512,100300,41395000,1,1,1,1,56.74,1,60,5,5.530,41395000,72955000,57,1,1,9,9,0,1,0,0,0,0,0,0,0
2,20001146,04,38060,013,109002,80.17,46563,93191,0.4997,101300,2105000,7,1,1,1,54.78,1,84,1,6.400,2105000,3855000,84,1,1,9,9,100,1,0,0,0,0,1,0,0
2,20001147,49,41620,035,111903,30.03,94120,106248,0.8859,115400,1155000,2,1,1,1,54.76,1,60,1,6.450,1155000,2105000,36,1,1,9,9,0,1,0,0,0,0,0,0,0
2,20001148,06,31080,037,206201,77.37,000000,101056,9999.0,105700,46505000,1,1,1,1,54.01,1,60,5,5.530,46505000,86105000,57,1,1,9,9,0,1,0,0,0,0,1,0,0
2,20001149,13,12060,085,970204,20.00,84766,98569,0.8600,106100,35225000,1,1,1,1,67.74,1,60,5,6.290,35225000,52005000,57,1,1,9,9,0,1,0,0,0,0,0,0,0
2,20001150,35,10740,001,002403,89.44,37315,79295,0.4706,86400,2505000,7,3,1,1,35.97,1,84,3,5.380,2505000,6955000,84,1,9,9,9,0,1,0,0,0,0,1,0,0
2,20001151,06,31080,037,191301,76.59,85114,101056,0.8423,105700,3005000,7,1,1,4,61.60,2,360,1,3.900,3105000,4675000,47,9,1,9,9,0,1,0,0,0,0,1,0,0
2,20001152,49,36260,057,211202,16.46,101910,102427,0.9950,109800,49995000,2,3,1,1,69.93,1,60,5,5.380,49995000,71505000,57,1,1,9,9,0,1,0,0,0,0,0,1,0
2,20001153,51,47900,153,900702,77.34,106454,144539,0.7365,152900,46875000,1,1,1,1,65.56,1,60,5,5.640,46875000,71505000,57,1,1,9,9,0,1,0,0,0,0,0,0,0
2,20001154,12,34940,021,010434,36.26,104933,98919,1.0608,104300,66095000,7,3,1,1,54.09,1,60,5,6.150,66095000,122205000,57,1,1,9,9,0,1,0,0,0,0,0,0,0
2,20001155,53,42660,033,005801,32.96,168558,127870,1.3182,136600,44225000,1,1,1,1,61.86,1,60,5,4.910,44225000,71505000,57,1,1,9,9,26,1,0,0,0,0,0,1,0
2,20001156,34,35620,039,039302,96.97,31572,113844,0.2773,119300,1235000,7,1,1,1,72.35,1,120,1,5.830,1235000,1705000,84,1,1,9,9,0,1,0,0,0,0,1,0,0
2,20001157,06,37100,111,008002,52.46,84950,116726,0.7278,125600,14555000,7,1,1,4,82.70,2,187,3,3.460,14905000,18305000,180,1,9,9,9,99,1,0,0,0,0,0,0,0
2,20001158,13,12020,059,000100,18.38,163343,85162,1.9180,90900,52115000,1,5,1,1,55.00,1,60,5,5.890,52115000,94755000,54,1,1,9,9,0,1,0,0,0,0,1,0,0
2,20001159,34,37980,007,609103,38.41,96844,108977,0.8887,114700,3335000,1,1,1,1,75.00,1,60,2,6.300,3335000,4445000,36,1,1,9,9,3,1,1,0,0,0,0,0,0
2,20001160,16,26820,019,970502,16.64,74781,85494,0.8747,87200,22135000,1,3,1,1,62.18,1,84,5,5.990,22135000,35605000,78,1,1,9,9,0,1,0,0,0,0,0,1,0
2,20001161,06,40900,067,005904,38.69,184444,106925,1.7250,113700,3605000,1,3,1,1,60.85,1,60,2,5.940,3605000,5925000,57,1,1,9,9,0,1,0,0,0,0,0,0,0
2,20001162,42,38300,003,429100,14.69,103636,96434,1.0747,100600,17565000,7,1,1,1,61.35,2,60,4,5.820,17565000,28625000,57,1,1,9,9,0,1,0,0,0,0,0,0,0
2,20001163,51,40060,760,070803,91.42,39087,104391,0.3744,110000,11555000,1,1,1,1,70.00,1,84,5,5.440,11555000,16505000,78,1,1,9,9,0,1,0,0,0,0,1,0,0
2,20001164,51,16820,003,010604,34.20,120991,111204,1.0880,124200,16945000,1,1,1,1,68.88,1,60,5,5.620,16945000,24605000,57,1,1,9,9,100,1,0,0,0,0,0,0,0
2,20001165,06,31080,037,216402,29.20,96023,101056,0.9502,105700,3005000,2,1,1,4,61.60,2,360,1,3.550,3005000,8845000,47,9,1,9,9,0,1,0,0,0,0,0,1,0
2,20001166,13,12060,015,960403,44.72,62277,98569,0.6318,106100,23535000,2,1,1,1,69.22,1,60,5,5.260,23535000,34005000,57,1,1,9,9,0,1,0,0,0,0,0,0,0
2,20001167,48,41700,029,191004,88.31,37663,85469,0.4407,89300,12485000,1,5,1,4,67.20,2,36,5,6.000,12485000,17605000,17,1,1,9,9,0,1,0,0,0,0,1,0,0
2,20001168,04,38060,013,104205,56.76,61964,93191,0.6649,101300,28345000,7,1,1,1,62.84,1,120,5,5.290,28345000,45105000,114,1,1,9,9,0,1,0,0,0,0,1,0,0
2,20001169,48,19100,113,010906,97.13,75208,99957,0.7524,107300,32315000,7,1,1,1,72.61,1,60,5,5.860,32315000,44505000,57,1,1,9,9,0,1,0,0,0,0,1,0,0
2,20001170,36,35620,047,115600,97.53,49404,113844,0.4340,119300,96265000,1,1,1,1,70.79,1,120,5,6.000,96265000,136005000,114,1,9,9,9,100,1,0,0,0,0,1,0,0
2,20001171,36,15380,029,009110,45.50,000000,90767,9999.0,96900,18195000,7,3,1,1,58.40,1,60,5,6.130,18195000,31155000,54,1,9,9,9,0,1,0,0,0,0,0,0,0
2,20001172,13,12060,067,031116,73.99,75833,98569,0.7693,106100,25225000,2,1,1,1,65.00,1,60,5,6.050,25225000,38805000,57,1,1,9,9,0,1,0,0,0,0,0,0,0
2,20001173,13,12060,135,050333,87.70,42361,98569,0.4298,106100,67845000,1,1,1,1,70.00,1,60,5,5.660,67845000,96915000,57,1,1,9,9,0,1,0,0,0,0,0,0,0
2,20001174,42,37980,101,014600,62.42,73083,108977,0.6706,114700,83205000,2,1,1,1,56.99,1,84,5,5.850,83205000,146005000,78,1,1,9,9,0,1,0,0,0,0,1,0,0
2,20001175,48,26420,201,541802,76.41,61614,92750,0.6643,95200,40265000,2,3,1,1,59.82,1,60,5,5.940,40265000,67305000,57,1,1,9,9,50,1,0,0,0,0,0,0,0
2,20001176,34,35620,013,012500,98.59,87520,113844,0.7688,119300,3815000,7,3,1,1,57.79,1,60,2,5.610,3815000,6605000,57,1,1,9,9,97,1,0,0,0,0,0,0,0
2,20001177,13,99999,261,950200,74.16,000000,66121,9999.0,70500,3055000,7,1,1,1,70.00,1,60,3,5.300,3055000,4375000,57,1,9,9,9,100,1,1,0,0,1,1,0,0
2,20001178,06,41860,001,404800,54.81,152292,154003,0.9889,166600,1275000,2,1,1,4,61.60,2,360,2,4.700,1425000,4655000,59,9,9,9,9,0,1,0,0,0,0,0,0,0
2,20001179,13,12060,045,910600,40.24,93267,98569,0.9462,106100,8575000,2,1,1,1,64.98,1,60,3,5.550,8575000,13205000,57,1,1,9,9,100,1,1,0,0,0,0,0,0
2,20001180,36,40380,055,014901,11.45,89397,93554,0.9556,96500,9575000,7,1,1,1,63.27,2,60,3,5.770,9575000,15135000,57,1,1,9,9,0,1,0,0,0,0,0,1,0
2,20001181,48,26420,201,232303,95.75,50211,92750,0.5414,95200,28355000,2,1,1,1,54.42,1,120,5,6.080,28355000,52105000,114,1,1,9,9,0,1,0,0,0,0,0,0,0
2,20001182,26,29620,065,004301,22.24,108594,90068,1.2057,91100,2785000,1,3,1,1,71.10,1,192,2,5.290,2805000,3405000,0,1,9,9,9,100,1,0,0,0,0,1,0,0
2,20001183,08,19740,001,009202,64.50,73269,119980,0.6107,130400,18425000,7,1,1,1,65.00,1,60,4,6.040,18425000,28355000,57,1,1,9,9,0,1,0,0,0,0,1,0,0
2,20001184,12,36740,097,042904,80.82,69261,83343,0.8310,90400,17855000,7,1,1,1,62.20,2,60,5,6.840,17855000,28705000,24,1,1,9,9,100,1,0,0,0,0,0,1,0
2,20001185,37,15500,001,020701,35.29,87171,78033,1.1171,77900,3695000,2,1,1,1,67.71,1,180,3,4.980,3695000,5455000,174,1,9,9,9,100,1,0,0,0,0,0,0,0
2,20001186,06,31080,037,218120,95.27,52027,101056,0.5148,105700,1625000,7,1,1,1,63.61,1,84,1,5.750,1625000,2555000,81,1,1,9,9,0,1,0,0,0,0,1,0,0
2,20001187,06,40140,071,008710,55.08,64362,90585,0.7105,97500,2505000,7,1,1,1,59.57,1,60,1,6.540,2505000,4205000,36,1,1,9,9,0,1,0,0,0,0,1,0,0
2,20001188,12,45300,057,011018,60.82,98798,84454,1.1698,92000,52515000,1,1,1,1,64.83,1,120,5,5.460,52515000,81005000,114,1,1,9,9,0,1,0,0,0,0,1,0,0
2,20001189,13,12060,135,050562,81.27,000000,98569,9999.0,106100,58635000,7,5,1,1,57.10,1,120,5,5.490,58635000,102705000,114,1,1,9,9,0,1,0,0,0,0,0,0,0
2,20001190,48,41700,029,121804,68.50,65904,85469,0.7711,89300,12155000,1,1,1,1,63.28,1,60,5,5.890,12155000,19205000,57,1,1,9,9,0,1,0,0,0,0,1,0,0
2,20001191,06,41860,075,042700,57.71,114949,154003,0.7464,166600,2605000,2,1,1,4,61.60,2,360,1,4.150,2895000,7105000,47,9,9,9,9,0,1,0,0,0,0,0,0,0
2,20001192,06,31080,059,086901,81.87,61500,101056,0.6086,105700,3935000,2,1,1,4,61.60,2,360,1,3.150,3935000,6065000,59,9,1,9,9,0,1,0,0,0,0,1,0,0
2,20001193,51,47900,153,900803,86.75,116319,144539,0.8048,152900,50685000,7,3,1,1,60.34,1,60,5,5.420,50685000,84005000,57,1,1,9,9,0,1,0,0,0,0,0,0,0
2,20001194,53,42660,033,005803,31.64,223819,127870,1.7504,136600,2535000,2,1,1,1,60.53,1,60,1,4.980,2535000,4185000,36,1,1,9,9,0,1,0,0,0,0,0,0,0
2,20001195,36,10580,001,012700,23.12,74231,109385,0.6786,117800,38975000,2,1,1,1,61.38,1,84,5,5.950,38975000,63505000,78,1,1,9,9,0,1,0,0,0,0,0,0,0
2,20001196,39,10420,153,506800,63.48,43665,90421,0.4829,95800,24585000,7,1,1,1,57.58,1,120,4,6.000,24585000,42705000,114,1,1,9,9,0,1,0,0,0,0,1,0,0
2,20001197,04,38060,013,614100,29.67,117003,93191,1.2555,101300,49425000,1,1,1,1,56.81,1,120,5,5.620,49425000,87005000,114,1,1,9,9,0,1,0,0,0,0,0,1,0
2,20001198,45,12260,003,020500,26.01,112536,78239,1.4384,87100,32205000,2,1,1,1,70.00,1,60,5,4.950,32205000,46005000,57,1,1,9,9,0,1,0,0,0,0,0,0,0
2,20001199,39,18140,049,007424,41.51,93750,97262,0.9639,103300,46935000,1,1,1,1,65.00,1,72,5,5.610,46935000,72205000,69,1,1,9,9,0,1,0,0,0,0,0,1,0
2,20001200,06,31080,037,275101,55.06,115750,101056,1.1454,105700,43385000,1,1,1,1,59.84,1,60,5,5.790,43385000,72505000,57,1,1,9,9,0,1,0,0,0,0,0,0,0
2,20001201,40,46140,037,020604,31.70,97365,83507,1.1660,85300,2565000,7,1,1,1,66.62,1,84,3,6.550,2565000,3855000,84,1,1,9,9,0,1,1,0,0,0,0,1,0
2,20001202,06,41940,085,503709,95.86,44306,172303,0.2571,180400,5045000,7,1,1,1,55.86,1,84,2,6.120,5045000,9035000,84,1,1,9,9,0,1,0,0,0,0,1,0,0
2,20001203,48,19100,121,021536,58.06,112333,99957,1.1238,107300,67725000,1,1,1,1,75.00,1,60,5,5.760,67725000,90305000,36,1,1,9,9,90,1,0,0,0,0,0,1,0
2,20001204,37,16740,119,001918,80.30,36219,93744,0.3864,100300,40935000,7,3,1,1,69.97,1,84,5,6.556,40935000,58505000,12,1,1,9,9,0,1,0,0,0,0,0,0,0
2,20001205,12,36740,095,013603,60.41,45421,83343,0.5450,90400,45815000,2,3,1,1,55.00,1,84,5,5.939,45815000,83305000,12,1,1,9,9,0,1,0,0,0,0,0,0,0
2,20001206,06,41860,001,436602,92.48,82674,154003,0.5368,166600,7505000,7,1,1,1,60.24,1,60,2,5.590,7505000,12455000,36,1,1,9,9,0,1,0,0,0,0,1,0,0
2,20001207,48,41700,029,151600,87.96,67760,85469,0.7928,89300,2975000,7,1,1,1,62.55,1,84,3,7.150,2975000,4755000,84,1,1,9,9,0,1,0,0,0,0,0,0,0
2,20001208,37,99999,171,930302,21.91,80833,71903,1.1242,73300,1915000,1,1,1,1,49.10,1,120,3,5.670,1915000,3905000,84,1,1,9,9,0,1,1,0,1,0,0,0,0
2,20001209,53,42660,033,009600,20.68,231375,127870,1.8095,136600,2975000,7,1,1,1,45.92,1,84,1,4.810,2975000,6475000,84,1,1,9,9,0,1,0,0,0,0,0,1,0
2,20001210,48,19100,113,007910,50.90,123095,99957,1.2315,107300,18805000,2,1,1,1,50.00,1,60,5,4.900,18805000,37605000,57,1,1,9,9,0,1,0,0,0,0,0,0,0
2,20001211,34,35620,013,003700,98.87,38125,113844,0.3349,119300,7925000,7,1,1,1,64.41,1,60,2,5.500,7925000,12305000,57,1,9,9,9,24,1,0,0,0,0,1,0,0
2,20001212,48,26420,201,532101,71.21,90929,92750,0.9804,95200,6505000,7,1,1,1,68.42,1,60,4,5.350,6505000,9505000,36,1,1,9,9,0,1,0,0,0,0,0,0,0
2,20001213,51,47900,013,101603,34.29,193512,144539,1.3388,152900,114825000,7,1,1,1,68.02,1,120,5,4.900,114825000,168805000,114,1,1,9,9,0,1,0,0,0,0,0,0,0
2,20001214,42,37980,045,402000,66.59,88906,108977,0.8158,114700,4255000,7,1,1,1,61.86,1,60,2,5.630,4255000,6875000,57,1,1,9,9,0,1,0,0,0,0,0,0,0
2,20001215,39,41780,043,041000,46.70,51397,82540,0.6227,94400,1205000,7,1,1,1,60.35,1,120,1,6.900,1205000,2005000,84,1,1,9,9,0,1,1,0,0,0,1,0,0
2,20001216,12,35840,115,002730,5.52,86367,91784,0.9410,97000,44175000,2,3,1,1,53.29,1,60,5,6.150,44175000,82905000,57,1,1,9,9,0,1,0,0,0,0,0,1,0
2,20001217,08,19740,031,003102,33.39,172772,119980,1.4400,130400,1625000,7,5,1,1,65.06,1,60,1,5.910,1625000,2495000,36,1,1,9,9,0,1,0,0,0,0,0,0,0
2,20001218,48,41700,029,121123,52.87,72750,85469,0.8512,89300,17515000,2,1,1,1,63.02,1,60,5,5.510,17515000,27805000,57,1,1,9,9,0,1,0,0,0,0,0,0,0
2,20001219,12,34940,021,011114,30.10,68977,98919,0.6973,104300,70035000,7,1,1,1,63.32,1,60,5,5.300,70035000,110605000,57,1,1,9,9,0,1,0,0,0,0,0,0,0
2,20001220,41,18700,003,000900,25.25,117431,106149,1.1063,109800,65005000,7,3,1,1,54.62,1,60,5,5.940,65005000,119005000,57,1,1,9,9,0,1,0,0,0,0,0,0,0
2,20001221,04,38060,013,218200,44.29,138958,93191,1.4911,101300,14785000,2,1,1,1,68.29,1,84,4,5.440,14785000,21655000,78,1,1,9,9,0,1,0,0,0,0,0,1,0
2,20001222,39,19430,057,210401,18.89,94107,87717,1.0729,92900,14925000,1,1,1,1,71.76,1,120,5,5.940,14925000,20805000,114,1,1,9,9,0,1,0,0,0,0,0,0,0
2,20001223,09,35300,170,150200,30.87,79243,105763,0.7493,110400,3905000,7,1,1,1,11.85,1,60,5,5.280,3905000,32905000,57,1,1,9,9,0,1,1,0,0,0,0,0,0
2,20001224,36,35620,119,000401,88.45,48583,113844,0.4268,119300,52875000,1,1,1,1,66.93,1,60,5,5.800,52875000,79005000,57,1,1,9,9,0,1,0,0,0,0,0,0,0
2,20001225,37,16740,119,002300,90.84,21962,93744,0.2343,100300,12765000,1,1,1,1,73.37,1,60,5,5.440,12765000,17405000,57,1,9,9,9,100,1,0,0,0,0,1,0,0
2,20001226,48,32580,215,020910,82.83,73794,54864,1.3450,57300,3915000,2,1,1,1,79.65,1,180,3,4.640,3915000,4915000,174,1,9,9,9,90,1,0,0,0,0,0,1,0
2,20001227,34,35620,017,010900,56.07,88080,113844,0.7737,119300,17285000,2,1,1,1,64.03,1,60,3,5.780,17285000,27005000,36,1,1,9,9,0,1,0,0,0,0,1,0,0
2,20001228,48,19100,113,013718,91.88,63664,99957,0.6369,107300,16315000,7,1,1,1,70.00,1,60,4,5.520,16315000,23305000,57,1,9,9,9,0,1,0,0,0,0,0,0,0
2,20001229,39,17140,061,008300,68.38,85132,97826,0.8702,103700,1305000,1,1,1,1,64.17,1,120,2,6.450,1305000,2045000,84,1,1,9,9,0,1,0,0,0,0,1,0,0
2,20001230,53,42660,033,005000,29.01,236923,127870,1.8528,136600,6205000,2,1,1,1,54.39,1,60,2,5.460,6205000,11405000,36,1,1,9,9,0,1,0,0,0,0,0,1,0
2,20001231,40,46140,143,008600,49.72,66125,83507,0.7919,85300,8265000,7,1,1,1,70.00,1,60,4,5.710,8265000,11805000,57,1,9,9,9,0,1,0,0,0,0,1,0,0
2,20001232,42,37980,101,007300,82.23,60377,108977,0.5540,114700,3505000,2,1,1,1,70.00,1,84,1,5.040,3505000,5005000,81,1,1,9,9,0,1,0,0,0,0,0,0,0
2,20001233,04,22380,005,000800,47.41,49868,86862,0.5741,85900,62975000,7,3,1,1,53.73,1,60,5,5.940,62975000,117205000,57,1,1,9,9,0,1,0,0,0,0,1,0,0
2,20001234,42,38300,003,456004,15.87,117745,96434,1.2210,100600,5245000,7,1,1,1,74.99,1,60,3,5.770,5245000,6995000,57,1,1,9,9,0,1,0,0,0,0,0,0,0
2,20001235,01,33860,001,020501,25.71,85735,77591,1.1050,82500,33445000,1,1,1,1,70.00,1,60,5,5.590,33445000,47775000,57,1,1,9,9,0,1,0,0,0,0,0,0,0
2,20001236,37,11700,021,001900,18.76,79750,83126,0.9594,86300,36325000,7,1,1,1,63.06,2,84,5,5.990,36325000,57605000,78,1,1,9,9,0,1,0,0,0,0,0,0,0
2,20001237,02,11260,170,001300,17.20,112663,110687,1.0179,117200,3065000,7,1,1,1,90.00,1,180,2,6.140,3065000,3405000,174,1,1,9,9,98,1,1,0,0,0,0,0,0
2,20001238,42,37980,045,400600,58.77,98871,108977,0.9073,114700,1705000,1,1,1,1,59.51,2,84,2,6.450,1705000,2875000,81,1,1,9,9,0,1,0,0,0,0,0,0,0
2,20001239,22,35380,051,030300,42.70,48714,81500,0.5977,87100,13235000,1,1,1,1,71.55,1,120,5,5.980,13235000,18505000,114,1,1,9,9,0,1,0,0,0,0,0,0,0
2,20001240,06,41940,085,505901,62.86,216349,172303,1.2556,180400,26055000,7,5,1,1,60.74,1,204,5,4.340,26055000,42905000,198,1,9,9,9,100,1,0,0,0,0,0,1,0
2,20001241,34,35620,039,039302,96.97,31572,113844,0.2773,119300,5765000,7,1,1,1,69.93,1,60,2,5.830,5765000,8255000,36,1,1,9,9,0,1,0,0,0,0,1,0,0
2,20001242,42,38300,003,060300,20.11,148542,96434,1.5404,100600,62505000,2,1,1,1,57.35,1,60,5,5.760,62505000,109005000,57,1,1,9,9,0,1,0,0,0,0,0,0,0
2,20001243,53,42660,033,008600,52.94,156250,127870,1.2219,136600,3285000,7,1,1,1,42.61,1,84,1,4.810,3285000,7705000,84,1,1,9,9,0,1,0,0,0,0,0,0,0
2,20001244,18,26900,097,340400,82.43,52054,93688,0.5556,101200,14665000,1,1,1,1,60.59,1,60,5,5.760,14665000,24205000,48,1,1,9,9,0,1,0,0,0,0,1,0,0
2,20001245,53,28420,005,010902,48.43,65496,92746,0.7062,99900,16235000,7,1,1,1,71.83,1,120,4,5.770,16235000,22605000,114,1,1,9,9,0,1,0,0,0,0,0,0,0
2,20001246,06,41500,053,011203,97.09,74500,97004,0.7680,103200,5465000,2,5,1,4,46.02,2,192,3,5.750,6075000,13205000,0,1,1,9,9,99,1,1,0,0,0,1,0,0
2,20001247,06,41740,073,004600,49.89,75690,111734,0.6774,119500,3005000,7,1,1,4,61.60,2,120,1,5.900,3005000,5745000,35,1,1,9,9,0,1,0,0,0,0,0,0,0
2,20001248,08,19740,031,015800,78.08,68424,119980,0.5703,130400,31625000,1,1,1,1,53.60,1,66,5,5.020,31625000,59005000,63,1,1,9,9,0,1,0,0,0,0,1,0,0
2,20001249,06,41860,013,339003,41.75,132893,154003,0.8629,166600,46975000,7,3,1,1,56.73,1,60,4,5.850,46975000,82805000,57,1,1,9,9,0,1,0,0,0,0,0,0,0
2,20001250,32,29820,003,003420,73.99,58523,82358,0.7106,87800,21415000,2,1,1,1,66.50,1,60,5,4.930,21415000,32205000,36,1,1,9,9,0,1,0,0,0,0,0,0,0
2,20001251,08,17820,041,003308,49.17,65684,98394,0.6676,103700,29405000,7,1,1,1,60.00,1,60,5,5.370,29405000,49005000,57,1,1,9,9,0,1,0,0,0,0,0,0,0
2,20001252,38,99999,089,963502,24.39,94792,101972,0.9296,108300,2105000,1,1,1,1,70.00,1,120,2,5.610,2105000,3005000,117,1,1,9,9,0,1,1,0,0,0,0,0,0
2,20001253,48,19100,497,150603,32.22,90987,99957,0.9103,107300,2825000,1,1,1,1,75.36,1,120,2,5.960,2825000,3755000,60,1,1,9,9,0,1,0,0,0,0,0,0,0
2,20001254,18,16980,089,011300,97.50,48750,106055,0.4597,109800,8935000,2,1,1,1,71.85,2,206,5,4.550,8935000,12445000,200,1,1,9,9,100,1,0,0,0,0,1,0,0
2,20001255,18,26900,063,210607,31.55,88179,93688,0.9412,101200,1885000,2,3,1,4,71.10,2,192,3,5.390,1905000,3605000,0,1,9,9,9,100,1,0,0,0,0,0,0,0
2,20001256,28,99999,081,950404,21.17,124029,80674,1.5374,84100,4865000,7,1,1,1,64.91,1,60,3,6.460,4865000,7505000,36,1,1,9,9,0,1,1,0,0,0,0,1,0
2,20001257,53,42660,061,041906,60.48,57438,127870,0.4492,136600,24865000,1,1,1,1,58.78,1,60,5,5.250,24865000,42305000,57,1,1,9,9,0,1,0,0,0,0,1,0,0
2,20001258,13,19140,313,000802,20.92,88558,69402,1.2760,76600,1555000,1,1,1,1,68.89,1,120,1,5.650,1555000,2255000,84,1,1,9,9,0,1,0,0,0,0,0,0,0
2,20001259,47,28940,093,004502,17.54,133333,84160,1.5843,89000,23365000,1,1,1,1,75.00,1,60,5,5.610,23365000,31155000,57,1,1,9,9,0,1,0,0,0,0,0,0,0
2,20001260,27,33460,053,103600,16.17,176528,119274,1.4800,123700,51975000,1,1,1,1,69.95,1,60,5,5.930,51975000,74305000,57,1,1,9,9,0,1,0,0,0,0,0,0,0
2,20001261,06,40900,067,003202,82.70,71048,106925,0.6645,113700,5605000,7,1,1,1,45.62,1,60,3,6.150,5605000,12275000,36,1,1,9,9,0,1,0,0,0,0,1,0,0
2,20001262,13,12060,013,180203,55.62,52474,98569,0.5324,106100,4375000,2,1,1,1,66.29,1,180,3,4.920,4375000,6605000,174,1,9,9,9,93,1,0,0,0,0,1,0,0
2,20001263,48,19100,439,113117,76.81,44044,99957,0.4406,107300,13025000,1,1,1,1,58.15,1,60,5,5.150,13025000,22405000,57,1,1,9,9,0,1,0,0,0,0,1,0,0
2,20001264,48,26420,201,553804,60.64,91358,92750,0.9850,95200,12585000,1,5,1,1,67.20,2,36,4,6.000,11895000,21405000,12,1,1,9,9,0,1,0,0,0,0,0,0,0
2,20001265,06,41860,001,407500,94.75,58889,154003,0.3824,166600,1705000,7,1,1,4,61.60,2,360,1,3.450,1705000,2505000,59,9,1,9,9,0,1,0,0,0,0,1,0,0
2,20001266,17,16980,031,410900,58.99,142639,106055,1.3450,109800,3535000,7,1,1,1,59.93,1,60,2,5.380,3535000,5905000,57,1,1,9,9,0,1,0,0,0,0,0,0,0
2,20001267,06,41860,075,013401,30.25,229750,154003,1.4919,166600,3505000,2,1,1,4,61.60,2,360,1,3.150,3505000,8755000,47,9,1,9,9,0,1,0,0,0,0,0,1,0
2,20001268,47,28940,093,003801,31.83,55568,84160,0.6603,89000,51335000,7,1,1,1,69.10,1,60,5,5.700,51335000,74305000,57,1,1,9,9,0,1,0,0,0,0,0,0,0
2,20001269,17,16980,031,813701,96.19,57287,106055,0.5402,109800,1055000,7,1,1,1,75.00,1,120,1,5.420,1055000,1405000,117,1,1,9,9,0,1,0,0,0,0,1,0,0
2,20001270,48,36220,135,001700,52.09,91097,81404,1.1191,82000,4705000,7,1,1,1,68.37,1,84,3,7.130,4705000,6885000,84,1,1,9,9,0,1,0,0,0,0,0,1,0
2,20001271,24,12580,005,451300,48.23,60259,118479,0.5086,122200,32235000,7,1,1,1,67.72,1,60,5,5.580,32235000,47605000,57,1,1,9,9,0,1,0,0,0,0,1,0,0
2,20001272,44,39300,007,012102,35.44,78873,103773,0.7601,113200,1685000,1,1,1,1,77.24,1,120,1,6.000,1685000,2175000,84,1,1,9,9,0,1,0,0,0,0,0,0,0
2,20001273,37,39580,183,053205,25.78,154186,113293,1.3610,122300,42905000,1,1,1,1,65.00,1,72,5,4.730,42905000,66005000,69,1,1,9,9,0,1,0,0,0,0,0,1,0
2,20001274,39,17410,035,160602,30.88,79464,90488,0.8782,97200,3745000,7,3,1,1,64.09,1,120,3,5.490,3745000,5855000,84,1,1,9,9,0,1,0,0,0,0,1,0,0
2,20001275,48,19100,113,016410,72.68,93167,99957,0.9321,107300,68485000,2,1,1,1,60.07,1,120,5,5.780,68485000,114005000,114,1,1,9,9,90,1,0,0,0,0,0,0,0
2,20001276,39,17140,061,020902,31.24,55787,97826,0.5703,103700,1065000,7,5,1,1,62.65,1,120,2,6.320,1065000,1705000,84,1,1,9,9,0,1,0,0,0,0,1,0,0
2,20001277,48,19100,113,000902,43.85,170781,99957,1.7085,107300,3405000,7,1,1,1,61.98,1,60,2,5.940,3405000,5505000,36,1,1,9,9,0,1,0,0,0,0,0,0,0
2,20001278,13,12060,117,130511,36.31,198309,98569,2.0119,106100,53105000,1,1,1,1,60.00,1,60,5,5.200,53105000,88505000,57,1,1,9,9,0,1,0,0,0,0,0,0,0
2,20001279,40,36420,109,108208,43.74,68611,84302,0.8139,89100,1985000,1,1,1,1,74.31,1,84,2,7.050,1985000,2675000,84,1,1,9,9,100,1,0,0,0,0,1,0,0
2,20001280,12,45300,103,022902,49.40,79946,84454,0.9466,92000,2385000,1,1,1,1,64.87,1,60,2,7.120,2385000,3675000,36,1,1,9,9,0,1,0,0,0,0,0,0,0
2,20001281,06,40900,067,007414,53.10,75953,106925,0.7103,113700,28225000,7,1,1,1,62.31,1,120,5,5.060,28225000,45305000,114,1,1,9,9,0,1,0,0,0,0,0,0,0
2,20001282,06,41940,085,503112,85.43,90321,172303,0.5242,180400,4405000,7,1,1,4,61.60,2,360,2,3.250,4405000,9805000,59,9,1,9,9,0,1,0,0,0,0,1,0,0
2,20001283,13,12060,067,031113,78.51,76765,98569,0.7788,106100,71045000,7,3,1,1,67.92,1,84,5,6.556,71045000,104605000,12,1,1,9,9,0,1,0,0,0,0,0,0,0
2,20001284,37,24660,081,012703,50.50,106597,76183,1.3992,80700,71265000,7,1,1,1,61.07,1,120,5,6.130,71265000,116705000,114,1,1,9,9,0,1,0,0,0,0,0,0,0
2,20001285,48,26420,157,673802,70.18,124271,92750,1.3399,95200,63905000,7,1,1,1,64.95,1,60,5,5.590,63905000,98405000,57,1,1,9,9,0,1,0,0,0,0,0,1,0
2,20001286,48,26420,201,530702,94.01,55694,92750,0.6005,95200,35005000,1,1,1,1,65.06,1,204,5,5.770,35005000,53805000,198,1,9,9,9,100,1,0,0,0,0,1,0,0
2,20001287,06,31080,037,214000,15.49,204818,101056,2.0268,105700,2405000,7,1,1,4,61.60,2,360,1,4.550,2405000,3455000,59,9,1,9,9,0,1,0,0,0,0,0,1,0
2,20001288,53,38900,011,041317,35.56,78139,110489,0.7072,116900,2885000,1,1,1,1,62.11,1,84,1,6.170,2885000,4655000,84,1,1,9,9,0,1,0,0,0,0,0,0,0
2,20001289,12,45300,103,020209,58.69,102007,84454,1.2078,92000,9265000,1,1,1,1,53.26,1,60,4,5.600,9265000,17405000,57,1,1,9,9,0,1,0,0,0,0,0,0,0
2,20001290,51,47900,013,101503,22.25,250001,144539,1.7296,152900,74135000,7,1,1,1,58.84,1,60,5,6.426,74135000,126005000,12,1,1,9,9,7,1,0,0,0,0,0,1,0
2,20001291,53,38900,011,041331,37.53,74342,110489,0.6729,116900,55185000,7,1,1,1,65.00,1,60,5,5.400,55185000,84905000,57,1,1,9,9,0,1,0,0,0,0,0,0,0
2,20001292,08,19740,005,006859,40.47,117713,119980,0.9811,130400,57475000,1,1,1,1,48.71,1,60,5,5.620,57475000,118005000,57,1,1,9,9,0,1,0,0,0,0,0,0,0
2,20001293,18,26900,097,320108,70.83,56706,93688,0.6053,101200,15625000,7,1,1,1,67.06,1,60,5,5.050,15625000,23305000,57,1,1,9,9,0,1,0,0,0,0,1,0,0
2,20001294,48,26420,201,550603,97.27,68448,92750,0.7380,95200,4005000,7,1,1,1,42.55,2,60,4,6.740,4005000,9405000,36,1,1,9,9,0,1,0,0,0,0,0,0,0
2,20001295,08,24540,123,000402,51.18,55208,102620,0.5380,114500,3285000,7,5,1,1,59.10,1,60,2,6.270,3285000,5555000,36,1,1,9,9,0,1,0,0,0,0,0,0,0
2,20001296,45,16700,019,005601,29.34,121918,96573,1.2624,105100,41895000,1,1,1,1,70.00,1,60,5,5.290,41895000,59855000,57,1,1,9,9,0,1,0,0,0,0,0,0,0
2,20001297,45,25940,013,000902,26.23,91250,90472,1.0086,101800,20795000,7,1,1,1,61.70,1,60,5,5.970,20795000,33705000,36,1,1,9,9,0,1,1,0,0,0,0,0,0
2,20001298,06,41740,073,012800,77.25,84219,111734,0.7538,119500,2075000,2,1,1,4,61.60,2,360,1,3.400,2075000,4105000,59,9,1,9,9,0,1,0,0,0,0,0,0,0
2,20001299,06,40900,017,030804,21.64,124959,106925,1.1687,113700,66005000,1,1,1,1,67.16,1,60,2,6.910,66005000,98285000,57,1,1,9,9,0,1,0,0,0,0,0,0,0
2,20001300,26,19820,099,232301,28.01,82143,93779,0.8759,97300,26985000,7,1,1,1,68.15,1,60,5,5.440,26985000,39605000,57,1,1,9,9,0,1,0,0,0,0,0,0,0
2,20001301,48,19100,113,019027,73.69,69811,99957,0.6984,107300,22855000,1,1,1,1,74.68,1,84,5,5.630,22855000,30605000,78,1,1,9,9,50,1,0,0,0,0,0,0,0
2,20001302,48,17780,041,000605,87.63,52708,82943,0.6355,93400,6555000,2,1,1,1,56.53,1,84,3,7.501,6555000,11605000,12,1,1,9,9,0,1,0,0,0,0,1,0,0
2,20001303,01,17980,113,030601,78.91,48125,68897,0.6985,68500,2085000,7,1,1,1,69.98,1,84,2,6.280,2085000,2975000,81,1,1,9,9,0,1,0,0,0,0,1,0,0
2,20001304,08,19740,001,008562,39.29,129517,119980,1.0795,130400,53965000,1,1,1,1,56.52,1,84,5,5.350,53965000,95475000,78,1,1,9,9,0,1,0,0,0,0,0,0,0
2,20001305,18,99999,133,956301,13.47,59111,84209,0.7020,101200,17105000,7,1,1,1,68.71,1,84,3,7.170,17105000,24895000,36,1,1,9,9,0,1,0,0,0,0,0,0,0
2,20001306,13,12060,063,040203,98.36,78718,98569,0.7986,106100,12445000,7,1,1,1,66.58,1,60,3,5.650,12445000,18695000,57,1,1,9,9,0,1,0,0,0,0,1,0,0
2,20001307,17,16980,031,010201,77.33,61161,106055,0.5767,109800,4445000,7,1,1,1,63.91,1,60,2,5.740,4445000,6955000,36,1,1,9,9,0,1,0,0,0,0,1,0,0
2,20001308,48,26420,201,333903,91.89,90072,92750,0.9711,95200,35395000,7,1,1,1,62.53,1,60,5,6.150,35395000,56605000,57,1,1,9,9,51,1,0,0,0,0,0,0,0
2,20001309,48,19100,121,020507,38.66,82313,99957,0.8235,107300,2685000,1,1,1,1,58.78,1,84,2,4.980,2685000,4575000,84,1,1,9,9,0,1,0,0,0,0,0,0,0
2,20001310,48,41700,029,181703,59.11,120561,85469,1.4106,89300,13055000,7,1,1,1,44.24,1,120,5,5.540,13055000,29505000,114,1,1,9,9,0,1,0,0,0,0,0,0,0
2,20001311,34,35620,027,042700,25.01,250001,113844,2.1960,119300,26975000,7,1,1,1,65.00,1,120,4,5.170,26975000,41505000,114,1,1,9,9,0,1,0,0,0,0,0,1,0
2,20001312,48,33260,329,000302,49.31,110880,107796,1.0286,91500,5505000,7,3,1,1,47.83,1,120,4,5.900,5505000,11505000,84,1,1,9,9,0,1,0,0,0,0,0,0,0
2,20001313,25,14460,017,364102,16.48,146284,134646,1.0864,142000,27545000,2,1,1,1,61.07,1,84,4,7.060,27545000,45105000,48,1,1,9,9,0,1,0,0,0,0,0,0,0
2,20001314,12,37340,009,064602,30.14,78618,87701,0.8964,99700,16105000,1,1,1,1,72.53,1,84,5,6.160,16105000,22205000,78,1,1,9,9,0,1,0,0,0,0,0,0,0
2,20001315,21,17140,015,070407,18.38,111250,97826,1.1372,103700,9005000,7,5,1,1,45.23,1,35,5,5.740,9005000,19905000,0,1,1,9,1,100,1,0,0,0,0,0,0,0
2,20001316,13,42340,051,010801,30.30,85577,87035,0.9833,92400,12745000,7,1,1,1,45.51,1,120,4,6.240,12745000,28005000,114,1,1,9,9,0,1,0,0,0,0,0,0,0
2,20001317,47,16860,065,010905,18.28,98971,82235,1.2035,92100,26235000,2,1,1,1,57.41,1,60,5,5.680,26235000,45705000,57,1,1,9,9,0,1,0,0,0,0,0,0,0
2,20001318,04,46060,019,000100,39.78,134464,82620,1.6275,90200,60225000,7,1,1,1,69.87,1,120,5,5.100,60225000,86205000,114,1,1,9,9,0,1,0,0,0,0,1,0,0
2,20001319,32,29820,003,003233,47.39,109298,82358,1.3271,87800,32305000,7,1,1,1,61.48,1,60,5,4.950,32305000,52555000,57,1,1,9,9,0,1,0,0,0,0,0,1,0
2,20001320,06,31080,037,670002,68.51,98571,101056,0.9754,105700,2165000,2,1,1,4,61.60,2,360,1,3.300,2335000,3695000,47,9,9,9,9,0,1,0,0,0,0,0,0,0
2,20001321,27,40340,109,000100,28.69,64048,109238,0.5863,112700,27575000,1,1,1,1,67.78,1,84,5,6.220,27575000,40695000,78,1,1,9,9,0,1,0,0,0,0,1,0,0
2,20001322,06,23420,019,008503,98.92,54917,76092,0.7217,84300,5265000,1,1,1,1,66.68,1,60,3,5.580,5265000,7895000,36,1,1,9,9,99,1,1,0,0,1,1,0,0
2,20001323,34,35620,025,808600,16.41,160756,113844,1.4121,119300,4295000,2,3,1,1,90.00,2,174,4,3.490,4295000,4765000,168,1,9,9,9,20,1,1,0,0,0,0,0,0
2,20001324,48,99999,143,950501,29.94,88469,82379,1.0739,87500,47415000,7,1,1,1,66.23,1,60,5,5.640,47415000,71605000,57,1,9,9,9,0,1,1,0,0,0,0,0,0
2,20001325,48,19100,121,021646,64.99,96842,99957,0.9688,107300,40785000,7,5,1,1,57.85,1,120,5,5.490,40785000,70505000,114,1,1,9,9,0,1,0,0,0,0,0,1,0
2,20001326,06,31080,037,301602,58.22,89940,101056,0.8900,105700,3615000,2,1,1,4,61.60,2,360,1,3.400,3615000,6035000,59,9,1,9,9,0,1,0,0,0,0,0,1,0
2,20001327,13,12060,089,022206,69.71,100265,98569,1.0172,106100,13595000,7,1,1,1,54.38,1,60,4,5.500,13595000,25005000,57,1,1,9,9,0,1,0,0,0,0,0,0,0
2,20001328,06,41940,085,509107,80.94,147727,172303,0.8574,180400,2905000,2,1,1,4,61.60,2,360,1,3.350,2905000,5555000,59,9,1,9,9,0,1,0,0,0,0,0,1,0
2,20001329,27,33460,003,050505,24.96,94323,119274,0.7908,123700,5935000,1,5,1,1,78.25,1,120,3,5.230,5935000,7585000,84,1,1,9,9,0,1,0,0,0,0,0,0,0
2,20001330,48,12420,453,002437,59.75,69286,115204,0.6014,126000,14655000,7,1,1,1,39.61,1,60,5,6.100,14655000,37005000,36,1,1,9,9,100,1,0,0,0,0,0,1,0
2,20001331,45,16700,019,000700,21.38,000000,96573,9999.0,105100,18915000,7,1,1,1,62.53,1,120,2,5.780,18915000,30255000,114,1,1,9,9,0,1,0,0,0,0,1,0,0
2,20001332,37,16740,119,003808,93.19,49205,93744,0.5249,100300,9705000,1,1,1,1,58.39,1,120,4,5.380,9705000,16625000,114,1,1,9,9,40,1,0,0,0,0,1,0,0
2,20001333,48,18580,355,003500,79.21,76982,77127,0.9981,75300,2865000,7,1,1,1,68.29,1,84,2,6.800,2865000,4205000,84,1,1,9,9,0,1,0,0,0,0,0,0,0
2,20001334,48,47380,309,002302,65.60,40768,77527,0.5259,83100,2055000,7,1,1,1,67.66,1,60,3,5.740,2055000,3035000,60,1,1,9,9,0,1,0,0,0,0,0,0,0
2,20001335,12,33100,011,050312,87.65,35928,80554,0.4460,87600,11915000,1,1,1,1,59.60,1,84,5,8.106,11915000,20005000,3,1,1,9,9,100,1,0,0,0,0,1,0,0
2,20001336,48,41700,029,181732,76.58,55731,85469,0.6521,89300,32245000,7,1,1,1,65.00,1,60,5,4.910,32245000,49605000,57,1,1,9,9,0,1,0,0,0,0,0,0,0
2,20001337,24,47900,031,704806,42.57,154281,144539,1.0674,152900,97285000,1,1,1,1,64.21,1,60,5,6.170,97285000,151505000,57,1,1,9,9,0,1,0,0,0,0,0,1,0
2,20001338,51,47900,059,481202,69.53,99744,144539,0.6901,152900,87755000,1,1,1,1,65.00,1,84,5,5.370,87755000,135005000,78,1,1,9,9,15,1,0,0,0,0,0,0,0
2,20001339,10,20100,001,040502,53.27,90978,82307,1.1054,91300,6325000,7,1,1,1,61.43,1,60,3,5.960,6325000,10305000,57,1,1,9,9,100,1,1,0,0,0,0,0,0
2,20001340,01,99999,047,956300,92.06,42669,64305,0.6635,66100,2385000,7,1,1,1,47.57,1,180,3,6.080,2385000,5015000,174,1,9,9,9,100,1,1,1,0,0,1,0,0
2,20001341,51,47260,710,000100,42.43,68893,95214,0.7236,100000,1705000,7,1,1,1,63.55,1,84,1,5.430,1705000,2675000,81,1,1,9,9,0,1,0,0,0,0,0,0,0
2,20001342,26,19820,163,541800,88.95,32875,93779,0.3506,97300,1655000,7,1,1,1,57.97,1,60,3,6.460,1655000,2855000,36,1,1,9,9,0,1,0,0,0,0,1,0,0
2,20001343,04,38060,013,110901,41.60,80774,93191,0.8668,101300,2705000,7,1,1,1,62.91,1,120,1,6.000,2705000,4305000,84,1,9,9,9,0,1,0,0,0,0,0,0,0
2,20001344,21,17140,015,070606,10.81,93451,97826,0.9553,103700,2235000,1,3,1,4,71.10,2,216,3,.170,2255000,999999999,0,1,1,9,9,0,1,0,0,0,0,0,0,0
2,20001345,26,22420,049,011611,24.29,000000,75461,9999.0,78300,4225000,7,1,1,1,63.12,1,120,3,5.050,4225000,6705000,117,1,1,9,9,0,1,0,0,0,0,0,0,0
2,20001346,06,40140,071,008100,62.33,59449,90585,0.6563,97500,2465000,7,1,1,1,60.00,1,60,1,6.410,2465000,4105000,36,1,1,9,9,0,1,0,0,0,0,0,0,0
2,20001347,32,29820,003,000203,70.05,54194,82358,0.6580,87800,27725000,1,1,1,1,69.47,1,120,5,5.500,27725000,39905000,114,1,1,9,9,0,1,0,0,0,0,1,0,0
2,20001348,06,31080,037,208802,86.68,71532,101056,0.7079,105700,1275000,7,5,1,1,65.00,1,60,1,6.730,1275000,1965000,36,1,1,9,9,0,1,0,0,0,0,1,0,0
2,20001349,47,34980,119,010401,26.06,73464,96905,0.7581,104700,5155000,7,1,1,1,66.96,1,120,2,6.300,5155000,7705000,114,1,1,9,9,0,1,1,0,0,0,0,0,0
2,20001350,27,33460,053,026907,19.07,149464,119274,1.2531,123700,8835000,1,3,1,1,73.04,1,84,3,5.970,8835000,12095000,78,1,1,9,9,100,1,0,0,0,0,0,0,0
2,20001351,05,30780,125,010106,24.42,83472,81609,1.0228,86400,2315000,7,1,1,1,58.41,1,60,2,6.170,2315000,3965000,36,1,1,9,9,0,1,0,0,0,0,0,0,0
2,20001352,06,40900,067,007413,59.94,52691,106925,0.4928,113700,26325000,7,3,1,1,70.00,1,60,4,5.540,26325000,37605000,57,1,1,9,9,40,1,0,0,0,0,1,0,0
2,20001353,26,19820,125,140800,49.84,103250,93779,1.1010,97300,58965000,7,1,1,1,68.09,1,60,5,5.440,58965000,86605000,57,1,1,9,9,0,1,0,0,0,0,0,0,0
2,20001354,18,26900,057,110815,27.86,178882,93688,1.9093,101200,41445000,7,3,1,1,64.65,1,60,5,5.020,41445000,64105000,57,1,1,9,9,0,1,0,0,0,0,0,1,0
2,20001355,24,12580,510,130803,36.87,92131,118479,0.7776,122200,2605000,2,1,1,1,45.61,1,84,2,6.100,2605000,5705000,84,1,1,9,9,0,1,0,0,0,0,0,1,0
2,20001356,36,35620,081,068300,92.23,72070,113844,0.6331,119300,11255000,1,1,1,1,75.00,1,60,4,5.160,11255000,15005000,57,1,1,9,9,0,1,0,0,0,0,0,0,0
2,20001357,53,38900,011,040810,35.71,110188,110489,0.9973,116900,5285000,2,1,1,1,58.77,1,60,2,5.940,5285000,8995000,36,1,1,9,9,0,1,0,0,0,0,0,0,0
2,20001358,24,12580,013,507702,16.66,127819,118479,1.0788,122200,10075000,7,1,1,1,61.42,2,84,5,6.150,10075000,16405000,78,1,1,9,9,100,1,0,0,0,0,0,1,0
2,20001359,48,19100,113,008500,89.68,56029,99957,0.5605,107300,1155000,1,5,1,1,57.50,1,60,2,5.060,1155000,2005000,36,1,1,9,9,0,1,0,0,0,0,1,0,0
2,20001360,26,19820,125,145200,21.20,93977,93779,1.0021,97300,51905000,2,1,1,1,59.12,1,60,5,5.440,51905000,87805000,57,1,1,9,9,0,1,0,0,0,0,0,0,0
2,20001361,51,47900,059,491202,61.75,100063,144539,0.6923,152900,105005000,1,3,1,1,70.00,1,60,5,5.060,105005000,150005000,57,1,1,9,9,0,1,0,0,0,0,0,0,0
2,20001362,25,14460,021,400100,35.72,135521,134646,1.0065,142000,13865000,7,1,1,1,49.52,1,60,3,6.240,13865000,28005000,57,1,1,9,9,0,1,0,0,0,0,0,0,0
2,20001363,36,35620,047,089000,97.75,69783,113844,0.6130,119300,1075000,7,1,1,1,54.97,1,60,1,5.840,1075000,1955000,36,1,1,9,9,0,1,0,0,0,0,1,0,0
2,20001364,53,42660,033,008600,52.94,156250,127870,1.2219,136600,9275000,7,1,1,1,71.86,1,84,2,5.670,9275000,12905000,78,1,1,9,9,0,1,0,0,0,0,0,0,0
2,20001365,08,19740,005,087200,44.76,133929,119980,1.1163,130400,29125000,1,1,1,1,64.86,1,60,5,5.130,29125000,44905000,57,1,1,9,9,0,1,0,0,0,0,0,0,0
2,20001366,47,34980,189,030906,14.45,102188,96905,1.0545,104700,49095000,7,1,1,1,53.30,1,60,5,5.050,49095000,92105000,57,1,1,9,9,0,1,0,0,0,0,0,0,0
2,20001367,12,45300,057,010814,60.20,34667,84454,0.4105,92000,57045000,7,1,1,1,54.75,2,60,5,6.110,57045000,104205000,57,1,1,9,9,0,1,0,0,0,0,1,0,0
2,20001368,24,37980,015,030503,30.12,74354,108977,0.6823,114700,40835000,7,1,1,1,66.39,1,60,5,5.230,40835000,61505000,57,1,1,9,9,0,1,0,0,0,0,0,0,0
2,20001369,29,28140,095,015800,19.67,165179,99766,1.6557,103000,25415000,1,1,1,1,63.54,1,60,4,5.790,25415000,40005000,57,1,1,9,9,0,1,0,0,0,0,0,0,0
2,20001370,06,41860,075,026202,90.94,136375,154003,0.8855,166600,4115000,2,1,1,4,61.60,2,360,1,3.150,4115000,5965000,35,9,1,9,9,0,1,0,0,0,0,0,0,0
2,20001371,06,40140,065,041407,82.36,69158,90585,0.7635,97500,21005000,1,1,1,1,56.53,1,84,5,7.637,21005000,37155000,3,1,1,9,9,99,1,0,0,0,0,0,0,0
2,20001372,22,35380,071,001747,98.47,138125,81500,1.6948,87100,15545000,1,3,1,4,68.05,2,204,5,3.700,15725000,23105000,204,1,9,9,9,100,1,0,0,0,0,0,0,0
2,20001373,05,99999,145,070802,27.00,40625,64231,0.6325,72900,8265000,1,1,1,1,75.00,1,120,5,5.900,8265000,11015000,114,1,1,9,9,2,1,1,1,0,0,1,0,0
2,20001374,39,18140,049,007550,70.00,000000,97262,9999.0,103300,21375000,7,3,1,1,62.49,1,60,5,5.970,21375000,34205000,36,1,1,9,9,0,1,0,0,0,0,0,0,0
2,20001375,31,36540,025,965600,11.80,93380,102337,0.9125,109700,2965000,2,3,1,1,70.69,1,180,2,6.250,2965000,4205000,174,1,1,9,9,78,1,0,0,0,0,0,1,0
2,20001376,48,17780,041,001102,57.54,63182,82943,0.7618,93400,2145000,2,3,1,1,56.93,1,60,2,7.070,2145000,3775000,36,1,1,9,9,0,1,0,0,0,0,0,0,0
2,20001377,17,16980,031,242700,63.52,79196,106055,0.7467,109800,2225000,7,1,1,1,71.77,1,60,1,6.210,2225000,3105000,36,1,1,9,9,0,1,0,0,0,0,1,0,0
2,20001378,48,19100,367,140201,24.87,81828,99957,0.8186,107300,15735000,1,1,1,1,65.55,1,60,4,6.090,15735000,24005000,57,1,1,9,9,0,1,1,0,0,0,0,0,0
2,20001379,04,38060,013,611600,23.72,178194,93191,1.9121,101300,60005000,1,1,1,1,55.15,1,120,5,5.850,60005000,108805000,114,1,1,9,9,0,1,0,0,0,0,0,1,0
2,20001380,12,39460,015,020104,10.68,81087,73880,1.0976,77900,35525000,1,1,1,1,53.42,1,60,5,6.400,35525000,66505000,36,1,1,9,9,0,1,0,0,0,0,0,1,0
2,20001381,09,25540,110,466101,15.74,170139,115967,1.4671,122400,18525000,2,1,1,1,63.02,1,60,3,5.460,18525000,29405000,57,1,1,9,9,0,1,0,0,0,0,0,0,0
2,20001382,42,37980,101,037600,56.09,000000,108977,9999.0,114700,25805000,1,1,1,1,65.00,1,60,5,5.590,25805000,39705000,57,1,1,9,9,0,1,0,0,0,0,1,0,0
2,20001383,06,31080,037,211122,80.85,67961,101056,0.6725,105700,3755000,2,1,1,1,69.48,1,60,1,5.120,3755000,5405000,36,1,1,9,9,0,1,0,0,0,0,1,0,0
2,20001384,48,10180,441,010900,45.85,69968,76762,0.9115,85600,4625000,1,1,1,1,66.52,1,120,4,6.430,4625000,6955000,84,1,1,9,9,0,1,0,0,0,0,0,0,0
2,20001385,06,31080,037,224010,83.71,41333,101056,0.4090,105700,69315000,7,1,1,1,53.90,1,60,5,5.510,69315000,128605000,57,1,1,9,9,0,1,0,0,0,0,1,0,0
2,20001386,37,25860,035,010402,39.88,57881,70831,0.8172,78100,3185000,7,1,1,1,61.15,1,84,2,6.340,3185000,5205000,84,1,1,9,9,0,1,0,0,0,0,0,0,0
2,20001387,47,34980,119,010802,33.75,75185,96905,0.7759,104700,3985000,1,3,1,1,68.03,1,84,3,6.450,3985000,5855000,84,1,1,9,9,0,1,1,0,0,0,0,0,0
2,20001388,08,19740,031,002405,46.07,000000,119980,9999.0,130400,15225000,7,1,1,1,58.75,1,60,3,5.530,15225000,25925000,57,1,1,9,9,0,1,0,0,0,0,0,0,0
2,20001389,13,12060,089,021415,43.52,220357,98569,2.2356,106100,13285000,2,1,1,1,67.11,1,84,3,6.360,13285000,19805000,78,1,1,9,9,0,1,0,0,0,0,0,1,0
2,20001390,45,16700,015,020716,44.47,96659,96573,1.0009,105100,4815000,1,1,1,1,65.00,1,84,2,5.960,4815000,7405000,84,1,1,9,9,0,1,0,0,0,0,0,0,0
2,20001391,17,16980,031,031300,48.62,94838,106055,0.8942,109800,6485000,7,1,1,1,60.92,1,60,2,6.330,6485000,10655000,36,1,1,9,9,0,1,0,0,0,0,0,0,0
2,20001392,37,16740,071,033303,17.18,120625,93744,1.2868,100300,4025000,2,3,1,4,71.10,2,214,3,5.180,4055000,6105000,0,1,1,9,9,100,1,0,0,0,0,0,0,0
2,20001393,41,38900,051,002001,21.51,114479,110489,1.0361,116900,7835000,2,3,1,1,51.51,1,198,4,4.500,7835000,15215000,192,1,9,9,9,99,1,0,0,0,0,0,0,0
2,20001394,06,41740,073,013319,81.42,140395,111734,1.2565,119500,71845000,1,1,1,1,61.75,1,84,5,5.340,71845000,116355000,78,1,1,9,9,0,1,0,0,0,0,0,1,0
2,20001395,21,31140,111,011906,59.14,60651,88819,0.6829,95900,10975000,2,3,1,1,71.00,2,84,5,5.499,10975000,18355000,12,1,1,9,9,0,1,0,0,0,0,0,0,0
2,20001396,39,17140,165,030501,11.69,78141,97826,0.7988,103700,22565000,7,3,1,1,71.00,2,84,5,5.499,22565000,27305000,12,1,1,9,9,0,1,0,0,0,0,0,0,0
2,20001397,48,19100,121,021745,76.38,84091,99957,0.8413,107300,28075000,7,1,1,1,70.00,1,60,5,5.580,28075000,40105000,57,1,1,9,9,0,1,0,0,0,0,0,0,0
2,20001398,37,16740,119,001100,18.78,153875,93744,1.6414,100300,6715000,7,1,1,1,53.04,1,60,3,5.910,6715000,12655000,57,1,1,9,9,0,1,0,0,0,0,0,0,0
2,20001399,34,35620,017,002200,45.04,145000,113844,1.2737,119300,8795000,7,1,1,1,46.27,1,60,2,6.090,8795000,19005000,57,1,9,9,9,0,1,0,0,0,0,0,1,0
2,20001400,48,19100,439,106520,87.73,45185,99957,0.4520,107300,7505000,1,5,1,1,57.25,1,84,4,6.050,7505000,13105000,81,1,1,9,9,0,1,0,0,0,0,1,0,0
2,20001401,21,30460,067,003912,33.87,81974,89904,0.9118,95200,29685000,1,1,1,1,62.42,1,144,5,5.830,29685000,47555000,138,1,1,9,9,0,1,0,0,0,0,0,0,0
2,20001402,48,18580,355,003304,65.22,62102,77127,0.8052,75300,13285000,7,1,1,1,66.32,1,120,4,6.000,13285000,20035000,114,1,1,9,9,0,1,0,0,0,0,0,0,0
2,20001403,09,14860,120,073800,95.83,38036,135149,0.2814,145700,1545000,1,1,1,1,68.44,1,60,1,6.610,1545000,2255000,36,1,1,9,9,0,1,0,0,0,0,1,0,0
2,20001404,48,19100,113,018128,78.83,57148,99957,0.5717,107300,1205000,2,1,1,1,26.03,1,84,3,6.510,1205000,4615000,84,1,1,9,9,0,1,0,0,0,0,0,0,0
2,20001405,39,19430,113,090600,22.10,48650,87717,0.5546,92900,2415000,7,5,1,1,63.66,1,84,2,6.291,2415000,3805000,84,1,1,9,9,0,1,0,0,0,0,1,0,0
2,20001406,06,31080,037,128601,60.13,75407,101056,0.7462,105700,2315000,2,1,1,1,59.69,1,120,1,5.420,2315000,3885000,117,1,1,9,9,0,1,0,0,0,0,0,0,0
2,20001407,18,99999,023,950600,33.20,62824,77754,0.8080,81600,5215000,7,1,1,1,70.00,1,120,3,5.430,5215000,7455000,84,1,1,9,9,0,1,1,0,0,0,0,0,0
2,20001408,48,18580,355,003003,51.49,90186,77127,1.1693,75300,17995000,7,3,1,1,70.00,1,84,5,6.160,17995000,25705000,78,1,1,9,9,0,1,0,0,0,0,0,1,0
2,20001409,18,26900,011,810700,9.51,90982,93688,0.9711,101200,34185000,7,1,1,1,68.22,1,120,5,5.200,34185000,50105000,114,1,1,9,9,0,1,1,0,0,0,0,1,0
2,20001410,04,38060,013,116703,74.70,101660,93191,1.0909,101300,3945000,7,1,1,1,58.87,1,84,2,6.010,3945000,6705000,81,1,1,9,9,0,1,1,0,0,0,0,1,0
2,20001411,40,36420,027,201514,29.96,143007,84302,1.6964,89100,19275000,1,1,1,1,64.89,2,60,5,5.970,19275000,29705000,57,1,1,9,9,0,1,0,0,0,0,0,1,0
2,20001412,55,31540,025,011101,30.08,76250,112276,0.6791,121200,29445000,7,1,1,1,65.00,1,60,5,5.910,29445000,45305000,57,1,1,9,9,0,1,0,0,0,0,0,0,0
2,20001413,24,41540,045,010101,45.24,84904,89809,0.9454,100600,4255000,7,1,1,1,42.93,1,84,4,5.160,4255000,9905000,78,1,9,9,9,100,1,0,0,0,0,0,0,0
2,20001414,13,12060,089,020500,46.81,150972,98569,1.5316,106100,8105000,7,1,1,1,60.00,1,60,4,6.600,8105000,13505000,36,1,1,9,9,99,1,0,0,0,0,0,0,0
2,20001415,37,39580,183,052508,24.08,224271,113293,1.9796,122300,33695000,2,1,1,1,60.27,1,60,5,5.010,33695000,55905000,57,1,1,9,9,0,1,0,0,0,0,0,0,0
2,20001416,34,35620,023,003601,82.67,94635,113844,0.8313,119300,61155000,2,1,1,1,62.95,1,60,5,5.690,61155000,97155000,57,1,1,9,9,0,1,0,0,0,0,0,0,0
2,20001417,45,17900,079,000400,64.15,70114,81690,0.8583,86300,9205000,7,1,1,1,58.29,1,120,4,5.810,9205000,15805000,114,1,1,9,9,0,1,0,0,0,0,0,0,0
2,20001418,22,35380,071,001750,98.95,35168,81500,0.4315,87100,24125000,2,1,1,1,83.76,1,165,5,3.860,24125000,28805000,159,1,9,9,9,100,1,0,0,0,0,1,0,0
2,20001419,36,35620,061,004100,65.52,103854,113844,0.9123,119300,8765000,2,3,1,4,64.10,2,60,1,5.770,8805000,15605000,23,1,1,9,9,0,1,0,0,0,0,0,0,0
2,20001420,06,31080,037,555106,94.91,68783,101056,0.6806,105700,82265000,2,1,1,4,82.70,2,174,5,3.530,84405000,83705000,167,1,9,9,9,91,1,0,0,0,0,0,0,0
2,20001421,08,19740,001,009607,56.90,99375,119980,0.8283,130400,10055000,1,1,1,1,63.06,1,60,3,5.540,10055000,15945000,57,1,1,9,9,0,1,0,0,0,0,1,0,0
2,20001422,24,30500,037,876001,64.77,70638,132926,0.5314,143900,47535000,7,1,1,1,70.00,1,60,5,5.740,47535000,67905000,57,1,1,9,9,0,1,0,0,0,0,0,0,0
2,20001423,34,37980,033,020300,78.20,39375,108977,0.3613,114700,2025000,1,1,1,1,68.07,1,84,2,6.390,2025000,2975000,84,1,1,9,9,0,1,0,0,0,0,1,0,0
2,20001424,13,12060,121,002801,72.24,000000,98569,9999.0,106100,75875000,1,1,1,1,65.00,1,60,5,5.790,75875000,116725000,57,1,1,9,9,0,1,0,0,0,0,1,0,0
2,20001425,12,45300,103,020201,66.66,87845,84454,1.0402,92000,5935000,1,1,1,1,71.71,1,60,2,5.780,5935000,8275000,57,1,1,9,9,0,1,0,0,0,0,0,1,0
2,20001426,40,36420,109,107406,53.24,76076,84302,0.9024,89100,9485000,1,1,1,1,65.99,1,84,5,5.700,9485000,14375000,60,1,1,9,9,0,1,0,0,0,0,0,1,0
2,20001427,45,16740,091,060909,29.73,122865,93744,1.3106,100300,35085000,7,1,1,1,67.73,1,60,5,5.460,35085000,51805000,57,1,1,9,9,0,1,0,0,0,0,0,0,0
2,20001428,20,48620,173,007701,64.56,76884,84050,0.9147,91200,11825000,7,1,1,1,67.58,1,60,5,6.380,11825000,17505000,57,1,1,9,9,0,1,0,0,0,0,1,0,0
2,20001429,48,19100,085,031006,46.85,65893,99957,0.6592,107300,27275000,1,1,1,1,43.98,1,60,5,5.500,27275000,62005000,57,1,1,9,9,50,1,0,0,0,0,0,0,0
2,20001430,17,16980,031,832100,36.66,73750,106055,0.6954,109800,5205000,7,1,1,1,55.33,2,60,1,6.720,5205000,9405000,36,1,1,9,9,0,1,0,0,0,0,0,0,0
2,20001431,37,39580,183,054008,84.18,61172,113293,0.5400,122300,44715000,7,3,1,1,66.84,1,84,5,6.556,44715000,66905000,12,1,1,1,9,0,1,0,0,0,0,1,0,0
2,20001432,37,20500,063,001710,75.33,57196,97980,0.5838,101800,52895000,2,1,1,1,66.51,1,60,5,5.620,52895000,79535000,57,1,1,9,9,40,1,0,0,0,0,0,0,0
2,20001433,06,20940,025,010700,96.48,38125,60776,0.6273,65300,3955000,7,5,1,4,49.38,2,180,3,4.620,4005000,8105000,0,1,9,9,9,99,1,1,0,0,1,1,0,0
2,20001434,53,99999,075,000400,23.34,111518,87926,1.2683,93400,10325000,1,1,1,1,65.00,1,60,3,5.920,10325000,15875000,57,1,1,9,9,0,1,1,0,0,1,0,0,0
2,20001435,18,99999,177,000900,25.97,46855,77754,0.6026,81100,15665000,7,1,1,1,65.00,1,60,5,5.740,15665000,24105000,57,1,1,9,9,0,1,1,0,0,0,1,0,0
2,20001436,49,41620,035,111906,42.06,75022,106248,0.7061,115400,37905000,1,1,1,1,70.77,1,60,5,5.910,37905000,53565000,36,1,1,9,9,0,1,0,0,0,0,0,0,0
2,20001437,34,35620,013,002000,98.64,42356,113844,0.3721,119300,2725000,1,1,1,1,69.97,1,120,1,5.950,2725000,3905000,84,1,1,9,9,0,1,0,0,0,0,1,0,0
2,20001438,42,38300,003,020100,29.71,250001,96434,2.5925,100600,7155000,7,1,1,1,48.66,1,60,3,5.180,7155000,14705000,54,1,9,9,9,0,1,0,0,0,0,1,0,0
2,20001439,13,12060,135,050317,84.17,59500,98569,0.6036,106100,77505000,2,1,1,1,71.99,1,60,5,5.470,77505000,107655000,57,1,1,9,9,0,1,0,0,0,0,1,0,0
2,20001440,22,29340,019,001905,35.20,83690,79667,1.0505,79000,14865000,1,1,1,1,75.00,1,60,5,5.660,14865000,19825000,57,1,1,9,9,0,1,0,0,0,0,0,0,0
2,20001441,42,37980,091,201302,39.19,96071,108977,0.8816,114700,2505000,7,1,1,1,64.77,1,120,1,5.950,2505000,3865000,84,1,1,9,9,0,1,0,0,0,0,0,0,0
2,20001442,54,48540,069,002200,7.11,73531,75387,0.9754,80600,8845000,1,1,1,1,75.00,1,60,3,5.710,8845000,11795000,57,1,1,9,9,0,1,1,0,0,0,0,1,0
2,20001443,48,41700,029,191806,48.94,222742,85469,2.6061,89300,27715000,7,1,1,1,62.28,1,60,5,5.840,27715000,44505000,57,1,1,9,9,0,1,0,0,0,0,0,1,0
2,20001444,01,33860,001,020600,33.92,93974,77591,1.2112,82500,20605000,2,1,1,1,69.60,1,60,4,5.400,20605000,29605000,57,1,1,9,9,0,1,0,0,0,0,0,0,0
2,20001445,06,31080,037,700902,29.46,162045,101056,1.6035,105700,4305000,7,1,1,4,61.60,2,360,1,3.250,4305000,9605000,47,9,1,9,9,0,1,0,0,0,0,0,0,0
2,20001446,12,45300,057,011911,77.19,62092,84454,0.7352,92000,31595000,2,3,1,1,64.35,1,84,5,5.756,31595000,49105000,12,1,1,9,9,0,1,0,0,0,0,0,0,0
2,20001447,48,19100,113,007823,60.11,74253,99957,0.7429,107300,46755000,1,1,1,1,45.97,1,120,5,5.310,46755000,101705000,114,1,1,9,9,90,1,0,0,0,0,1,0,0
2,20001448,49,41620,035,103400,19.58,122941,106248,1.1571,115400,1865000,2,1,1,1,62.10,1,60,1,5.450,1865000,3005000,57,1,1,9,9,0,1,0,0,0,0,0,0,0
2,20001449,39,99999,119,911500,12.85,111732,77016,1.4508,80000,5325000,1,1,1,1,64.88,1,84,4,5.130,5325000,8205000,60,1,1,9,9,0,1,1,0,0,0,0,0,0
2,20001450,48,12420,491,020512,65.63,63921,115204,0.5549,126000,45375000,1,1,1,1,54.54,1,60,5,5.500,45375000,83205000,57,1,1,9,9,0,1,0,0,0,0,0,0,0
2,20001451,48,19100,113,018128,78.83,57148,99957,0.5717,107300,27795000,7,3,1,1,70.74,1,84,5,6.556,27795000,39305000,12,1,1,9,9,0,1,0,0,0,0,0,0,0
2,20001452,53,42660,033,007502,38.49,000000,127870,9999.0,136600,1135000,7,1,1,1,54.24,1,84,1,5.230,1135000,2105000,84,1,1,9,9,0,1,0,0,0,0,0,0,0
2,20001453,13,12060,089,023113,60.64,82321,98569,0.8352,106100,33685000,1,1,1,1,57.59,1,60,5,5.430,33685000,58505000,57,1,1,9,9,0,1,0,0,0,0,1,0,0
2,20001454,13,12060,089,021502,42.70,172227,98569,1.7473,106100,46095000,2,1,1,1,54.29,1,60,5,5.720,46095000,84905000,57,1,1,9,9,0,1,0,0,0,0,0,1,0
2,20001455,27,33460,123,041302,19.52,89063,119274,0.7467,123700,35005000,2,1,1,1,66.41,1,181,5,4.240,35005000,52705000,120,1,1,9,9,100,1,0,0,0,0,0,0,0
2,20001456,48,26420,157,673007,63.64,109883,92750,1.1847,95200,25205000,7,1,1,1,67.02,1,84,5,5.130,25205000,37605000,78,1,1,9,9,0,1,0,0,0,0,0,1,0
2,20001457,11,47900,001,007604,94.50,95288,144539,0.6593,152900,1115000,7,1,1,1,65.53,2,60,1,6.690,1115000,1705000,60,1,1,9,9,0,1,0,0,0,0,0,0,0
2,20001458,48,33260,329,000402,51.83,85598,107796,0.7941,91500,3715000,1,1,1,1,60.18,1,84,3,6.680,3715000,6175000,84,1,1,9,9,0,1,0,0,0,0,0,1,0
2,20001459,48,19100,439,113629,33.24,112891,99957,1.1294,107300,17305000,2,3,1,1,60.94,1,84,5,5.756,17305000,28405000,12,1,1,9,9,0,1,0,0,0,0,0,1,0
2,20001460,12,27260,031,013403,60.27,65913,88994,0.7407,98000,35005000,7,1,1,1,59.43,1,60,5,5.420,35005000,58905000,57,1,1,9,9,0,1,0,0,0,0,0,0,0
2,20001461,18,26900,011,810500,10.77,94286,93688,1.0064,101200,8775000,7,1,1,1,62.26,1,120,5,5.330,8775000,14105000,114,1,1,9,9,84,1,1,0,0,0,0,0,0
2,20001462,53,42660,053,072106,52.39,55516,127870,0.4342,136600,7505000,7,1,1,1,55.76,1,60,3,5.850,7505000,13455000,57,1,1,9,9,0,1,0,0,0,0,0,0,0
2,20001463,12,33100,086,010609,92.44,39676,80554,0.4925,87600,33655000,7,1,1,1,62.80,1,60,5,6.000,33655000,53605000,36,1,1,9,9,100,1,0,0,0,0,1,0,0
2,20001464,12,27260,031,010800,92.88,56650,88994,0.6366,98000,11695000,2,1,1,1,56.15,2,180,5,4.570,11695000,20825000,174,1,9,9,9,100,1,0,0,0,0,1,0,0
2,20001465,37,39580,183,052304,43.42,58750,113293,0.5186,122300,27765000,7,3,1,1,59.33,1,84,5,5.260,27765000,46805000,78,1,1,9,9,0,1,0,0,0,0,0,0,0
2,20001466,25,14460,025,060604,24.72,242317,134646,1.7997,142000,16415000,7,1,1,1,52.94,1,60,2,6.030,16415000,31005000,57,1,1,9,9,9,1,0,0,0,0,0,1,0
2,20001467,16,14260,001,000806,22.57,82132,91708,0.8956,98000,8005000,7,1,1,1,37.44,1,84,4,5.950,8005000,21375000,78,1,1,9,9,0,1,0,0,0,0,1,0,0
2,20001468,12,37340,009,065129,38.23,67781,87701,0.7729,99700,44145000,7,1,1,1,60.52,1,60,5,5.540,44145000,72955000,36,1,1,9,9,0,1,0,0,0,0,0,0,0
2,20001469,48,12420,453,001503,40.48,97321,115204,0.8448,126000,4135000,7,1,1,1,64.53,1,60,2,5.180,4135000,6405000,36,1,1,9,9,0,1,0,0,0,0,0,1,0
2,20001470,48,47380,309,002503,24.86,108275,77527,1.3966,83100,6245000,7,1,1,1,68.65,1,60,3,6.540,6245000,9105000,57,1,9,9,9,0,1,0,0,0,0,0,1,0
2,20001471,06,34900,055,200301,60.71,103074,122540,0.8412,121100,29255000,1,3,1,1,65.00,1,60,5,5.110,29255000,45005000,57,1,1,9,9,0,1,0,0,0,0,0,0,0
2,20001472,53,44060,063,013002,22.65,51333,88647,0.5791,98100,4135000,1,1,1,1,71.21,1,84,3,5.400,4135000,5805000,84,1,1,9,9,0,1,0,0,0,0,0,0,0
2,20001473,29,28140,095,014702,19.27,102542,99766,1.0278,103000,2055000,1,1,1,1,63.36,1,84,1,5.660,2055000,3245000,84,1,1,9,9,0,1,0,0,0,0,0,0,0
2,20001474,12,33100,086,010609,92.44,39676,80554,0.4925,87600,25025000,7,1,1,1,62.88,1,60,5,6.000,25025000,39805000,36,1,1,9,9,100,1,0,0,0,0,1,0,0
2,20001475,18,17140,029,080301,9.15,71422,97826,0.7301,103700,3905000,7,1,1,1,75.00,1,120,2,6.400,3905000,5205000,84,1,1,9,9,0,1,1,0,0,0,1,0,0
2,20001476,41,38900,067,031606,50.45,100205,110489,0.9069,116900,3565000,7,1,1,1,68.35,1,60,1,6.290,3565000,5215000,36,1,1,9,9,0,1,0,0,0,0,0,0,0
2,20001477,48,26420,201,433601,95.42,28328,92750,0.3054,95200,10405000,7,1,1,1,55.66,1,60,5,5.680,10405000,18705000,57,1,9,9,9,0,1,0,0,0,0,1,0,0
2,20001478,18,26900,097,390700,69.27,59412,93688,0.6342,101200,3005000,2,3,1,1,71.10,2,192,3,4.800,3025000,4605000,0,1,9,9,9,100,1,0,0,0,0,0,0,0
2,20001479,24,12580,003,750803,62.03,87262,118479,0.7365,122200,43945000,7,1,1,1,64.90,1,60,5,5.460,43945000,67705000,57,1,1,9,9,0,1,0,0,0,0,0,0,0
2,20001480,39,18140,049,007424,41.51,93750,97262,0.9639,103300,60725000,1,1,1,1,61.59,1,60,5,5.510,60725000,98605000,57,1,1,9,9,0,1,0,0,0,0,0,1,0
2,20001481,45,16700,019,002604,30.17,102045,96573,1.0567,105100,24635000,2,1,1,1,65.00,1,60,5,5.290,24635000,37905000,57,1,1,9,9,75,1,0,0,0,0,0,0,0
2,20001482,25,49340,027,744103,25.54,126912,109247,1.1617,111400,51315000,7,1,1,1,55.78,1,60,5,5.590,51315000,92005000,36,1,1,9,9,25,1,0,0,0,0,0,0,0
2,20001483,48,19100,113,007915,43.99,82500,99957,0.8254,107300,61505000,7,1,1,1,50.00,1,60,5,4.930,61505000,123005000,57,1,1,9,9,0,1,0,0,0,0,0,1,0
2,20001484,48,26420,201,253202,75.49,56869,92750,0.6131,95200,12155000,7,1,1,1,60.45,1,60,5,5.350,12155000,20105000,57,1,1,9,9,100,1,0,0,0,0,0,0,0
2,20001485,48,41700,029,121903,47.33,129342,85469,1.5133,89300,46215000,7,1,1,1,59.55,1,60,5,4.990,46215000,77605000,48,1,1,9,9,0,1,0,0,0,0,0,1,0
2,20001486,13,23580,139,001007,82.17,37824,86127,0.4392,92700,5355000,7,1,1,1,58.82,1,60,3,6.020,5355000,9105000,57,1,1,9,9,100,1,0,0,0,0,1,0,0
2,20001487,28,25060,047,001402,24.66,51230,72242,0.7091,76800,1785000,2,1,1,1,54.06,1,60,2,6.500,1785000,3305000,60,1,1,9,9,0,1,0,0,0,0,0,0,0
2,20001488,48,26420,201,453403,97.35,32981,92750,0.3556,95200,13705000,7,1,1,1,63.74,2,84,5,5.840,13705000,21505000,78,1,1,9,9,0,1,0,0,0,0,1,0,0
2,20001489,39,10420,153,510100,19.77,43421,90421,0.4802,95800,1515000,7,3,1,1,70.00,1,120,2,6.560,1515000,2175000,117,1,1,9,9,0,1,0,0,0,0,1,0,0
2,20001490,12,33100,086,011104,94.09,28276,80554,0.3510,87600,9485000,2,1,1,4,78.30,2,180,4,3.210,9725000,15805000,119,1,9,9,9,100,1,0,0,0,0,1,0,0
2,20001491,13,12260,073,030308,29.83,149932,78239,1.9163,87100,19895000,7,1,1,1,65.00,1,84,4,5.230,19895000,30605000,78,1,1,9,9,0,1,0,0,0,0,0,1,0
2,20001492,36,35620,005,018102,97.64,59792,113844,0.5252,119300,13535000,2,3,1,4,64.10,2,60,4,6.180,13695000,21505000,47,1,9,9,9,0,1,0,0,0,0,1,0,0
2,20001493,09,35300,170,150200,30.87,79243,105763,0.7493,110400,2225000,7,1,1,1,67.46,1,120,1,5.920,2225000,3305000,84,1,1,9,9,0,1,1,0,0,0,0,0,0
2,20001494,29,41180,183,310801,18.86,124934,97901,1.2761,103200,50815000,7,1,1,1,64.45,1,60,5,5.650,50815000,78855000,57,1,1,9,9,0,1,0,0,0,0,0,0,0
2,20001495,04,38060,013,109200,83.52,47014,93191,0.5045,101300,15575000,7,3,1,1,67.21,1,60,5,5.760,15575000,23185000,57,1,9,9,9,0,1,0,0,0,0,1,0,0
2,20001496,06,31080,037,206054,98.09,40430,101056,0.4001,105700,11945000,7,1,1,1,82.70,2,186,5,4.160,11945000,22905000,179,1,1,9,9,99,1,0,0,0,0,1,0,0
2,20001497,06,41740,073,019210,74.57,70900,111734,0.6345,119500,19415000,1,5,1,1,45.15,2,120,5,7.284,19415000,43005000,12,1,1,9,9,0,1,0,0,0,0,0,0,0
2,20001498,09,14860,190,022201,59.28,87308,135149,0.6460,145700,84505000,2,1,1,1,64.02,1,84,5,5.070,84505000,132005000,78,1,1,9,9,10,1,0,0,0,0,0,0,0
2,20001499,50,99999,027,965502,12.74,113333,94699,1.1968,100500,9005000,1,3,1,1,75.00,1,60,3,6.300,9005000,12005000,57,1,1,9,9,0,1,1,0,0,0,0,0,0
2,20001500,48,12420,055,960300,53.11,90750,115204,0.7877,126000,10345000,2,5,1,1,62.67,1,60,3,5.490,10345000,16505000,57,1,1,9,9,0,1,0,0,0,0,0,0,0
2,20001501,13,12060,135,050745,59.75,119331,98569,1.2106,106100,36445000,1,1,1,1,64.34,1,84,5,5.550,36445000,56655000,78,1,1,9,9,0,1,0,0,0,0,0,0,0
2,20001502,34,35620,003,015300,96.58,59030,113844,0.5185,119300,2965000,2,1,1,1,64.54,1,60,1,6.620,2965000,4605000,60,1,1,9,9,0,1,0,0,0,0,0,0,0
2,20001503,37,49180,057,061102,13.74,64250,76701,0.8377,81900,1895000,1,1,1,1,59.34,1,84,2,5.850,1895000,3205000,84,1,1,9,9,0,1,0,0,0,0,0,0,0
2,20001504,48,19100,113,014148,86.40,79583,99957,0.7962,107300,19295000,2,1,1,1,51.30,1,60,5,6.180,19295000,37615000,36,1,1,9,9,0,1,0,0,0,0,0,0,0
2,20001505,48,26420,339,693304,34.41,184762,92750,1.9920,95200,30805000,2,1,1,1,52.29,1,60,5,6.440,30805000,58905000,36,1,1,9,9,0,1,0,0,0,0,0,1,0
2,20001506,53,38900,011,042400,27.23,171000,110489,1.5477,116900,43065000,7,1,1,1,60.65,1,84,5,5.830,43065000,71005000,78,1,1,9,9,0,1,0,0,0,0,1,0,0
2,20001507,12,45300,057,014400,46.40,138953,84454,1.6453,92000,38445000,7,1,1,1,60.36,1,60,5,6.110,38445000,63705000,36,1,1,9,9,0,1,0,0,0,0,0,1,0
2,20001508,42,38300,003,515300,55.71,58942,96434,0.6112,100600,2405000,7,1,1,1,69.74,1,60,2,6.250,2405000,3455000,36,1,1,9,9,0,1,0,0,0,0,0,0,0
2,20001509,17,16980,031,600900,69.58,76012,106055,0.7167,109800,1055000,7,1,1,1,70.00,1,240,1,6.190,1055000,1505000,84,1,9,9,9,0,1,0,0,0,0,0,0,0
2,20001510,31,36540,055,007519,16.94,155548,102337,1.5200,109700,15095000,7,1,1,1,61.95,1,120,4,5.870,15095000,24375000,114,1,9,9,9,0,1,0,0,0,0,0,1,0
2,20001511,36,35620,005,041400,96.26,122708,113844,1.0779,119300,24195000,7,1,1,1,68.74,1,120,3,5.830,24195000,35205000,114,1,1,9,9,98,1,0,0,0,0,0,1,0
2,20001512,39,49660,155,932900,12.48,96875,72376,1.3385,74900,6805000,7,1,1,1,64.82,1,120,4,6.430,6805000,10505000,114,1,1,9,9,0,1,0,0,0,0,0,0,0
2,20001513,36,35620,119,001200,89.86,69310,113844,0.6088,119300,745000,2,3,1,1,64.10,1,60,1,6.120,755000,1405000,35,1,9,9,9,0,1,0,0,0,0,1,0,0
2,20001514,25,14460,017,322300,24.33,108836,134646,0.8083,142000,27655000,1,1,1,1,70.00,2,60,5,5.900,27655000,39505000,57,1,1,9,9,25,1,0,0,0,0,1,0,0
2,20001515,06,41860,001,401300,66.96,99611,154003,0.6468,166600,53205000,2,3,1,1,31.91,1,84,5,7.337,53205000,166705000,12,1,1,9,9,0,1,0,0,0,0,1,0,0
2,20001516,48,46340,423,000500,60.03,55058,83564,0.6589,87300,3025000,2,1,1,1,48.73,1,60,3,6.230,3025000,6205000,57,1,9,9,9,100,1,0,0,0,0,1,0,0
2,20001517,47,34980,165,021203,15.28,124748,96905,1.2873,104700,51335000,7,3,1,1,61.33,1,60,5,5.080,51335000,83705000,57,1,1,9,9,0,1,0,0,0,0,0,0,0
2,20001518,06,31080,037,576601,56.41,93287,101056,0.9231,105700,2305000,2,1,1,4,61.60,2,360,1,3.500,2305000,3755000,59,9,1,9,9,0,1,0,0,0,0,0,0,0
2,20001519,13,12060,121,010401,80.32,83636,98569,0.8485,106100,5405000,7,1,1,1,57.71,1,60,4,5.390,5405000,9375000,57,1,9,9,9,98,1,0,0,0,0,0,0,0
2,20001520,06,31080,037,195803,56.74,74830,101056,0.7405,105700,2645000,7,1,1,4,61.60,2,360,1,3.150,2645000,3805000,59,9,1,9,9,0,1,0,0,0,0,0,0,0
2,20001521,45,16700,019,005500,85.40,38889,96573,0.4027,105100,1755000,1,1,1,1,61.47,1,60,1,6.030,1755000,2855000,36,1,1,9,9,0,1,0,0,0,0,1,0,0
2,20001522,34,35620,017,001300,64.98,165990,113844,1.4581,119300,35105000,7,1,1,1,61.26,1,60,4,6.000,35105000,57305000,57,1,1,9,9,0,1,0,0,0,0,0,0,0
2,20001523,48,19100,113,007832,94.21,41128,99957,0.4115,107300,2695000,1,1,1,1,59.56,1,60,2,6.330,2695000,4535000,60,1,1,9,9,0,1,0,0,0,0,1,0,0
2,20001524,06,41860,075,023102,92.15,66300,154003,0.4305,166600,76505000,1,1,1,4,75.37,1,192,5,5.124,76505000,101505000,144,1,9,9,9,100,1,0,0,0,0,1,0,0
2,20001525,34,35620,031,181800,92.83,30217,113844,0.2654,119300,1845000,7,1,1,1,70.85,1,120,1,6.520,1845000,2605000,84,1,1,9,9,0,1,0,0,0,0,1,0,0
2,20001526,53,42660,033,009500,45.19,211646,127870,1.6552,136600,3375000,2,1,1,1,29.06,1,84,3,6.090,3375000,11605000,78,1,1,9,9,100,1,0,0,0,0,0,1,0
2,20001527,06,42020,079,011202,24.01,157419,114196,1.3785,125600,12375000,1,1,1,1,51.34,1,60,2,6.200,12375000,24105000,57,1,1,9,9,12,1,0,0,0,0,1,0,0
2,20001528,47,32820,157,021351,19.23,138152,78701,1.7554,84000,37245000,1,1,1,1,69.56,1,60,5,5.230,37245000,53555000,57,1,1,9,9,0,1,0,0,0,0,0,0,0
2,20001529,24,47900,033,800608,96.85,192340,144539,1.3307,152900,9285000,2,1,1,1,58.40,1,192,3,4.530,9285000,15905000,180,1,9,9,9,76,1,0,0,0,0,0,1,0
2,20001530,49,41620,035,111400,41.03,65222,106248,0.6139,115400,2815000,1,5,1,1,59.85,1,60,1,5.370,2815000,4715000,36,1,1,9,9,0,1,0,0,0,0,1,0,0
2,20001531,39,18140,049,007397,64.43,103571,97262,1.0649,103300,31815000,7,3,1,1,60.82,1,60,5,5.970,31815000,52305000,36,1,1,9,9,0,1,0,0,0,0,0,1,0
2,20001532,48,26420,201,421403,96.32,29304,92750,0.3160,95200,25805000,7,1,1,1,67.37,1,84,5,5.650,25805000,38305000,78,1,1,9,9,100,1,0,0,0,0,1,0,0
2,20001533,12,45300,057,011614,83.42,60461,84454,0.7159,92000,28585000,1,1,1,1,72.92,1,60,5,6.350,28585000,39205000,57,1,1,9,9,0,1,0,0,0,0,0,0,0
2,20001534,08,19740,031,008388,78.29,92288,119980,0.7692,130400,84005000,1,1,1,1,69.42,1,60,5,5.130,84005000,121005000,57,1,1,9,9,0,1,0,0,0,0,0,0,0
2,20001535,12,33100,011,020101,63.98,74848,80554,0.9292,87600,59085000,2,1,1,1,64.79,1,60,5,5.420,59085000,91205000,57,1,1,9,9,0,1,0,0,0,0,0,0,0
2,20001536,06,31080,037,576801,60.29,100991,101056,0.9994,105700,3555000,1,1,1,4,61.60,2,360,1,3.000,3555000,6005000,47,9,1,9,9,0,1,0,0,0,0,0,0,0
2,20001537,36,35620,061,003800,34.85,120682,113844,1.0601,119300,5855000,2,3,1,1,64.10,1,59,1,6.220,5855000,9705000,47,1,1,9,9,0,1,0,0,0,0,0,0,0
2,20001538,25,14460,017,335200,13.01,159212,134646,1.1825,142000,46075000,7,1,1,1,60.47,1,60,5,5.460,46075000,76205000,57,1,1,9,9,18,1,0,0,0,0,0,0,0
2,20001539,21,31140,111,011909,34.60,63799,88819,0.7183,95900,13825000,1,1,1,1,69.82,1,60,4,5.840,13825000,19805000,57,1,1,9,9,0,1,0,0,0,0,0,0,0
2,20001540,36,35620,061,011000,28.41,250001,113844,2.1960,119300,7065000,2,3,1,1,44.16,1,120,2,5.770,7065000,16005000,114,1,9,9,9,0,1,0,0,0,0,0,1,0
2,20001541,06,31080,037,650300,69.58,93045,101056,0.9207,105700,22075000,1,1,1,1,56.02,1,60,5,5.580,22075000,39405000,36,1,1,9,9,99,1,0,0,0,0,0,1,0
2,20001542,48,26420,201,542902,69.70,123272,92750,1.3291,95200,21105000,1,1,1,1,58.45,1,60,5,6.160,21105000,36105000,48,1,1,9,9,0,1,0,0,0,0,0,0,0
2,20001543,51,47260,700,032129,66.32,69286,95214,0.7277,100000,56865000,1,1,1,1,74.82,1,120,5,5.600,56865000,76005000,114,1,1,9,9,0,1,0,0,0,0,0,0,0
2,20001544,06,41860,001,451506,56.26,122143,154003,0.7931,166600,52335000,2,1,1,1,63.43,1,120,5,5.710,52335000,82505000,114,1,1,9,9,0,1,0,0,0,0,0,0,0
2,20001545,13,12060,121,009106,59.72,96341,98569,0.9774,106100,20245000,2,1,1,1,57.03,1,60,5,5.050,20245000,35505000,36,1,1,9,9,0,1,0,0,0,0,0,0,0
2,20001546,48,19100,113,007912,45.41,123625,99957,1.2368,107300,22655000,7,1,1,1,50.00,1,60,5,4.930,22655000,45305000,57,1,1,9,9,0,1,0,0,0,0,0,1,0
2,20001547,39,18140,049,007209,38.09,122813,97262,1.2627,103300,33955000,7,1,1,1,66.44,1,60,5,5.100,33955000,51105000,57,1,1,9,9,0,1,0,0,0,0,0,1,0
2,20001548,26,22420,049,012602,13.83,50188,75461,0.6651,78300,1835000,7,1,1,1,58.44,1,84,2,4.980,1835000,3145000,81,1,1,9,9,0,1,0,0,0,0,0,0,0
2,20001549,19,16300,113,001004,39.83,88583,95503,0.9275,101700,9685000,1,3,1,4,87.32,2,168,5,4.780,9905000,11335000,156,1,9,9,9,100,1,0,0,0,0,0,0,0
2,20001550,22,29340,019,000700,58.73,67019,79667,0.8412,79000,9005000,7,1,1,1,48.60,1,60,5,5.030,9005000,18525000,57,1,1,9,9,0,1,0,0,0,0,1,0,0
2,20001551,06,41740,073,005403,37.81,191858,111734,1.7171,119500,3725000,2,5,1,4,37.32,2,180,2,4.500,3805000,10205000,0,1,9,9,9,98,1,0,0,0,0,0,1,0
2,20001552,06,41860,013,307101,65.59,103825,154003,0.6742,166600,15455000,2,1,1,1,61.08,1,84,4,6.490,15455000,25305000,78,1,1,9,9,0,1,0,0,0,0,1,0,0
2,20001553,39,17140,061,020741,52.98,62692,97826,0.6409,103700,4405000,1,3,1,1,68.32,1,84,2,6.750,4405000,6445000,84,1,1,9,9,0,1,0,0,0,0,0,0,0
2,20001554,13,12060,077,170308,52.88,72917,98569,0.7398,106100,13445000,7,1,1,1,61.10,1,60,4,5.670,13445000,22005000,57,1,1,9,9,0,1,0,0,0,0,0,0,0
2,20001555,17,16980,031,803300,24.00,142232,106055,1.3411,109800,42495000,2,1,1,1,69.10,1,60,5,5.420,42495000,61505000,57,1,1,9,9,0,1,0,0,0,0,0,1,0
2,20001556,49,41620,035,113415,57.82,93248,106248,0.8776,115400,54935000,7,1,1,1,61.68,1,120,5,5.230,54935000,89075000,114,1,1,9,9,0,1,0,0,0,0,0,1,0
2,20001557,48,12420,453,002221,95.13,88639,115204,0.7694,126000,38605000,2,1,1,1,72.15,2,193,5,4.030,38605000,53505000,187,1,1,9,9,98,1,0,0,0,0,1,0,0
2,20001558,13,12060,135,050435,85.65,81932,98569,0.8312,106100,3705000,1,1,1,1,64.44,1,60,2,6.190,3705000,5755000,36,1,1,9,9,0,1,0,0,0,0,0,0,0
2,20001559,12,33100,011,100801,93.91,45042,80554,0.5592,87600,1875000,7,1,1,1,54.29,1,60,1,6.180,1875000,3455000,60,1,1,9,9,0,1,0,0,0,0,1,0,0
2,20001560,34,35620,025,807005,50.00,131531,113844,1.1554,119300,12625000,7,1,1,1,62.50,1,60,2,5.630,12625000,20205000,57,1,1,9,9,0,1,0,0,0,0,0,0,0
2,20001561,06,31080,037,536201,92.63,106371,101056,1.0526,105700,54965000,2,3,1,1,51.51,1,60,5,6.110,54965000,106705000,57,1,1,9,9,0,1,0,0,0,0,0,0,0
2,20001562,36,45060,067,010800,15.42,87569,90955,0.9628,94800,17685000,2,3,1,1,64.10,2,60,5,6.970,17685000,32005000,56,1,1,9,9,0,1,0,0,0,0,0,0,0
2,20001563,48,21340,141,001118,77.22,40667,61466,0.6616,63100,1005000,7,1,1,1,55.56,1,60,1,6.840,1005000,1805000,36,1,9,9,9,0,1,0,0,0,0,0,0,0
2,20001564,36,35620,047,051500,32.35,157159,113844,1.3805,119300,33215000,2,1,1,1,50.72,1,144,3,6.340,33215000,65505000,138,1,1,9,9,0,1,0,0,0,0,0,1,0
2,20001565,34,35620,013,002000,98.64,42356,113844,0.3721,119300,2175000,1,1,1,1,64.09,1,60,1,6.660,2175000,3405000,36,1,1,9,9,0,1,0,0,0,0,1,0,0
2,20001566,34,35620,027,046103,30.35,134083,113844,1.1778,119300,238095000,7,5,1,1,67.14,1,60,5,4.980,238095000,354605000,57,1,1,9,9,0,1,0,0,0,0,0,0,0
2,20001567,42,37980,101,015700,51.64,112813,108977,1.0352,114700,4355000,2,5,1,1,65.00,1,60,2,6.460,4355000,6705000,60,1,1,9,9,0,1,0,0,0,0,0,0,0
2,20001568,36,35620,061,014402,23.84,250001,113844,2.1960,119300,3255000,7,3,1,1,2.69,1,120,4,5.620,3255000,121005000,114,1,9,9,9,0,1,0,0,0,0,0,1,0
2,20001569,39,49660,155,921500,19.88,70743,72376,0.9774,74900,9025000,7,1,1,1,67.08,1,84,5,5.370,9025000,13455000,60,1,1,9,9,0,1,0,0,0,0,0,0,0
2,20001570,08,14500,013,013402,41.26,122547,136591,0.8972,148400,11955000,1,1,1,1,62.60,1,60,4,6.120,11955000,19105000,48,1,1,9,9,21,1,0,0,0,0,0,1,0
2,20001571,36,35620,047,057300,20.42,159688,113844,1.4027,119300,1345000,2,1,1,1,62.65,1,60,1,6.120,1345000,2155000,36,1,1,9,9,0,1,0,0,0,0,0,0,0
2,20001572,24,12580,005,450800,54.51,98750,118479,0.8335,122200,6055000,2,1,1,1,42.16,1,84,4,5.990,6055000,14355000,78,1,1,9,9,100,1,0,0,0,0,0,0,0
2,20001573,12,33100,086,001901,98.67,30102,80554,0.3737,87600,22855000,2,1,1,1,71.72,1,150,5,3.720,22885000,31905000,145,1,9,9,9,100,1,0,0,0,0,1,0,0
2,20001574,18,26900,097,360900,47.95,44524,93688,0.4752,101200,13925000,1,1,1,1,52.14,1,60,5,5.760,13925000,26705000,48,1,1,9,9,0,1,0,0,0,0,1,0,0
2,20001575,42,37980,045,409804,22.66,197010,108977,1.8078,114700,41145000,7,1,1,1,59.81,1,60,5,4.980,41145000,68805000,57,1,1,9,9,0,1,0,0,0,0,0,1,0
2,20001576,08,19740,005,087200,44.76,133929,119980,1.1163,130400,74875000,7,5,1,1,59.68,1,120,5,5.490,74875000,125455000,114,1,1,9,9,0,1,0,0,0,0,0,0,0
2,20001577,08,19740,059,011601,56.46,64716,119980,0.5394,130400,1915000,7,1,1,1,63.80,1,60,1,6.460,1915000,3005000,36,1,1,9,9,0,1,0,0,0,0,0,0,0
2,20001578,06,31080,037,190201,57.00,34291,101056,0.3393,105700,2115000,2,1,1,4,61.60,2,360,2,4.920,2355000,4895000,59,9,9,9,9,0,1,0,0,0,0,1,0,0
2,20001579,49,41620,035,111701,54.68,66853,106248,0.6292,115400,3005000,7,1,1,1,41.10,1,60,2,6.510,3005000,7305000,36,1,1,9,9,0,1,0,0,0,0,1,0,0
2,20001580,06,41860,075,025300,50.14,176550,154003,1.1464,166600,4205000,7,1,1,4,61.60,2,360,1,3.500,4205000,7995000,35,9,1,9,9,0,1,0,0,0,0,0,0,0
2,20001581,39,10420,153,533501,27.49,181184,90421,2.0038,95800,7595000,7,1,1,1,64.36,1,60,2,5.810,7595000,11805000,57,1,1,9,9,0,1,0,0,0,0,0,1,0
2,20001582,37,49180,067,003309,70.52,76267,76701,0.9943,81900,14995000,1,1,1,1,61.22,1,180,5,6.550,14995000,24505000,174,1,9,9,9,100,1,0,0,0,0,1,0,0
2,20001583,37,16740,071,032704,46.38,87870,93744,0.9373,100300,13295000,1,1,1,1,80.00,1,84,5,6.110,13295000,16625000,78,1,1,9,9,0,1,0,0,0,0,1,0,0
2,20001584,36,40380,055,014206,30.69,85673,93554,0.9158,96500,24565000,7,1,1,1,62.36,2,60,5,5.770,24565000,39405000,57,1,1,9,9,0,1,0,0,0,0,0,0,0
2,20001585,48,26420,167,721901,63.67,73965,92750,0.7975,95200,34075000,2,1,1,1,58.34,2,60,5,6.060,34075000,58405000,57,1,1,9,9,0,1,0,0,0,0,0,0,0
2,20001586,12,45300,057,007102,35.58,139261,84454,1.6490,92000,108075000,7,5,1,1,57.80,1,120,5,5.490,108075000,187005000,114,1,1,9,9,0,1,0,0,0,0,0,1,0
2,20001587,48,12420,453,040500,59.24,55283,115204,0.4799,126000,5685000,7,1,1,1,54.17,1,84,3,5.680,5685000,10505000,84,1,1,9,9,0,1,0,0,0,0,1,0,0
2,20001588,40,46140,143,008300,60.17,56750,83507,0.6796,85300,2535000,1,1,1,1,64.97,1,120,3,6.610,2535000,3905000,84,1,1,9,9,0,1,0,0,0,0,0,0,0
2,20001589,06,31080,037,402406,94.75,87500,101056,0.8659,105700,9205000,1,1,1,1,57.51,1,84,3,6.230,9205000,16005000,78,1,1,9,9,99,1,0,0,0,0,1,0,0
2,20001590,39,17410,035,105700,49.60,46013,90488,0.5085,97200,2985000,7,1,1,1,70.68,1,120,2,6.020,2985000,4225000,114,1,9,9,9,100,1,0,0,0,0,1,0,0
2,20001591,06,31080,037,599000,59.84,98899,101056,0.9787,105700,5895000,7,1,1,1,54.05,1,60,3,6.140,5895000,10905000,57,1,9,9,9,81,1,1,0,0,0,0,0,0
2,20001592,21,31140,111,011405,78.18,54014,88819,0.6081,95900,4785000,1,3,1,1,65.48,1,60,4,6.210,4785000,7305000,36,1,1,9,9,0,1,0,0,0,0,1,0,0
2,20001593,48,26420,157,673108,59.34,180321,92750,1.9442,95200,36995000,7,1,1,1,61.46,1,84,5,5.630,36995000,60205000,78,1,1,9,9,0,1,0,0,0,0,0,1,0
2,20001594,39,18140,049,007209,38.09,122813,97262,1.2627,103300,31165000,7,1,1,1,66.44,1,60,5,5.100,31165000,46905000,57,1,1,9,9,0,1,0,0,0,0,0,1,0
2,20001595,45,17900,063,021049,24.77,109000,81690,1.3343,86300,22535000,7,1,1,1,69.97,1,60,5,5.720,22535000,32205000,57,1,1,9,9,0,1,0,0,0,0,0,0,0
2,20001596,06,31080,037,535803,98.09,53561,101056,0.5300,105700,2395000,7,1,1,1,63.81,1,60,1,6.070,2395000,3755000,60,1,1,9,9,0,1,0,0,0,0,0,0,0
2,20001597,09,25540,110,530302,27.08,119667,115967,1.0319,122400,56075000,7,1,1,1,46.23,1,84,5,5.220,56075000,121305000,78,1,1,9,9,0,1,0,0,0,0,0,0,0
2,20001598,06,41740,073,015902,54.48,63158,111734,0.5653,119500,3775000,1,1,1,4,61.60,2,360,2,3.400,3805000,5455000,59,9,1,9,9,0,1,0,0,0,0,1,0,0
2,20001599,33,14460,017,084100,10.81,101053,134646,0.7505,142000,27955000,1,1,1,1,63.24,1,60,5,5.450,27955000,44205000,57,1,1,9,9,0,1,0,0,0,0,0,0,0
2,20001600,24,41540,045,010603,35.26,80731,89809,0.8989,100600,25565000,7,1,1,1,56.80,1,120,5,5.310,25565000,45005000,114,1,1,9,9,0,1,0,0,0,0,0,0,0
2,20001601,41,38900,051,002802,22.06,125385,110489,1.1348,116900,4025000,7,1,1,1,75.68,1,84,2,5.520,4025000,5325000,84,1,1,9,9,0,1,0,0,0,0,0,1,0
2,20001602,13,19140,313,000402,60.49,62885,69402,0.9061,76600,2135000,2,1,1,1,54.74,1,60,2,6.640,2135000,3905000,36,1,1,9,9,0,1,0,0,0,0,0,0,0
2,20001603,12,27260,031,016605,52.75,76480,88994,0.8594,98000,11915000,7,3,1,1,61.74,1,60,4,6.240,11915000,19305000,36,1,1,9,9,66,1,0,0,0,0,0,1,0
2,20001604,39,17140,017,014000,47.90,35100,97826,0.3588,103700,1125000,1,1,1,1,47.46,1,84,2,5.130,1125000,2365000,60,1,1,9,9,0,1,0,0,0,0,1,0,0
2,20001605,04,38060,013,115600,92.75,59246,93191,0.6358,101300,54985000,2,3,1,1,73.03,1,180,5,4.500,54985000,75305000,174,1,9,9,9,99,1,0,0,0,0,1,0,0
2,20001606,36,28740,111,954800,52.88,85240,104189,0.8181,117200,4835000,7,1,1,1,73.62,1,120,3,5.540,4835000,6565000,114,1,1,9,9,98,1,1,0,0,0,1,0,0
2,20001607,06,31080,037,127604,73.54,58485,101056,0.5787,105700,1855000,2,1,1,4,61.60,2,360,1,3.250,1855000,4425000,47,9,1,9,9,0,1,0,0,0,0,1,0,0
2,20001608,24,12580,003,702500,70.04,99957,118479,0.8437,122200,41365000,7,1,1,1,65.77,1,120,5,5.480,41365000,62905000,114,1,1,9,9,0,1,0,0,0,0,0,1,0
2,20001609,13,12060,121,010538,83.02,113750,98569,1.1540,106100,7125000,2,1,1,1,77.81,2,201,4,4.430,7125000,9155000,195,1,9,9,9,100,1,0,0,0,0,0,0,0
2,20001610,36,35620,005,038000,97.77,43165,113844,0.3792,119300,42225000,7,1,1,1,70.49,1,120,4,5.760,42225000,59905000,114,1,1,9,9,26,1,0,0,0,0,1,0,0
2,20001611,25,14460,009,250100,83.91,46406,134646,0.3447,142000,87715000,1,1,1,1,72.04,1,60,5,5.460,87715000,121755000,57,1,1,9,9,0,1,0,0,0,0,1,0,0
2,20001612,13,16860,047,030201,13.68,105707,82235,1.2854,92100,2305000,2,1,1,1,34.85,1,120,3,5.450,2305000,6605000,84,1,9,9,9,0,1,0,0,0,0,0,0,0
2,20001613,48,19100,139,061600,71.00,72780,99957,0.7281,107300,23005000,2,1,1,1,41.44,1,192,5,4.210,23005000,55505000,186,1,9,9,9,100,1,1,0,0,0,0,0,0
2,20001614,04,38060,013,523104,63.52,79458,93191,0.8526,101300,55055000,2,3,1,1,60.40,1,84,5,5.756,55055000,91155000,12,1,1,9,9,0,1,0,0,0,0,0,0,0
2,20001615,37,15500,001,021205,45.47,96795,78033,1.2404,77900,35765000,7,1,1,1,67.49,1,84,5,5.010,35765000,53005000,78,1,1,9,9,0,1,0,0,0,0,0,0,0
2,20001616,32,29820,003,003411,54.00,80682,82358,0.9797,87800,60845000,2,3,1,1,61.15,1,84,5,5.756,60845000,99505000,12,1,1,9,9,0,1,0,0,0,0,0,0,0
2,20001617,19,19780,049,050814,24.90,135542,102398,1.3237,111800,19755000,2,3,1,1,71.00,1,84,5,6.369,19755000,31005000,12,1,1,9,9,0,1,0,0,0,0,0,0,0
2,20001618,48,19100,113,014406,78.10,67059,99957,0.6709,107300,6725000,1,1,1,1,72.27,1,60,3,6.150,6725000,9305000,60,1,1,9,9,0,1,0,0,0,0,0,0,0
2,20001619,34,35620,017,012300,61.78,113397,113844,0.9961,119300,2555000,1,1,1,1,63.75,1,120,1,6.370,2555000,4005000,84,1,1,9,9,0,1,0,0,0,0,0,0,0
2,20001620,27,33460,123,042700,38.30,84450,119274,0.7080,123700,5535000,7,1,1,1,77.41,1,120,3,6.210,5535000,7155000,84,1,1,9,9,0,1,0,0,0,0,0,0,0
2,20001621,06,41860,075,012302,63.76,80341,154003,0.5217,166600,23985000,1,1,1,1,64.83,1,60,5,6.500,23985000,37005000,36,1,1,9,9,0,1,0,0,0,0,1,0,0
2,20001622,32,29820,003,005864,62.81,82054,82358,0.9963,87800,84505000,7,3,1,1,65.00,1,120,5,5.310,84505000,130005000,114,1,1,9,9,0,1,0,0,0,0,0,1,0
2,20001623,04,38060,013,523007,59.78,71467,93191,0.7669,101300,1605000,1,1,1,1,59.85,1,60,1,6.030,1605000,2685000,60,1,9,9,9,0,1,0,0,0,0,0,0,0
2,20001624,26,22420,049,011209,22.84,112847,75461,1.4954,78300,3855000,7,1,1,1,53.90,1,120,3,5.020,3855000,7165000,117,1,1,9,9,0,1,0,0,0,0,0,0,0
2,20001625,13,12060,067,030912,67.05,72222,98569,0.7327,106100,7505000,7,1,1,1,64.66,1,60,3,5.120,7505000,11605000,36,1,1,9,9,0,1,0,0,0,0,0,0,0
2,20001626,06,40140,071,007800,64.35,91375,90585,1.0087,97500,68715000,7,1,1,1,63.63,1,120,5,5.420,68715000,108005000,114,1,1,9,9,0,1,1,0,0,0,0,1,0
2,20001627,17,14010,113,000108,47.84,000000,105528,9999.0,109400,14045000,7,1,1,1,65.00,1,84,4,5.440,14045000,21605000,78,1,1,9,9,0,1,0,0,0,0,1,0,0
2,20001628,06,41740,073,002302,92.86,57672,111734,0.5162,119500,2145000,2,1,1,4,61.60,2,360,1,3.150,2305000,3655000,47,9,9,9,9,0,1,0,0,0,0,1,0,0
2,20001629,37,39580,183,054015,69.46,69256,113293,0.6113,122300,15055000,2,5,1,1,61.71,1,202,5,4.280,15055000,24405000,196,1,9,9,9,100,1,0,0,0,0,0,0,0
2,20001630,06,31080,037,602511,95.25,70135,101056,0.6940,105700,3135000,7,1,1,4,61.60,2,360,1,3.500,3455000,4955000,35,9,9,9,9,0,1,0,0,0,0,0,0,0
2,20001631,12,45300,057,007200,41.96,112442,84454,1.3314,92000,82215000,1,5,1,1,60.01,1,84,5,5.930,82215000,137005000,78,1,1,9,9,0,1,0,0,0,0,0,1,0
2,20001632,13,12060,121,008905,50.34,203443,98569,2.0640,106100,38775000,1,1,1,1,54.50,1,60,5,5.910,38775000,71155000,36,1,1,9,9,0,1,0,0,0,0,0,0,0
2,20001633,06,23420,019,006502,95.05,38431,76092,0.5051,84300,955000,1,1,1,1,40.60,1,60,3,5.580,955000,2355000,36,1,1,9,9,99,1,1,0,0,1,1,0,0
2,20001634,53,42660,053,063000,53.79,78915,127870,0.6172,136600,4125000,1,1,1,1,58.61,1,120,2,5.360,4125000,7045000,84,1,1,9,9,0,1,0,0,0,0,0,0,0
2,20001635,06,41860,081,607200,72.84,133889,154003,0.8694,166600,138805000,1,3,1,1,55.00,1,60,5,4.930,138805000,252365000,57,1,1,9,9,50,1,0,0,0,0,0,0,0
2,20001636,13,12060,247,060306,86.43,103774,98569,1.0528,106100,6775000,2,1,1,1,60.99,1,60,3,6.140,6775000,11105000,36,1,1,9,9,0,1,0,0,0,0,0,0,0
2,20001637,17,16980,031,310200,64.61,135777,106055,1.2803,109800,3675000,7,1,1,1,54.44,1,60,1,6.310,3675000,6755000,36,1,1,9,9,0,1,0,0,0,0,0,0,0
2,20001638,06,40140,065,041201,82.50,103092,90585,1.1381,97500,12835000,1,3,1,1,65.00,1,60,3,5.400,12835000,19755000,57,1,1,9,9,0,1,0,0,0,0,0,0,0
2,20001639,06,41740,073,015802,47.01,58914,111734,0.5273,119500,1475000,2,1,1,4,61.60,2,360,1,3.250,1585000,2755000,59,9,9,9,9,0,1,0,0,0,0,1,0,0
2,20001640,08,19740,001,007900,77.01,64434,119980,0.5370,130400,1345000,7,1,1,1,72.15,1,60,1,6.280,1345000,1865000,36,1,1,9,9,0,1,0,0,0,0,1,0,0
2,20001641,51,47260,700,032133,59.68,42346,95214,0.4448,100000,24865000,1,1,1,1,65.00,1,60,5,5.600,24865000,38255000,57,1,1,9,9,0,1,0,0,0,0,0,0,0
2,20001642,13,12060,067,030505,66.20,54227,98569,0.5501,106100,35705000,1,1,1,1,68.65,1,60,5,5.180,35705000,52005000,54,1,1,9,9,0,1,0,0,0,0,0,0,0
2,20001643,32,29820,003,005363,54.90,99375,82358,1.2066,87800,54165000,1,1,1,1,59.46,1,84,5,5.700,54165000,91105000,78,1,1,9,9,0,1,0,0,0,0,0,0,0
2,20001644,48,12420,491,020311,56.37,135667,115204,1.1776,126000,11155000,2,1,1,1,58.10,1,192,4,4.760,11155000,19205000,180,1,9,9,9,100,1,0,0,0,0,0,0,0
2,20001645,06,31080,037,221900,70.84,46011,101056,0.4553,105700,4445000,2,1,1,4,61.60,2,360,2,3.350,4445000,8905000,47,9,1,9,9,0,1,0,0,0,0,1,0,0
2,20001646,51,25500,660,000205,32.13,73028,83010,0.8798,89700,12165000,7,1,1,1,52.90,1,60,3,6.050,12165000,23005000,57,1,9,9,9,0,1,0,0,0,0,1,0,0
2,20001647,36,28880,071,011200,67.02,97350,113377,0.8586,114800,20305000,1,3,1,1,64.10,2,60,4,5.940,20305000,33705000,59,1,1,9,9,0,1,0,0,0,0,0,0,0
2,20001648,06,31080,037,311602,40.37,133378,101056,1.3198,105700,22205000,7,1,1,1,60.00,1,60,3,5.550,22205000,37005000,57,1,1,9,9,0,1,0,0,0,0,0,0,0
2,20001649,39,17410,093,024200,46.99,79769,90488,0.8815,97200,1155000,7,3,1,1,65.94,1,120,1,5.590,1155000,1755000,84,1,1,9,9,0,1,0,0,0,0,0,0,0
2,20001650,01,26620,089,002701,18.75,100192,99604,1.0059,113600,43835000,7,1,1,1,63.53,1,84,5,5.610,43835000,69005000,78,1,1,9,9,0,1,0,0,0,0,0,0,0
2,20001651,47,34980,037,015402,35.93,100123,96905,1.0332,104700,1325000,7,1,1,1,64.59,1,60,1,6.420,1325000,2055000,36,1,1,9,9,0,1,0,0,0,0,0,0,0
2,20001652,06,41860,013,321200,54.20,113603,154003,0.7377,166600,43175000,2,1,1,1,54.62,1,60,5,6.080,43175000,79055000,36,1,1,9,9,0,1,0,0,0,0,0,0,0
2,20001653,48,19100,113,007910,50.90,123095,99957,1.2315,107300,51505000,7,1,1,1,50.00,1,60,5,4.900,51505000,103005000,57,1,1,9,9,0,1,0,0,0,0,0,0,0
2,20001654,21,14540,227,010702,41.28,78369,77221,1.0149,82500,25105000,2,1,1,1,68.59,1,60,5,5.420,25105000,36605000,57,1,1,9,9,0,1,0,0,0,0,0,0,0
2,20001655,08,19740,059,009856,27.59,69565,119980,0.5798,130400,1105000,7,1,1,1,64.71,1,120,1,5.740,1105000,1705000,117,1,1,9,9,0,1,0,0,0,0,0,0,0
2,20001656,13,12060,135,050446,88.93,49643,98569,0.5036,106100,57855000,7,3,1,1,64.78,1,84,5,6.756,57855000,89305000,6,1,1,9,9,0,1,0,0,0,0,0,0,0
2,20001657,06,31080,059,063604,56.83,102870,101056,1.0180,105700,3715000,2,1,1,4,61.60,2,360,1,3.150,3715000,6015000,59,9,1,9,9,0,1,0,0,0,0,0,0,0
2,20001658,06,41740,073,002302,92.86,57672,111734,0.5162,119500,1635000,1,1,1,1,59.28,1,60,1,5.730,1635000,2765000,36,1,1,9,9,0,1,0,0,0,0,1,0,0
2,20001659,37,40580,127,010604,68.20,78286,66066,1.1850,68500,12525000,7,1,1,1,65.60,1,60,4,5.900,12525000,19105000,57,1,1,9,9,0,1,0,0,0,0,0,0,0
2,20001660,12,36740,069,031320,54.98,91000,83343,1.0919,90400,31515000,1,1,1,1,65.00,1,60,5,5.640,31515000,48485000,57,1,1,9,9,0,1,0,0,0,0,0,1,0
2,20001661,06,31080,059,075003,96.46,45906,101056,0.4543,105700,3025000,1,1,1,4,61.60,2,360,1,3.200,3025000,4305000,59,9,1,9,9,0,1,0,0,0,0,1,0,0
2,20001662,36,35620,047,033100,41.28,78250,113844,0.6873,119300,5475000,7,1,1,1,67.64,1,60,2,5.440,5475000,8105000,36,1,1,9,9,0,1,0,0,0,0,0,0,0
2,20001663,04,46060,019,004117,85.12,56701,82620,0.6863,90200,8265000,2,1,1,1,62.61,2,120,4,6.340,8265000,13205000,114,1,1,9,9,0,1,0,0,0,0,1,0,0
2,20001664,35,29740,013,000401,84.12,25875,58875,0.4395,65800,2075000,1,1,1,1,71.50,1,120,3,5.930,2075000,2895000,114,1,9,9,9,79,1,0,0,0,0,1,0,0
2,20001665,25,14460,017,333502,29.42,127880,134646,0.9498,142000,1665000,7,1,1,1,63.51,1,60,1,6.370,1665000,2625000,36,1,1,9,9,0,1,0,0,0,0,0,1,0
2,20001666,53,42660,053,063402,55.51,61970,127870,0.4846,136600,3495000,7,1,1,1,58.20,1,84,2,5.770,3495000,6005000,84,1,9,9,9,0,1,0,0,0,0,1,0,0
2,20001667,06,31080,037,599000,59.84,98899,101056,0.9787,105700,1025000,1,3,1,1,51.45,1,120,1,6.010,1025000,2005000,84,1,9,9,9,0,1,1,0,0,0,0,0,0
2,20001668,45,24860,045,001900,21.88,178820,82045,2.1795,84700,31485000,7,1,1,1,59.41,1,84,5,5.920,31485000,53005000,78,1,1,9,9,0,1,0,0,0,0,0,0,0
2,20001669,12,15980,071,010422,23.60,109861,81979,1.3401,88800,41725000,1,1,1,1,51.35,1,60,5,6.300,41725000,81255000,36,1,1,9,9,0,1,0,0,0,0,0,0,0
2,20001670,40,46140,143,007000,45.29,69079,83507,0.8272,85300,10595000,7,1,1,1,69.67,1,60,5,5.710,10595000,15205000,57,1,9,9,9,0,1,0,0,0,0,1,0,0
2,20001671,32,29820,003,002201,68.32,55693,82358,0.6762,87800,2385000,2,1,1,1,33.44,1,180,5,5.960,2385000,7135000,174,9,9,9,9,57,1,0,0,0,0,1,0,0
2,20001672,48,41700,259,970500,33.88,77835,85469,0.9107,89300,42705000,1,1,1,1,69.09,1,120,5,5.590,42705000,61805000,114,1,1,9,9,50,1,0,0,0,0,0,1,0
2,20001673,04,46060,019,004031,29.05,77296,82620,0.9356,90200,38325000,7,3,1,1,73.00,1,84,5,6.756,38325000,52505000,6,1,1,9,9,0,1,0,0,0,0,0,0,0
2,20001674,47,32820,157,022023,99.06,51855,78701,0.6589,84000,21165000,2,3,1,1,71.10,1,146,5,6.510,21175000,26505000,0,1,9,9,9,100,1,0,0,0,0,0,0,0
2,20001675,26,40980,145,012100,7.05,110045,71728,1.5342,74800,1345000,7,1,1,1,66.45,1,120,1,5.770,1345000,2035000,117,1,1,9,9,0,1,1,0,0,0,0,0,0
2,20001676,48,19100,085,032013,77.49,62339,99957,0.6237,107300,43785000,1,1,1,1,67.26,1,60,5,5.190,43785000,65105000,57,1,1,9,9,0,1,0,0,0,0,0,0,0
2,20001677,48,26420,201,410601,48.14,155164,92750,1.6729,95200,60335000,1,1,1,1,62.85,1,60,5,5.090,60335000,96005000,57,1,1,9,9,0,1,0,0,0,0,0,0,0
2,20001678,29,41180,183,310700,25.65,77321,97901,0.7898,103200,84145000,7,1,1,1,70.00,1,60,5,5.480,84145000,120205000,57,1,1,9,9,0,1,0,0,0,0,0,0,0
2,20001679,51,47900,047,930502,46.08,87349,144539,0.6043,152900,31905000,7,1,1,1,62.06,1,60,5,4.880,31905000,51405000,57,1,1,9,9,0,1,1,0,0,0,0,0,0
2,20001680,06,41740,073,015701,59.05,46031,111734,0.4120,119500,2355000,2,1,1,4,61.60,2,360,2,3.400,2355000,4325000,59,9,1,9,9,0,1,0,0,0,0,1,0,0
2,20001681,06,31080,037,194101,29.26,157813,101056,1.5616,105700,11705000,7,1,1,1,38.36,1,120,3,6.040,11705000,30505000,114,1,1,9,9,0,1,0,0,0,0,0,1,0
2,20001682,48,19100,113,013007,57.38,92009,99957,0.9205,107300,21565000,2,5,1,1,70.00,1,60,5,5.960,21565000,30805000,57,1,1,9,9,35,1,0,0,0,0,0,0,0
2,20001683,06,41860,001,443321,91.97,142763,154003,0.9270,166600,2465000,2,1,1,4,61.60,2,360,1,3.200,3005000,7305000,59,9,9,9,9,0,1,0,0,0,0,0,1,0
2,20001684,32,29820,003,003411,54.00,80682,82358,0.9797,87800,67605000,1,3,1,1,73.20,1,84,5,6.596,67605000,92355000,12,1,1,9,9,0,1,0,0,0,0,0,0,0
2,20001685,39,17140,061,027600,41.68,84643,97826,0.8652,103700,50445000,7,3,1,1,73.10,1,60,5,6.120,50445000,69005000,57,1,1,9,9,0,1,0,0,0,0,0,1,0
2,20001686,40,21420,047,001302,17.30,112446,79145,1.4208,66500,3195000,2,3,1,4,71.10,2,212,3,5.200,3215000,3825000,0,1,1,9,9,100,1,1,0,0,0,0,1,0
2,20001687,09,14860,190,043900,47.36,109470,135149,0.8100,145700,3715000,7,1,1,1,64.00,1,60,1,5.700,3715000,5805000,57,1,1,9,9,0,1,0,0,0,0,0,0,0
2,20001688,06,31080,037,602104,95.76,74524,101056,0.7375,105700,3495000,2,1,1,4,61.60,2,360,2,3.500,3845000,5495000,35,9,9,9,9,0,1,0,0,0,0,1,0,0
2,20001689,48,19100,113,000100,22.89,250001,99957,2.5011,107300,36465000,1,1,1,1,65.00,1,60,5,5.030,36465000,56105000,57,1,1,9,9,0,1,0,0,0,0,0,1,0
2,20001690,27,33460,053,007700,41.45,147581,119274,1.2373,123700,56355000,1,1,1,1,69.92,1,120,5,5.000,56355000,80595000,114,1,1,9,9,0,1,0,0,0,0,0,0,0
2,20001691,35,29740,013,000103,74.98,52650,58875,0.8943,65800,3695000,1,1,1,1,72.19,1,120,3,5.930,3695000,5125000,114,1,9,9,9,83,1,0,0,0,0,0,0,0
2,20001692,48,19100,439,102102,42.78,114790,99957,1.1484,107300,9235000,1,1,1,1,63.26,1,60,4,5.920,9235000,14605000,57,1,1,9,9,0,1,0,0,0,0,0,0,0
2,20001693,12,27260,031,014103,14.70,99052,88994,1.1130,98000,29295000,7,1,1,1,60.78,1,84,5,5.040,29295000,48205000,78,1,1,9,9,0,1,0,0,0,0,0,1,0
2,20001694,24,47900,033,801701,96.40,82978,144539,0.5741,152900,83505000,7,5,1,1,69.41,1,120,5,5.440,83505000,120305000,114,1,1,9,9,0,1,0,0,0,0,0,0,0
2,20001695,48,19100,113,013627,59.49,66522,99957,0.6655,107300,20945000,1,1,1,1,63.67,1,60,5,4.860,20945000,32905000,57,1,1,9,9,0,1,0,0,0,0,0,1,0
2,20001696,48,32580,215,020907,90.65,66288,54864,1.2082,57300,2095000,7,1,1,1,53.92,1,84,2,5.920,2095000,3885000,84,1,1,9,9,0,1,0,0,0,0,0,0,0
2,20001697,06,31080,037,143606,42.19,170595,101056,1.6881,105700,2305000,2,1,1,4,61.60,2,360,1,3.150,2305000,4555000,35,9,1,9,9,0,1,0,0,0,0,0,1,0
2,20001698,12,33100,086,003605,92.60,21962,80554,0.2726,87600,3615000,2,1,1,1,64.15,1,60,1,6.520,3615000,5645000,60,1,1,9,9,0,1,0,0,0,0,1,0,0
2,20001699,17,16980,031,811600,39.91,78316,106055,0.7385,109800,6975000,7,1,1,1,75.61,1,120,3,5.570,6975000,9225000,117,1,1,9,9,0,1,0,0,0,0,0,0,0
2,20001700,06,31080,037,211703,90.80,70982,101056,0.7024,105700,1835000,7,1,1,1,57.38,1,84,1,5.650,1835000,3205000,81,1,1,9,9,0,1,0,0,0,0,0,0,0
2,20001701,06,12540,029,004704,96.85,47328,71065,0.6660,78600,2655000,1,1,1,1,48.73,1,60,3,5.580,2655000,5455000,36,1,1,9,9,98,1,1,0,0,0,1,0,0
2,20001702,12,45300,057,013320,60.11,86010,84454,1.0184,92000,36455000,7,1,1,1,69.30,1,84,5,4.720,36455000,52605000,78,1,1,9,9,20,1,0,0,0,0,0,0,0
2,20001703,26,29620,065,005502,23.17,99003,90068,1.0992,91100,10615000,7,1,1,1,60.67,1,60,3,5.810,10615000,17505000,57,1,1,9,9,0,1,0,0,0,0,0,0,0
2,20001704,06,41500,053,000103,87.80,88167,97004,0.9089,103200,6275000,2,5,1,4,33.79,2,192,4,5.750,6965000,20605000,0,1,1,9,9,98,1,0,0,0,0,0,0,0
2,20001705,06,42220,097,151403,58.19,94602,119780,0.7898,128400,2875000,1,1,1,1,55.35,1,120,2,5.810,2875000,5185000,114,1,1,9,9,100,1,0,0,0,0,0,0,0
2,20001706,39,17140,025,041303,11.02,94583,97826,0.9669,103700,15195000,7,1,1,1,61.00,1,60,4,5.810,15195000,24905000,57,1,1,9,9,0,1,0,0,0,0,0,0,0
2,20001707,05,99999,093,011100,45.08,66591,62701,1.0620,66600,1435000,2,3,1,4,71.10,2,180,2,4.410,1505000,2205000,0,1,9,9,9,79,1,1,1,0,0,0,0,0
2,20001708,13,46660,185,010900,82.77,38922,68178,0.5709,70000,3195000,7,1,1,1,70.00,1,60,3,6.100,3195000,4565000,57,1,1,9,9,0,1,0,0,0,0,1,0,0
2,20001709,39,18140,049,009396,84.32,41901,97262,0.4308,103300,38895000,7,1,1,1,68.72,1,60,5,6.030,38895000,56605000,36,1,1,9,9,0,1,0,0,0,0,1,0,0
2,20001710,36,35620,081,054900,74.88,59909,113844,0.5262,119300,1295000,7,1,1,1,54.61,1,60,1,7.310,1295000,2375000,36,1,1,9,9,0,1,0,0,0,0,0,0,0
2,20001711,20,28140,091,052910,19.52,155433,99766,1.5580,103000,22425000,1,1,1,1,63.89,1,120,4,5.280,22425000,35105000,114,1,1,9,9,0,1,0,0,0,0,0,0,0
2,20001712,26,24340,081,011602,10.88,85667,93131,0.9199,98500,8875000,1,1,1,4,45.04,1,204,4,6.420,8875000,19705000,198,1,1,9,9,100,1,0,0,0,0,0,0,0
2,20001713,53,28420,005,011100,40.92,79417,92746,0.8563,99900,5915000,2,5,1,1,68.51,1,84,2,4.840,5915000,8635000,84,1,1,9,9,0,1,0,0,0,0,0,0,0
2,20001714,48,26420,201,552200,65.39,93235,92750,1.0052,95200,11305000,7,1,1,1,41.32,1,120,5,6.340,11305000,27355000,114,1,1,9,9,100,1,0,0,0,0,0,1,0
2,20001715,08,19740,001,008555,42.99,66806,119980,0.5568,130400,88405000,2,3,1,1,57.52,1,84,5,5.560,88405000,153705000,78,1,1,9,9,0,1,0,0,0,0,0,0,0
2,20001716,41,38900,005,021200,20.78,95000,110489,0.8598,116900,14705000,1,1,1,1,70.00,1,120,4,5.330,14705000,21005000,114,1,9,9,9,0,1,0,0,0,0,0,0,0
2,20001717,36,40380,055,012900,25.18,172216,93554,1.8408,96500,1725000,7,1,1,1,43.18,1,84,2,6.793,1725000,4005000,12,1,1,9,9,0,1,0,0,0,0,0,1,0
2,20001718,45,17900,079,010413,75.84,000000,81690,9999.0,86300,18825000,1,1,1,1,80.00,1,84,5,5.850,18825000,23535000,78,1,1,9,9,75,1,0,0,0,0,0,0,0
2,20001719,38,99999,105,953701,34.21,76719,104948,0.7310,111400,9125000,7,1,1,1,43.69,1,120,5,7.671,9125000,20895000,6,1,9,9,9,0,1,1,0,0,0,0,0,0
2,20001720,48,19100,113,014160,79.13,95476,99957,0.9552,107300,17845000,2,1,1,1,55.41,1,60,4,6.030,17845000,32205000,57,1,1,9,9,0,1,0,0,0,0,0,1,0
2,20001721,42,37980,101,023700,67.59,125480,108977,1.1514,114700,2415000,7,5,1,1,72.66,1,84,1,6.150,2415000,3325000,84,1,1,9,9,0,1,0,0,0,0,0,0,0
2,20001722,47,34980,189,030402,40.79,61142,96905,0.6310,104700,32475000,1,1,1,1,65.00,1,84,5,5.160,32475000,49955000,78,1,1,9,9,0,1,1,0,0,0,0,0,0
2,20001723,51,47900,059,482002,25.84,193365,144539,1.3378,152900,47155000,1,3,1,1,65.00,2,60,5,5.630,47155000,72555000,57,1,1,9,9,0,1,0,0,0,0,0,1,0
2,20001724,17,16580,019,001201,55.09,61867,95272,0.6494,106200,6905000,7,1,1,1,61.79,1,120,4,5.910,6905000,11175000,114,1,1,9,9,0,1,0,0,0,0,0,0,0
2,20001725,06,41740,073,020202,88.47,51053,111734,0.4569,119500,4555000,1,1,1,1,57.41,1,84,1,6.080,4555000,7945000,84,1,1,9,9,0,1,0,0,0,0,1,0,0
2,20001726,40,36420,109,107207,53.13,48947,84302,0.5806,89100,18295000,7,1,1,1,70.00,1,60,5,5.750,18295000,26145000,57,1,1,9,9,0,1,0,0,0,0,1,0,0
2,20001727,12,45300,101,031708,14.79,81116,84454,0.9605,92000,15425000,2,1,1,1,63.76,1,60,4,5.640,15425000,24205000,57,1,1,9,9,0,1,0,0,0,0,0,1,0
2,20001728,29,41180,183,311001,24.00,89974,97901,0.9190,103200,1395000,2,1,1,1,47.28,1,120,1,6.020,1395000,2945000,84,1,1,9,9,0,1,0,0,0,0,0,0,0
2,20001729,27,33460,123,031702,83.98,41429,119274,0.3473,123700,2915000,1,1,1,1,79.89,1,120,2,6.070,2915000,3655000,60,1,1,9,9,0,1,0,0,0,0,1,0,0
2,20001730,12,36740,095,013507,82.76,48933,83343,0.5871,90400,35755000,1,1,1,1,65.00,1,60,5,5.740,35755000,55005000,57,1,1,9,9,0,1,0,0,0,0,0,0,0
2,20001731,27,33460,123,040504,19.12,85446,119274,0.7164,123700,7635000,1,1,1,1,70.00,1,84,3,5.630,7635000,10905000,78,1,1,9,9,100,1,0,0,0,0,0,0,0
2,20001732,18,16980,089,021000,66.11,64583,106055,0.6090,109800,2845000,7,3,1,1,66.12,1,84,2,6.460,2845000,4305000,81,1,1,9,9,0,1,0,0,0,0,0,0,0
2,20001733,17,40420,201,001100,51.57,61402,81338,0.7549,89000,12285000,7,5,1,1,68.27,1,120,5,5.580,12285000,18005000,114,1,1,9,9,100,1,0,0,0,0,1,0,0
2,20001734,55,33340,133,202700,26.14,62832,97232,0.6462,102100,22755000,7,1,1,1,64.45,1,120,4,5.370,22755000,35305000,114,1,1,9,9,0,1,0,0,0,0,1,0,0
2,20001735,13,12060,135,050583,66.07,82146,98569,0.8334,106100,7485000,7,1,1,1,68.99,1,60,3,5.320,7485000,10855000,57,1,9,9,9,0,1,0,0,0,0,0,0,0
2,20001736,36,35620,047,012902,49.34,175300,113844,1.5398,119300,138275000,2,3,1,1,59.75,1,120,5,5.530,138275000,231425000,114,1,1,9,9,0,1,0,0,0,0,0,1,0
2,20001737,12,35840,081,002019,21.54,104097,91784,1.1342,97000,16505000,1,1,1,1,57.69,1,84,4,6.620,16505000,28605000,78,1,1,9,9,0,1,1,0,0,0,0,1,0
2,20001738,32,29820,003,004715,87.37,56107,82358,0.6813,87800,33545000,1,1,1,1,63.41,1,84,5,6.000,33545000,52905000,78,1,1,9,9,0,1,0,0,0,0,0,0,0
2,20001739,17,16980,089,853007,81.52,75875,106055,0.7154,109800,29105000,1,1,1,1,60.00,1,60,5,5.870,29105000,48505000,57,1,1,9,9,0,1,0,0,0,0,0,0,0
2,20001740,06,41860,075,047701,62.50,157472,154003,1.0225,166600,2005000,7,1,1,4,61.60,2,360,1,3.300,2155000,2995000,47,9,9,9,9,0,1,0,0,0,0,0,0,0
2,20001741,51,40060,760,011100,78.34,75326,104391,0.7216,110000,13495000,1,3,1,4,73.95,2,216,5,4.080,13685000,18505000,216,1,9,9,9,100,1,0,0,0,0,0,0,0
2,20001742,18,23060,003,011204,17.32,87713,83564,1.0497,88000,11855000,7,1,1,1,63.04,1,120,5,5.960,11855000,18805000,114,1,1,9,9,0,1,0,0,0,0,0,1,0
2,20001743,39,19430,057,240100,17.24,81146,87717,0.9251,92900,4105000,1,1,1,1,52.58,1,84,4,5.130,4105000,7805000,60,1,1,9,9,0,1,0,0,0,0,0,0,0
2,20001744,51,47260,740,213101,81.60,41685,95214,0.4378,100000,17735000,7,1,1,1,63.35,2,60,5,6.080,17735000,28005000,57,1,1,9,9,0,1,0,0,0,0,0,0,0
2,20001745,36,35620,087,010601,67.45,142262,113844,1.2496,119300,1755000,1,1,1,1,67.58,1,120,1,7.170,1755000,2605000,36,1,1,9,9,0,1,0,0,0,0,0,0,0
2,20001746,39,31900,139,003001,5.49,91842,72424,1.2681,76000,1055000,1,1,1,1,67.74,1,84,2,5.130,1055000,1555000,60,1,1,9,9,0,1,1,0,0,0,0,0,0
2,20001747,13,99999,129,970302,39.79,62525,67549,0.9256,71700,2745000,7,1,1,1,58.36,1,60,2,6.680,2745000,4705000,36,1,1,9,9,0,1,1,0,0,0,0,0,0
2,20001748,08,24540,123,001500,23.33,112610,102620,1.0974,114500,5805000,1,1,1,1,55.24,1,120,3,6.120,5805000,10505000,114,1,9,9,9,100,1,1,0,0,0,0,0,0
2,20001749,12,33100,086,005902,95.09,56902,80554,0.7064,87600,18205000,7,1,1,1,63.42,1,60,3,5.210,18205000,28705000,57,1,1,9,9,0,1,0,0,0,0,0,0,0
2,20001750,37,16740,119,003809,84.92,58207,93744,0.6209,100300,24775000,1,1,1,1,64.17,1,60,5,5.190,24775000,38595000,57,1,1,9,9,0,1,0,0,0,0,0,0,0
2,20001751,09,35300,170,150400,22.92,112556,105763,1.0642,110400,13005000,7,1,1,1,22.22,1,60,5,5.280,13005000,58505000,57,1,1,9,9,0,1,0,0,0,0,0,0,0
2,20001752,29,28140,095,012804,56.72,76953,99766,0.7713,103000,7195000,1,1,1,1,72.35,1,120,4,6.500,7195000,9955000,84,1,1,9,9,0,1,0,0,0,0,0,0,0
2,20001753,39,17140,061,002200,70.52,42841,97826,0.4379,103700,2625000,7,1,1,1,74.01,1,84,2,6.170,2625000,3545000,81,1,1,9,9,0,1,0,0,0,0,1,0,0
2,20001754,22,43340,017,025300,67.19,000000,69400,9999.0,75200,3505000,2,1,1,1,49.30,1,180,3,4.400,3505000,7105000,174,1,9,9,9,85,1,0,0,0,0,1,0,0
2,20001755,25,44140,013,811200,22.05,84680,92168,0.9188,96500,4635000,7,1,1,1,65.57,1,84,2,5.700,4635000,7075000,81,1,1,9,9,0,1,0,0,0,0,0,0,0
2,20001756,53,42660,033,029203,59.73,84545,127870,0.6612,136600,19845000,1,1,1,1,58.36,1,60,5,6.280,19845000,34005000,57,1,1,9,9,0,1,0,0,0,0,0,0,0
2,20001757,36,35620,047,055500,38.75,222069,113844,1.9506,119300,81585000,7,1,1,1,82.41,1,120,5,5.080,81585000,99005000,114,1,9,9,9,20,1,0,0,0,0,0,0,0
2,20001758,47,32820,157,009202,24.23,95960,78701,1.2193,84000,34525000,7,1,1,1,57.11,1,60,5,5.010,34525000,60455000,57,1,1,9,9,0,1,0,0,0,0,0,0,0
2,20001759,32,16180,510,000601,36.70,98589,82109,1.2007,88900,28845000,2,5,1,1,66.00,1,18,4,6.000,26105000,45305000,9,1,1,9,9,0,1,0,0,0,0,0,1,0
2,20001760,53,42660,033,009300,50.21,193350,127870,1.5121,136600,3775000,7,1,1,1,61.38,1,60,1,5.610,3775000,6155000,60,1,1,9,9,0,1,0,0,0,0,0,0,0
2,20001761,06,31080,059,110603,90.59,68250,101056,0.6754,105700,3335000,1,1,1,4,61.60,2,360,1,3.200,3335000,4955000,59,9,1,9,9,0,1,0,0,0,0,0,0,0
2,20001762,06,31080,059,075003,96.46,45906,101056,0.4543,105700,2245000,1,1,1,4,61.60,2,360,1,3.150,2245000,3515000,59,9,1,9,9,0,1,0,0,0,0,1,0,0
2,20001763,13,12060,121,009803,26.91,250001,98569,2.5363,106100,109005000,7,1,1,1,46.38,1,120,5,5.980,109005000,235005000,114,1,1,9,9,0,1,0,0,0,0,0,1,0
2,20001764,39,18140,045,030300,7.23,71563,97262,0.7358,103300,2025000,1,1,1,1,67.47,1,84,2,5.130,2025000,3005000,60,1,1,9,9,0,1,0,0,0,0,1,0,0
2,20001765,49,41620,035,110702,14.71,127500,106248,1.2000,115400,1915000,1,1,1,1,59.97,1,84,1,6.520,1915000,3195000,84,1,1,9,9,0,1,0,0,0,0,0,1,0
2,20001766,06,31080,037,551102,92.92,65227,101056,0.6455,105700,3945000,7,1,1,4,61.60,2,360,2,3.100,3945000,6445000,47,9,1,9,9,0,1,0,0,0,0,0,0,0
2,20001767,36,35620,061,022200,74.82,93378,113844,0.8202,119300,100005000,7,5,1,4,66.00,2,18,5,6.000,97505000,168635000,5,1,1,9,9,0,1,0,0,0,0,0,0,0
2,20001768,47,32820,157,011402,68.68,000000,78701,9999.0,84000,29995000,7,3,1,1,54.28,2,60,5,5.700,29995000,55275000,57,1,1,9,9,0,1,0,0,0,0,1,0,0
2,20001769,01,19300,003,011419,10.59,85323,89953,0.9485,89100,25715000,2,1,1,1,55.90,2,120,5,5.930,25715000,46005000,114,1,1,9,9,0,1,1,0,0,0,0,0,0
2,20001770,08,19740,005,007703,71.22,70278,119980,0.5858,130400,45825000,1,1,1,1,64.54,1,60,5,5.320,45825000,71005000,57,1,1,9,9,0,1,0,0,0,0,1,0,0
2,20001771,21,31140,111,011003,42.32,71029,88819,0.7997,95900,8415000,7,1,1,1,64.94,1,120,3,5.500,8415000,12955000,114,1,1,9,9,0,1,0,0,0,0,0,0,0
2,20001772,13,12060,063,040308,85.11,54861,98569,0.5566,106100,7475000,1,1,1,1,66.70,1,120,5,5.550,7475000,11205000,114,1,1,9,9,100,1,0,0,0,0,1,0,0
2,20001773,49,41620,035,103500,15.50,135417,106248,1.2745,115400,1605000,1,1,1,1,48.61,1,60,1,6.290,1605000,3305000,36,1,9,9,9,0,1,0,0,0,0,0,1,0
2,20001774,13,99999,105,000300,52.34,79233,66121,1.1983,70500,11415000,7,1,1,1,70.00,1,60,4,5.550,11415000,16305000,57,1,1,9,9,100,1,1,0,0,0,0,0,0
2,20001775,06,41740,073,008511,62.92,131349,111734,1.1756,119500,124405000,7,1,1,1,63.99,1,120,5,5.750,124405000,194405000,114,1,1,9,9,0,1,0,0,0,0,0,0,0
2,20001776,45,43900,083,021902,37.04,89091,75197,1.1848,72500,33095000,7,1,1,1,57.86,1,60,5,5.210,33095000,57205000,36,1,1,9,9,0,1,0,0,0,0,0,0,0
2,20001777,45,16700,019,003105,82.70,44500,96573,0.4608,105100,3875000,1,3,1,1,54.22,1,60,3,6.470,3875000,7155000,36,1,1,9,9,0,1,0,0,0,0,1,0,0
2,20001778,13,12060,121,003800,99.02,72889,98569,0.7395,106100,4775000,7,1,1,1,57.02,2,192,3,4.770,4775000,8375000,180,1,9,9,9,69,1,0,0,0,0,1,0,0
2,20001779,32,29820,003,003415,72.94,43770,82358,0.5315,87800,69755000,1,3,1,1,70.00,1,84,5,6.596,69755000,99655000,12,1,1,9,9,0,1,0,0,0,0,1,0,0
2,20001780,06,31080,037,601302,93.09,71571,101056,0.7082,105700,3245000,1,1,1,1,68.27,1,120,2,5.630,3245000,4755000,117,1,1,9,9,0,1,0,0,0,0,0,0,0
2,20001781,34,35620,019,011301,24.96,213083,113844,1.8717,119300,8905000,2,1,1,1,54.27,1,180,4,4.150,8905000,16405000,174,1,1,9,9,100,1,1,0,0,0,0,0,0
2,20001782,06,40900,067,006704,77.84,73188,106925,0.6845,113700,18335000,1,1,1,1,55.05,1,60,4,6.050,18335000,33305000,54,1,9,9,9,98,1,0,0,0,0,1,0,0
2,20001783,05,22900,131,000100,72.74,36348,65873,0.5518,66700,2335000,7,1,1,1,63.19,1,60,3,7.290,2335000,3705000,60,1,9,9,9,0,1,0,0,0,0,1,0,0
2,20001784,12,15980,071,001923,11.36,57868,81979,0.7059,88800,29295000,7,1,1,1,63.55,1,60,5,5.920,29295000,46105000,57,1,1,9,9,0,1,0,0,0,0,0,1,0
2,20001785,06,31080,059,099307,28.42,147125,101056,1.4559,105700,3975000,1,1,1,4,61.60,2,360,1,3.250,3975000,9805000,47,9,1,9,9,0,1,0,0,0,0,0,1,0
2,20001786,17,16980,031,812301,40.38,98939,106055,0.9329,109800,44065000,1,1,1,1,73.14,1,60,5,6.010,44065000,60255000,57,1,1,9,9,0,1,0,0,0,0,0,1,0
2,20001787,41,38900,067,031618,48.87,114882,110489,1.0398,116900,2535000,7,1,1,1,59.09,1,60,1,5.370,2535000,4295000,36,1,1,9,9,0,1,0,0,0,0,0,1,0
2,20001788,06,41860,013,369001,88.88,76039,154003,0.4938,166600,6565000,2,5,1,4,50.91,2,204,3,5.750,6725000,13205000,0,1,1,9,9,99,1,0,0,0,0,1,0,0
2,20001789,18,26900,081,610204,25.64,97972,93688,1.0457,101200,32035000,7,3,1,1,71.00,2,84,5,5.499,32035000,40505000,12,1,1,9,9,0,1,0,0,0,0,0,0,0
2,20001790,48,19100,439,106514,77.06,98167,99957,0.9821,107300,12375000,1,1,1,1,61.25,1,60,4,5.940,12375000,20205000,57,1,1,9,9,0,1,0,0,0,0,0,0,0
2,20001791,51,16820,003,010701,57.16,74038,111204,0.6658,124200,52715000,7,1,1,1,65.00,1,60,5,5.310,52715000,81105000,57,1,1,9,9,0,1,0,0,0,0,1,0,0
2,20001792,41,38900,005,023001,12.66,118950,110489,1.0766,116900,40005000,7,5,1,4,66.00,2,24,5,6.000,39505000,58805000,12,1,1,9,9,0,1,0,0,0,0,0,1,0
2,20001793,16,46300,083,000200,19.75,90512,73137,1.2376,81900,17735000,7,1,1,1,69.55,1,84,3,5.360,17735000,25505000,78,1,1,9,9,0,1,1,0,0,0,0,0,0
2,20001794,06,41740,073,003902,94.93,55378,111734,0.4956,119500,2805000,2,1,1,4,61.60,2,360,1,3.050,2805000,5005000,47,9,1,9,9,0,1,0,0,0,0,1,0,0
2,20001795,37,49180,067,002604,38.66,116429,76701,1.5180,81900,1675000,7,5,1,1,60.65,1,120,2,6.260,1675000,2765000,84,1,1,9,9,0,1,0,0,0,0,0,0,0
2,20001796,37,49180,067,003905,33.88,75630,76701,0.9860,81900,13875000,1,1,1,1,74.90,1,60,4,5.710,13875000,18515000,57,1,1,9,9,75,1,0,0,0,0,0,0,0
2,20001797,12,15980,071,001706,19.65,88601,81979,1.0808,88800,54405000,7,1,1,1,65.00,1,60,5,5.540,54405000,83705000,57,1,1,9,9,0,1,0,0,0,0,0,1,0
2,20001798,48,19100,113,000501,46.20,142727,99957,1.4279,107300,42515000,1,1,1,1,65.00,1,60,5,5.290,42515000,65405000,57,1,1,9,9,90,1,0,0,0,0,0,1,0
2,20001799,12,33100,086,009039,90.80,68321,80554,0.8481,87600,87655000,1,1,1,1,63.01,1,60,5,5.640,87655000,139105000,57,1,1,9,9,0,1,0,0,0,0,0,0,0
2,20001800,32,29820,003,005839,51.70,136143,82358,1.6531,87800,14885000,7,1,1,1,60.24,1,72,3,5.380,14885000,24705000,69,1,1,9,9,0,1,0,0,0,0,0,1,0
2,20001801,45,16700,019,003600,32.98,97222,96573,1.0067,105100,1065000,1,1,1,1,48.55,1,120,1,5.750,1065000,2205000,84,1,9,9,9,0,1,0,0,0,0,1,0,0
2,20001802,01,13820,073,014304,55.95,72600,87341,0.8312,94200,36605000,1,1,1,1,64.96,1,84,5,5.340,36605000,56355000,78,1,1,9,9,0,1,0,0,0,0,0,0,0
2,20001803,40,46140,143,007706,38.11,91700,83507,1.0981,85300,3925000,1,1,1,1,66.02,1,120,3,5.860,3925000,5955000,114,1,1,9,9,100,1,0,0,0,0,0,1,0
2,20001804,39,10420,133,601702,10.92,111190,90421,1.2297,95800,15075000,7,1,1,1,61.04,1,60,4,6.380,15075000,24705000,36,1,1,9,9,0,1,0,0,0,0,0,1,0
2,20001805,48,26420,157,672703,88.07,76808,92750,0.8281,95200,5725000,2,3,1,4,71.10,2,180,3,4.450,5955000,8505000,0,1,9,9,9,80,1,0,0,0,0,0,1,0
2,20001806,09,14860,190,211400,35.29,86538,135149,0.6403,145700,51145000,7,3,1,1,62.75,1,60,5,5.420,51145000,81505000,57,1,1,9,9,0,1,0,0,0,0,0,0,0
2,20001807,40,46140,143,007510,35.99,83854,83507,1.0042,85300,8405000,1,1,1,1,69.42,1,84,5,6.020,8405000,12105000,60,1,1,9,9,0,1,0,0,0,0,0,1,0
2,20001808,41,38900,067,031506,29.70,138796,110489,1.2562,116900,33625000,1,1,1,1,62.27,1,60,5,5.170,33625000,54005000,57,1,1,9,9,0,1,0,0,0,0,0,1,0
2,20001809,06,41860,081,602300,85.58,147034,154003,0.9548,166600,43155000,2,1,1,1,59.22,1,60,5,5.890,43155000,72865000,36,1,1,9,9,1,1,0,0,0,0,0,0,0
2,20001810,17,16980,097,861508,47.80,99175,106055,0.9351,109800,42965000,7,1,1,1,69.19,1,60,5,5.480,42965000,62105000,57,1,1,9,9,0,1,0,0,0,0,0,1,0
2,20001811,36,35620,047,041900,84.51,59775,113844,0.5251,119300,6695000,7,1,1,1,55.30,1,60,1,6.670,6695000,12105000,36,1,9,9,9,38,1,0,0,0,0,1,0,0
2,20001812,41,38900,051,004800,25.21,155417,110489,1.4066,116900,1905000,1,5,1,1,70.86,1,84,1,5.670,1905000,2695000,84,1,1,9,9,0,1,0,0,0,0,0,0,0
2,20001813,06,31080,037,134710,87.11,53542,101056,0.5298,105700,2555000,7,1,1,4,61.60,2,360,2,3.550,2795000,5305000,47,9,9,9,9,0,1,0,0,0,0,1,0,0
2,20001814,06,31080,059,075404,76.94,109438,101056,1.0829,105700,85595000,1,1,1,1,65.00,1,60,5,4.800,85595000,131685000,57,1,1,9,9,50,1,0,0,0,0,0,0,0
2,20001815,48,30980,183,000601,28.19,119278,75665,1.5764,79100,9745000,2,1,1,1,63.69,1,60,5,6.150,9745000,15305000,57,1,1,9,9,0,1,0,0,0,0,0,0,0
2,20001816,06,40140,065,040821,71.91,80955,90585,0.8937,97500,88725000,1,1,1,1,64.20,1,60,5,5.250,88725000,138205000,57,1,1,9,9,0,1,0,0,0,0,0,0,0
2,20001817,17,16980,031,230600,96.63,60106,106055,0.5667,109800,1755000,7,1,1,1,70.00,1,120,1,6.290,1755000,2515000,117,1,1,9,9,0,1,0,0,0,0,1,0,0
2,20001818,41,21660,039,003900,28.75,39399,84068,0.4687,89100,6695000,2,3,1,1,73.92,1,170,3,4.520,6695000,9055000,164,1,9,9,9,100,1,0,0,0,0,1,0,0
2,20001819,48,19100,113,014161,86.00,52711,99957,0.5273,107300,32375000,7,1,1,1,65.00,1,60,5,6.130,32375000,49805000,57,1,1,9,9,0,1,0,0,0,0,0,0,0
2,20001820,48,19100,085,031676,45.57,143667,99957,1.4373,107300,41345000,1,1,1,1,63.31,1,60,5,5.120,41345000,65305000,57,1,1,9,9,0,1,0,0,0,0,0,1,0
2,20001821,18,26900,097,340201,78.75,64293,93688,0.6863,101200,14305000,1,1,1,1,58.14,1,60,5,5.760,14305000,24605000,48,1,1,9,9,0,1,0,0,0,0,0,0,0
2,20001822,36,35620,047,010100,68.84,137578,113844,1.2085,119300,2975000,7,1,1,1,67.68,1,60,2,6.050,2975000,4405000,60,1,1,9,9,0,1,0,0,0,0,0,0,0
2,20001823,09,35300,170,155100,43.88,88516,105763,0.8369,110400,20005000,7,1,1,1,58.85,1,60,4,5.560,20005000,34005000,57,1,1,9,9,0,1,0,0,0,0,0,0,0
2,20001824,09,14860,190,030200,14.63,250001,135149,1.8498,145700,34455000,2,3,1,1,54.86,1,120,4,7.363,34455000,62805000,12,1,1,9,9,0,1,0,0,0,0,0,0,0
2,20001825,48,41700,029,120503,74.43,57852,85469,0.6769,89300,17225000,7,1,1,1,63.78,1,120,5,5.640,17225000,27005000,114,1,1,9,9,0,1,0,0,0,0,0,0,0
2,20001826,36,35620,005,037100,98.49,69297,113844,0.6087,119300,4565000,7,1,1,1,57.11,1,60,1,6.820,4565000,8005000,36,1,1,9,9,28,1,0,0,0,0,1,0,0
2,20001827,48,19100,439,111319,54.85,144761,99957,1.4482,107300,52875000,1,1,1,1,75.00,1,60,5,5.530,52875000,70505000,57,1,1,9,9,90,1,0,0,0,0,0,1,0
2,20001828,48,33260,329,010200,91.47,74375,107796,0.6900,91500,12935000,1,1,1,1,50.57,1,120,4,5.560,12935000,25585000,114,1,1,9,9,0,1,0,0,0,0,0,0,0
2,20001829,53,38900,011,042800,23.70,138958,110489,1.2577,116900,1695000,1,1,1,1,55.57,1,60,1,5.040,1695000,3055000,57,1,1,9,9,0,1,0,0,0,0,0,0,0
2,20001830,06,23420,019,004703,83.73,62688,76092,0.8238,84300,6855000,7,5,1,1,59.43,2,60,3,6.580,6855000,11535000,36,1,1,9,9,0,1,0,0,0,0,0,0,0
2,20001831,37,39580,101,041111,36.55,100015,113293,0.8828,122300,3095000,1,1,1,1,49.87,1,84,3,5.940,3095000,6205000,78,1,1,9,9,86,1,0,0,0,0,0,0,0
2,20001832,55,33340,133,203104,22.03,115847,97232,1.1915,102100,3005000,7,1,1,1,61.86,1,84,3,5.600,3005000,4855000,81,1,9,9,9,0,1,0,0,0,0,0,0,0
2,20001833,18,26900,081,610204,25.64,97972,93688,1.0457,101200,12505000,7,1,1,1,32.55,1,120,5,5.360,12505000,38405000,114,1,9,9,9,0,1,0,0,0,0,0,0,0
2,20001834,13,12060,121,008702,81.42,78475,98569,0.7961,106100,7505000,1,1,1,1,51.02,1,204,4,6.450,7505000,14705000,198,1,1,9,9,95,1,0,0,0,0,1,0,0
2,20001835,06,31080,059,075816,67.65,129392,101056,1.2804,105700,54115000,7,1,1,1,59.99,1,60,5,5.690,54115000,90205000,57,1,1,9,9,100,1,0,0,0,0,0,0,0
2,20001836,53,42660,061,041813,55.80,78883,127870,0.6169,136600,59035000,7,1,1,1,60.42,2,60,5,5.710,59035000,97715000,57,1,1,9,9,0,1,0,0,0,0,0,0,0
2,20001837,36,35620,047,049700,28.27,144271,113844,1.2673,119300,1605000,7,5,1,1,53.43,1,60,1,7.260,1605000,3005000,36,1,1,9,9,0,1,0,0,0,0,0,1,0
2,20001838,06,31080,037,117407,97.99,48365,101056,0.4786,105700,2005000,2,1,1,4,61.60,2,360,1,3.250,2005000,4875000,47,9,1,9,9,0,1,0,0,0,0,1,0,0
2,20001839,42,11020,013,011600,4.57,80139,80754,0.9924,86900,2675000,1,3,1,1,77.61,1,120,3,6.320,2675000,3455000,114,1,1,9,9,98,1,1,0,0,0,0,0,0
2,20001840,12,45300,057,010204,64.31,49844,84454,0.5902,92000,12785000,7,3,1,1,56.06,1,60,4,6.260,12785000,22805000,57,1,9,9,9,0,1,0,0,0,0,0,0,0
2,20001841,39,17410,035,119501,63.22,128750,90488,1.4228,97200,2475000,1,3,1,1,60.39,1,120,2,5.390,2475000,4105000,84,1,1,9,9,0,1,0,0,0,0,1,0,0
2,20001842,06,31080,037,402504,97.31,44423,101056,0.4396,105700,21235000,7,1,1,1,64.14,1,120,5,5.540,21235000,33105000,114,1,1,9,9,99,1,0,0,0,0,1,0,0
2,20001843,36,35620,047,057300,20.42,159688,113844,1.4027,119300,2295000,7,1,1,1,58.80,1,60,1,6.270,2295000,3905000,36,1,1,9,9,0,1,0,0,0,0,0,0,0
2,20001844,48,26420,201,543007,58.19,198861,92750,2.1441,95200,42365000,7,1,1,1,60.43,1,84,5,5.640,42365000,70105000,78,1,1,9,9,0,1,0,0,0,0,0,1,0
2,20001845,06,31080,059,062647,42.38,90901,101056,0.8995,105700,68425000,7,1,1,1,48.77,1,120,5,5.370,68425000,140305000,114,1,9,9,9,0,1,0,0,0,0,0,0,0
2,20001846,06,31080,037,123103,73.42,73947,101056,0.7317,105700,2505000,7,1,1,1,34.65,1,60,2,6.770,2505000,7215000,36,1,1,9,9,0,1,0,0,0,0,0,0,0
2,20001847,48,26420,039,660703,68.27,144531,92750,1.5583,95200,24005000,1,1,1,1,58.25,1,60,5,5.280,24005000,41205000,36,1,1,9,9,0,1,0,0,0,0,0,0,0
2,20001848,18,16980,089,043401,11.63,106319,106055,1.0025,109800,22965000,2,3,1,1,71.00,2,84,5,5.499,22965000,35805000,12,1,1,9,9,0,1,1,0,0,0,0,1,0
2,20001849,06,31080,037,208902,97.47,30739,101056,0.3042,105700,1775000,2,1,1,4,61.60,2,360,1,3.250,1775000,3435000,47,9,1,9,9,0,1,0,0,0,0,1,0,0
2,20001850,45,17900,079,010414,82.34,42206,81690,0.5167,86300,6005000,7,1,1,1,48.39,1,60,3,6.110,6005000,12405000,36,1,1,9,9,75,1,0,0,0,0,1,0,0
2,20001851,48,19100,121,020603,72.76,71464,99957,0.7150,107300,19855000,1,1,1,1,59.62,1,84,4,5.460,19855000,33305000,78,1,1,9,9,75,1,0,0,0,0,0,0,0
2,20001852,51,40060,041,100928,30.97,122316,104391,1.1717,110000,26705000,7,3,1,1,75.65,1,84,5,4.780,26705000,35305000,78,1,1,9,9,100,1,0,0,0,0,0,0,0
2,20001853,49,99999,003,960500,16.79,109112,87041,1.2536,109800,1355000,7,1,1,1,69.18,1,84,1,5.410,1355000,1965000,84,1,1,9,9,0,1,0,0,0,0,0,0,0
2,20001854,48,19100,439,111556,87.27,61359,99957,0.6139,107300,25685000,2,1,1,1,52.09,2,60,5,5.830,25685000,49305000,57,1,1,9,9,0,1,0,0,0,0,0,0,0
2,20001855,05,99999,041,950400,62.43,51767,61088,0.8474,65200,1205000,2,3,1,4,71.10,2,156,2,5.000,1255000,2205000,0,1,9,9,9,97,1,1,1,0,0,1,0,0
2,20001856,09,47930,140,110202,20.89,127600,135149,0.9441,145700,54175000,7,1,1,1,55.00,1,84,5,5.830,54175000,98505000,78,1,1,9,9,0,1,0,0,0,0,0,0,0
2,20001857,04,38060,013,218000,35.81,111853,93191,1.2003,101300,54855000,7,1,1,1,60.00,1,84,5,5.560,54855000,91425000,78,1,1,9,9,0,1,0,0,0,0,0,1,0
2,20001858,42,37980,045,401800,75.58,77366,108977,0.7099,114700,6195000,7,1,1,1,64.31,1,60,3,5.630,6195000,9625000,57,1,1,9,9,0,1,0,0,0,0,0,0,0
2,20001859,37,48900,129,011501,30.45,57143,91984,0.6212,102100,13655000,1,1,1,1,72.97,1,60,4,5.450,13655000,18705000,57,1,1,9,9,0,1,0,0,0,0,1,0,0
2,20001860,48,26420,201,510803,28.80,113750,92750,1.2264,95200,32505000,1,1,1,1,62.98,1,60,5,6.360,32505000,51605000,36,1,1,9,9,0,1,0,0,0,0,0,1,0
2,20001861,36,35620,005,012500,98.19,52708,113844,0.4630,119300,19005000,7,3,1,1,64.10,1,60,3,6.310,19005000,32705000,56,1,1,9,9,0,1,0,0,0,0,1,0,0
2,20001862,12,33100,099,006911,37.06,53542,80554,0.6647,87600,92245000,1,1,1,1,65.00,1,60,5,5.700,92245000,141915000,57,1,1,9,9,0,1,0,0,0,0,0,0,0
2,20001863,51,40060,760,040400,32.55,169068,104391,1.6196,110000,6045000,7,1,1,1,53.03,1,60,3,6.150,6045000,11405000,57,1,1,9,9,0,1,0,0,0,0,1,0,0
2,20001864,06,31080,037,462302,67.20,42237,101056,0.4180,105700,3115000,7,1,1,4,61.60,2,360,1,3.300,3355000,5105000,59,9,9,9,9,0,1,0,0,0,0,0,0,0
2,20001865,06,41860,081,610202,60.98,203929,154003,1.3242,166600,37315000,2,1,1,1,57.05,1,120,4,5.710,37315000,65405000,114,1,1,9,9,0,1,0,0,0,0,0,0,0
2,20001866,41,38900,051,004902,26.01,000000,110489,9999.0,116900,6185000,1,5,1,1,70.63,1,84,3,5.770,6185000,8765000,84,1,1,9,9,0,1,0,0,0,0,0,0,0
2,20001867,13,99999,285,960503,58.07,54355,69126,0.7863,87600,27375000,7,1,1,1,58.00,1,84,5,5.220,27375000,47205000,78,1,1,9,9,0,1,1,0,0,0,0,0,0
2,20001868,42,37980,101,012502,38.36,170417,108977,1.5638,114700,51935000,2,1,1,1,77.42,1,84,5,5.220,51935000,67085000,60,1,1,9,9,0,1,0,0,0,0,0,0,0
2,20001869,48,12420,491,020406,49.54,69963,115204,0.6073,126000,9985000,1,1,1,1,66.99,1,60,4,5.370,9985000,14905000,54,1,1,9,9,0,1,0,0,0,0,0,0,0
2,20001870,39,99999,135,450100,5.09,70598,80000,0.8825,84900,1755000,1,1,1,1,60.55,1,84,3,5.130,1755000,2895000,60,1,1,9,9,0,1,1,0,0,0,0,0,0
2,20001871,13,12060,097,080602,71.77,93068,98569,0.9442,106100,12095000,1,1,1,1,70.00,1,60,4,5.200,12095000,17275000,57,1,1,9,9,0,1,0,0,0,0,0,0,0
2,20001872,51,47900,510,200102,76.62,90746,144539,0.6278,152900,157045000,7,1,1,1,69.43,1,60,5,5.930,157045000,226205000,36,1,1,9,9,0,1,0,0,0,0,0,0,0
2,20001873,06,41860,075,011200,43.79,177563,154003,1.1530,166600,3585000,2,1,1,4,61.60,2,360,1,3.350,3585000,6735000,47,9,1,9,9,0,1,0,0,0,0,0,0,0
2,20001874,29,41180,189,213202,37.83,106825,97901,1.0912,103200,17905000,1,5,1,1,68.88,2,120,5,6.410,17905000,26005000,114,1,1,9,9,0,1,0,0,0,0,0,0,0
2,20001875,36,35620,081,026700,95.50,51934,113844,0.4562,119300,13505000,1,1,1,1,75.00,1,60,5,5.160,13505000,18005000,57,1,1,9,9,0,1,0,0,0,0,1,0,0
2,20001876,37,22180,093,970105,70.53,83750,70670,1.1851,73500,27135000,1,1,1,1,65.00,1,60,5,5.650,27135000,41755000,57,1,1,9,9,0,1,0,0,0,0,0,0,0
2,20001877,53,38900,011,041309,30.01,110202,110489,0.9974,116900,11745000,7,1,1,1,55.40,1,60,3,5.980,11745000,21205000,36,1,1,9,9,0,1,0,0,0,0,0,0,0
2,20001878,17,16980,031,830004,92.61,113629,106055,1.0714,109800,1405000,1,1,1,1,74.55,1,84,1,6.620,1405000,1895000,84,1,1,9,9,0,1,0,0,0,0,0,0,0
2,20001879,48,19100,113,007909,52.55,94688,99957,0.9473,107300,44995000,7,1,1,1,49.34,1,60,5,4.900,44995000,91205000,57,1,1,9,9,0,1,0,0,0,0,0,0,0
2,20001880,09,35300,170,154102,71.13,74782,105763,0.7071,110400,6715000,1,1,1,1,79.50,1,120,3,5.850,6715000,8445000,84,1,1,9,9,0,1,0,0,0,0,0,0,0
2,20001881,06,31080,037,573102,85.67,109737,101056,1.0859,105700,1395000,7,1,1,1,60.04,1,84,1,6.370,1395000,2325000,84,1,1,9,9,0,1,0,0,0,0,0,0,0
2,20001882,06,31080,037,128703,37.35,129299,101056,1.2795,105700,16535000,7,1,1,1,64.59,1,60,3,4.780,16535000,25605000,57,1,9,9,9,0,1,0,0,0,0,0,1,0
2,20001883,36,35620,047,031100,81.51,92700,113844,0.8143,119300,6645000,1,3,1,4,64.10,2,60,1,5.500,6805000,9605000,57,1,9,9,9,0,1,0,0,0,0,0,0,0
2,20001884,06,41940,085,512604,89.28,87163,172303,0.5059,180400,2475000,2,1,1,4,61.60,2,360,1,3.250,2625000,4505000,59,9,9,9,9,0,1,0,0,0,0,1,0,0
2,20001885,48,19100,439,123200,55.37,49568,99957,0.4959,107300,67625000,7,1,1,1,70.00,1,60,5,4.950,67625000,96605000,57,1,1,9,9,50,1,0,0,0,0,0,0,0
2,20001886,48,19100,113,002703,98.02,49656,99957,0.4968,107300,7505000,7,1,1,1,46.58,1,60,5,7.540,7505000,16105000,36,1,1,9,9,0,1,0,0,0,0,1,0,0
2,20001887,48,19100,113,007203,95.99,47695,99957,0.4772,107300,1815000,2,1,1,1,46.28,2,60,2,6.690,1815000,3925000,60,1,1,9,9,0,1,0,0,0,0,1,0,0
2,20001888,12,33100,099,002400,92.21,38685,80554,0.4802,87600,67395000,7,3,1,1,60.61,1,60,5,5.510,67395000,111205000,57,1,1,9,9,66,1,0,0,0,0,1,0,0
2,20001889,53,44060,063,014002,29.77,78986,88647,0.8910,98100,9455000,7,3,1,1,48.87,1,60,4,5.950,9455000,19345000,57,1,1,9,9,0,1,0,0,0,0,1,0,0
2,20001890,49,41620,035,113314,66.71,45985,106248,0.4328,115400,32505000,1,3,1,1,64.74,1,84,5,5.460,32505000,50205000,78,1,1,9,9,0,1,0,0,0,0,1,0,0
2,20001891,26,19820,125,158100,21.75,197375,93779,2.1047,97300,28375000,7,1,1,1,63.20,1,60,5,5.440,28375000,44905000,57,1,1,9,9,0,1,0,0,0,0,0,1,0
2,20001892,13,31420,021,013202,89.56,000000,71239,9999.0,76000,14475000,7,1,1,1,72.38,1,84,5,5.480,14475000,20005000,78,1,1,9,9,0,1,0,0,0,0,1,0,0
2,20001893,12,45220,073,002505,40.53,107119,83618,1.2811,88800,29975000,7,1,1,1,63.68,1,120,5,5.740,29975000,47075000,114,1,1,9,9,0,1,0,0,0,0,0,1,0
2,20001894,21,31140,111,012105,25.58,74542,88819,0.8393,95900,12425000,7,1,1,1,60.00,1,84,4,6.619,12425000,20705000,12,1,1,9,9,0,1,0,0,0,0,0,0,0
2,20001895,06,31080,059,076103,90.03,69057,101056,0.6834,105700,92295000,7,3,1,1,69.55,1,84,5,6.756,92295000,132705000,6,1,1,9,9,20,1,0,0,0,0,0,0,0
2,20001896,17,37900,143,003403,17.17,112773,88873,1.2689,91700,8785000,1,1,1,1,69.17,1,120,3,5.540,8785000,12705000,114,1,1,9,9,0,1,0,0,0,0,0,1,0
2,20001897,48,30980,203,020606,20.34,89905,75665,1.1882,79100,2155000,1,3,1,4,71.10,2,192,2,5.050,2215000,2305000,0,1,9,9,9,89,1,0,0,0,0,0,1,0
2,20001898,13,12060,217,100701,76.80,31086,98569,0.3154,106100,16225000,2,1,1,1,77.63,1,201,5,5.250,16225000,20905000,195,1,9,9,9,100,1,0,0,0,0,1,0,0
2,20001899,06,31080,059,074805,98.64,63245,101056,0.6258,105700,19505000,7,1,1,1,65.00,1,120,4,5.690,19505000,30005000,114,1,1,9,9,0,1,0,0,0,0,1,0,0
2,20001900,24,47900,033,800520,95.37,100865,144539,0.6978,152900,21855000,7,1,1,1,70.26,1,84,5,5.940,21855000,31105000,78,1,1,9,9,100,1,0,0,0,0,0,1,0
2,20001901,37,99999,031,970401,27.21,51250,86312,0.5938,94300,2455000,1,5,1,1,50.64,1,60,2,7.010,2455000,4855000,36,1,1,9,9,0,1,1,0,0,0,0,0,0
2,20001902,08,17820,041,004706,30.76,120346,98394,1.2231,103700,44005000,1,1,1,1,64.15,1,60,5,5.850,44005000,68605000,57,1,1,9,9,0,1,0,0,0,0,0,1,0
2,20001903,37,20500,063,001810,85.21,61319,97980,0.6258,101800,12925000,7,1,1,1,63.34,1,60,4,5.030,12925000,20405000,57,1,1,9,9,0,1,0,0,0,0,0,0,0
2,20001904,51,47260,740,210900,50.50,56310,95214,0.5914,100000,2835000,2,3,1,4,71.10,2,190,2,4.610,2895000,4905000,0,1,9,9,9,100,1,0,0,0,0,0,0,0
2,20001905,38,99999,089,963400,15.41,120893,101972,1.1856,108300,7505000,7,1,1,1,56.82,1,120,5,5.570,7505000,13205000,117,1,1,9,9,0,1,1,0,0,0,0,0,0
2,20001906,17,16980,089,854900,62.58,65804,106055,0.6205,109800,43085000,1,3,1,1,74.15,1,215,5,5.670,43085000,58105000,209,1,9,9,9,100,1,0,0,0,0,0,0,0
2,20001907,42,38300,003,563100,32.59,84563,96434,0.8769,100600,13915000,7,1,1,1,62.38,1,60,5,5.650,13915000,22305000,57,1,1,9,9,0,1,0,0,0,0,0,0,0
2,20001908,42,37980,091,204103,21.05,146705,108977,1.3462,114700,64135000,1,1,1,1,58.84,1,84,5,5.090,64135000,109005000,60,1,1,9,9,0,1,0,0,0,0,0,0,0
2,20001909,06,31080,037,197600,67.09,101875,101056,1.0081,105700,1145000,7,1,1,1,69.46,1,60,1,5.790,1145000,1655000,36,1,1,9,9,0,1,0,0,0,0,0,0,0
2,20001910,13,12060,089,021415,43.52,220357,98569,2.2356,106100,59205000,1,1,1,1,70.00,1,60,5,5.420,59205000,84585000,57,1,1,9,9,0,1,0,0,0,0,0,1,0
2,20001911,53,42660,033,004902,29.43,245632,127870,1.9210,136600,1765000,7,1,1,1,42.72,1,84,1,6.290,1765000,4125000,84,1,1,9,9,0,1,0,0,0,0,0,1,0
2,20001912,53,42660,033,007201,56.48,190337,127870,1.4885,136600,34385000,2,1,1,1,55.64,1,60,5,5.360,34385000,61805000,57,1,1,9,9,0,1,0,0,0,0,0,1,0
2,20001913,12,36740,095,016411,61.34,95817,83343,1.1497,90400,18005000,7,1,1,1,46.04,1,120,5,4.800,18005000,39105000,114,1,9,9,9,0,1,0,0,0,0,0,0,0
2,20001914,06,31080,037,401002,46.28,95545,101056,0.9455,105700,2215000,1,1,1,1,38.93,1,120,1,5.830,2215000,5695000,84,1,9,9,9,0,1,0,0,0,0,0,1,0
2,20001915,13,23580,139,000800,82.80,54688,86127,0.6350,92700,4945000,2,3,1,4,71.10,2,192,3,4.950,5085000,5705000,0,1,9,9,9,84,1,0,0,0,0,1,0,0
2,20001916,25,14460,023,509101,8.16,138672,134646,1.0299,142000,62665000,1,3,1,1,58.84,2,60,5,5.770,62665000,106505000,57,1,1,9,9,12,1,0,0,0,0,0,0,0
2,20001917,17,16980,031,032100,43.43,115323,106055,1.0874,109800,5505000,7,1,1,1,63.22,1,120,2,5.640,5505000,8705000,117,1,1,9,9,0,1,0,0,0,0,0,0,0
2,20001918,25,14460,021,400201,32.95,191667,134646,1.4235,142000,42005000,1,1,1,1,58.74,2,120,4,5.980,42005000,71505000,114,1,1,9,9,0,1,0,0,0,0,0,0,0
2,20001919,08,24300,077,001104,34.31,49213,83034,0.5927,86400,8125000,1,1,1,1,70.00,1,60,3,5.830,8125000,11605000,57,1,1,9,9,0,1,0,0,0,0,0,0,0
2,20001920,47,32820,157,022321,98.93,50294,78701,0.6391,84000,2575000,2,3,1,4,71.10,2,132,3,5.000,2695000,4505000,0,1,9,9,9,100,1,0,0,0,0,0,0,0
2,20001921,29,28140,095,007100,20.38,96875,99766,0.9710,103000,2435000,2,1,1,1,65.81,1,84,1,6.020,2435000,3705000,84,1,1,9,9,0,1,0,0,0,0,0,0,0
2,20001922,06,31080,059,001802,84.64,72282,101056,0.7153,105700,2505000,2,1,1,4,61.60,2,360,1,3.700,2505000,4365000,35,9,1,9,9,0,1,0,0,0,0,0,0,0
2,20001923,13,12060,113,140309,32.96,101818,98569,1.0330,106100,27725000,1,1,1,1,63.01,1,60,4,5.980,27725000,44005000,57,1,1,9,9,0,1,0,0,0,0,0,1,0
2,20001924,48,41700,029,192200,82.05,52684,85469,0.6164,89300,10495000,7,1,1,1,69.49,1,60,5,5.230,10495000,15105000,57,1,1,9,9,0,1,0,0,0,0,0,0,0
2,20001925,55,33340,079,120400,36.35,88274,97232,0.9079,102100,4485000,7,1,1,1,70.00,1,120,2,5.180,4485000,6405000,117,1,1,9,9,0,1,0,0,0,0,0,1,0
2,20001926,51,25500,660,000207,32.59,45469,83010,0.5478,89700,23975000,1,1,1,1,70.00,1,60,5,5.920,23975000,34255000,54,1,1,9,9,0,1,0,0,0,0,1,0,0
2,20001927,06,41740,073,019501,92.59,75147,111734,0.6726,119500,3775000,2,1,1,4,61.60,2,360,1,3.150,4005000,6965000,47,9,9,9,9,0,1,0,0,0,0,1,0,0
2,20001928,06,23420,039,000302,61.06,56947,79066,0.7203,87800,2115000,1,1,1,1,52.57,1,60,3,5.580,2115000,4025000,36,1,1,9,9,98,1,1,0,0,0,0,0,0
2,20001929,34,35620,013,011400,96.44,98799,113844,0.8679,119300,12935000,7,1,1,1,55.27,1,60,4,5.880,12935000,23405000,54,1,1,9,9,0,1,0,0,0,0,0,0,0
2,20001930,13,99999,031,110401,57.80,34087,72633,0.4693,71200,38225000,7,1,1,1,65.00,1,60,5,5.510,38225000,58805000,57,1,1,9,9,0,1,1,0,0,1,1,0,0
2,20001931,04,38060,013,523103,51.29,85770,93191,0.9204,101300,51975000,1,3,1,1,55.00,1,96,5,5.500,51975000,94505000,90,1,1,9,9,0,1,0,0,0,0,0,1,0
2,20001932,55,99999,127,000902,22.64,66513,94281,0.7055,101200,7855000,2,1,1,1,66.03,1,60,3,5.540,7855000,11905000,57,1,1,9,9,0,1,1,0,0,0,0,0,0
2,20001933,18,33140,091,042500,16.33,62656,81110,0.7725,81800,25255000,7,3,1,1,71.00,2,84,5,5.499,25255000,43305000,12,1,1,9,9,0,1,0,0,0,0,0,0,0
2,20001934,13,12260,245,010710,73.45,61313,78239,0.7837,87100,7355000,2,5,1,1,80.77,1,175,4,4.040,7355000,9105000,169,1,1,9,9,100,1,0,0,0,0,0,0,0
2,20001935,06,31080,037,123601,45.50,94318,101056,0.9333,105700,1855000,2,1,1,4,61.60,2,360,1,3.250,1855000,5935000,47,9,1,9,9,0,1,0,0,0,0,0,0,0
2,20001936,36,35620,061,023200,95.09,40868,113844,0.3590,119300,63565000,1,1,1,4,34.93,1,357,5,6.810,63565000,182005000,117,1,1,9,9,99,1,0,0,0,0,1,0,0
2,20001937,34,35620,017,007002,56.55,250001,113844,2.1960,119300,172225000,7,1,1,1,51.80,1,120,5,6.673,172225000,332505000,12,1,1,9,9,0,1,0,0,0,0,0,1,0
2,20001938,48,19100,121,020507,38.66,82313,99957,0.8235,107300,28215000,7,1,1,1,62.15,1,60,5,5.380,28215000,45405000,57,1,1,9,9,0,1,0,0,0,0,0,0,0
2,20001939,48,19100,439,113522,57.26,000000,99957,9999.0,107300,55515000,7,3,1,1,51.31,2,60,5,7.284,55515000,108205000,12,1,1,9,9,0,1,0,0,0,0,0,0,0
2,20001940,12,27260,031,015926,47.81,81824,88994,0.9194,98000,12005000,7,1,1,1,35.71,1,120,5,5.430,12005000,33605000,114,1,9,9,9,0,1,0,0,0,0,0,1,0
2,20001941,06,31080,059,088502,88.14,87262,101056,0.8635,105700,3525000,2,1,1,4,61.60,2,360,1,3.050,3525000,5505000,47,9,1,9,9,0,1,0,0,0,0,0,0,0
2,20001942,18,26900,097,330702,69.06,50786,93688,0.5421,101200,6435000,7,1,1,1,64.97,1,60,3,6.290,6435000,9905000,60,1,1,9,9,0,1,0,0,0,0,1,0,0
2,20001943,06,33700,099,002004,69.55,65605,83732,0.7835,91100,26475000,1,1,1,1,62.08,1,60,5,6.530,26475000,42655000,36,1,1,9,9,0,1,0,0,0,0,0,0,0
2,20001944,39,18140,049,006393,22.38,139049,97262,1.4296,103300,10775000,7,1,1,1,60.87,2,120,4,5.770,10775000,17705000,114,1,9,9,9,30,1,0,0,0,0,0,1,0
2,20001945,13,12060,089,021711,69.34,122557,98569,1.2434,106100,19635000,2,1,1,1,54.38,1,60,5,5.060,19635000,36105000,57,1,1,9,9,0,1,0,0,0,0,0,0,0
2,20001946,53,13380,073,000102,35.68,82736,96874,0.8541,106300,4525000,7,1,1,1,57.68,1,60,2,6.380,4525000,7855000,36,1,9,9,9,0,1,0,0,0,0,0,0,0
2,20001947,12,33100,011,030301,87.84,39625,80554,0.4919,87600,3015000,7,1,1,1,57.43,1,120,2,6.660,3015000,5255000,84,1,1,9,9,0,1,0,0,0,0,1,0,0
2,20001948,19,99999,139,050400,14.86,95357,82402,1.1572,87100,1395000,2,3,1,1,71.10,1,204,3,5.310,1405000,1955000,0,1,9,9,9,88,1,1,0,0,0,0,0,0
2,20001949,45,17900,063,020511,59.24,62969,81690,0.7708,86300,21585000,7,1,1,1,63.49,1,84,5,5.870,21585000,34005000,78,1,1,9,9,75,1,0,0,0,0,0,0,0
2,20001950,35,29740,013,000901,74.51,27456,58875,0.4663,65800,3285000,1,1,1,1,80.00,1,120,3,6.400,3285000,4105000,114,1,1,9,9,99,1,0,0,0,0,1,0,0
2,20001951,18,26900,063,210502,9.19,107217,93688,1.1444,101200,2375000,7,1,1,1,60.23,1,60,2,6.860,2375000,3955000,36,1,1,9,9,31,1,1,0,0,0,0,1,0
2,20001952,42,38300,003,070800,40.62,129261,96434,1.3404,100600,33935000,7,1,1,1,65.00,1,60,5,5.510,33935000,52205000,57,1,1,9,9,0,1,0,0,0,0,0,0,0
2,20001953,48,26420,201,530102,83.85,46494,92750,0.5013,95200,38265000,2,1,1,1,62.32,1,60,5,5.100,38265000,61405000,57,1,1,9,9,50,1,0,0,0,0,0,0,0
2,20001954,06,31080,037,115203,69.35,122719,101056,1.2144,105700,1575000,7,1,1,1,53.25,1,120,1,6.520,1575000,2955000,84,1,1,9,9,0,1,0,0,0,0,0,0,0
2,20001955,29,28140,095,017200,69.12,95914,99766,0.9614,103000,37255000,7,1,1,1,64.90,1,84,5,5.120,37255000,57405000,78,1,1,9,9,0,1,0,0,0,0,0,0,0
2,20001956,12,36740,095,016738,75.58,56088,83343,0.6730,90400,35005000,1,1,1,1,70.00,1,60,5,5.130,35005000,50005000,57,1,1,9,9,0,1,0,0,0,0,0,0,0
2,20001957,48,26420,201,534204,64.81,102697,92750,1.1073,95200,14855000,7,1,1,1,42.92,1,120,5,6.040,14855000,34605000,114,1,1,9,9,0,1,0,0,0,0,0,0,0
2,20001958,08,99999,085,966401,16.34,69555,85298,0.8154,94200,2535000,7,1,1,1,62.83,1,120,3,5.360,2535000,4035000,114,1,9,9,9,100,1,1,0,0,0,0,0,0
2,20001959,24,47900,031,700901,57.16,122933,144539,0.8505,152900,63005000,7,3,1,1,56.40,1,120,5,6.230,63005000,111705000,114,1,1,9,9,8,1,0,0,0,0,0,0,0
2,20001960,06,41940,085,502101,58.67,166054,172303,0.9637,180400,3365000,2,1,1,4,61.60,2,360,1,3.350,3545000,7005000,59,9,9,9,9,0,1,0,0,0,0,0,1,0
2,20001961,37,20500,063,002019,28.73,128902,97980,1.3156,101800,46135000,1,3,1,1,61.68,1,84,5,6.596,46135000,74795000,12,1,1,9,9,0,1,0,0,0,0,0,0,0
2,20001962,37,22180,051,002001,66.52,54028,70670,0.7645,73500,18615000,7,1,1,1,59.09,2,60,5,5.850,18615000,31505000,57,1,1,9,9,0,1,0,0,0,0,0,0,0
2,20001963,47,32820,157,022026,96.66,29260,78701,0.3718,84000,13615000,7,1,1,1,49.88,1,120,5,5.630,13615000,27305000,114,1,1,9,9,3,1,0,0,0,0,1,0,0
2,20001964,26,19820,163,597000,14.93,92778,93779,0.9893,97300,11605000,1,1,1,1,66.31,1,84,4,6.120,11605000,17505000,78,1,1,9,9,0,1,0,0,0,0,0,0,0
2,20001965,39,18140,049,007048,39.24,112408,97262,1.1557,103300,39075000,7,1,1,1,64.59,1,60,5,5.920,39075000,60505000,57,1,1,9,9,0,1,0,0,0,0,0,1,0
2,20001966,48,13140,199,030400,31.06,63542,78770,0.8067,79700,3555000,2,1,1,1,57.34,1,180,3,5.830,3555000,6205000,174,1,9,9,9,85,1,0,0,0,0,0,0,0
2,20001967,48,19100,113,014130,75.26,113760,99957,1.1381,107300,78025000,7,5,1,1,57.16,1,120,5,5.490,78025000,136505000,114,1,1,9,9,0,1,0,0,0,0,0,1,0
2,20001968,48,47380,309,001900,59.53,38472,77527,0.4962,83100,9275000,1,1,1,1,69.53,1,120,3,5.970,9275000,13345000,114,1,1,9,9,0,1,0,0,0,0,1,0,0
2,20001969,18,26900,057,110600,17.36,88214,93688,0.9416,101200,4045000,7,1,1,1,54.30,1,60,4,5.960,4045000,7445000,57,1,9,9,9,100,1,0,0,0,0,0,0,0
2,20001970,06,31080,037,115202,69.80,78274,101056,0.7746,105700,3505000,7,5,1,1,62.17,1,84,2,5.840,3505000,5635000,84,1,1,9,9,0,1,0,0,0,0,0,0,0
2,20001971,48,12420,453,045400,47.47,145993,115204,1.2673,126000,25285000,2,1,1,1,42.14,1,60,5,7.016,25285000,60005000,3,1,1,9,9,0,1,0,0,0,0,0,1,0
2,20001972,21,31140,111,011006,63.42,50625,88819,0.5700,95900,55135000,7,1,1,1,66.43,1,60,5,5.260,55135000,83005000,57,1,1,9,9,0,1,0,0,0,0,1,0,0
2,20001973,48,12420,453,040300,87.31,45027,115204,0.3909,126000,23075000,1,1,1,1,64.82,1,84,5,5.820,23075000,35605000,78,1,1,9,9,100,1,0,0,0,0,1,0,0
2,20001974,08,19740,001,009407,52.52,83864,119980,0.6990,130400,31645000,7,1,1,1,63.30,1,120,5,5.360,31645000,50005000,114,1,1,9,9,0,1,0,0,0,0,0,0,0
2,20001975,39,17140,061,011000,89.67,38836,97826,0.3970,103700,1075000,1,1,1,1,66.11,1,84,1,7.210,1075000,1625000,84,1,1,9,9,0,1,0,0,0,0,1,0,0
2,20001976,26,19820,125,141200,78.37,18750,93779,0.1999,97300,11015000,7,1,1,1,64.66,1,120,5,5.870,11015000,17035000,114,1,1,9,9,0,1,0,0,0,0,1,0,0
2,20001977,51,40060,087,200700,35.01,74000,104391,0.7089,110000,13055000,2,3,1,1,67.65,1,84,4,4.780,13055000,19305000,78,1,1,9,9,100,1,0,0,0,0,0,0,0
2,20001978,36,35620,047,086800,97.48,64375,113844,0.5655,119300,3775000,7,1,1,1,61.35,1,60,3,6.560,3775000,6155000,36,1,1,9,9,0,1,0,0,0,0,0,0,0
2,20001979,36,35620,061,028500,90.05,57850,113844,0.5082,119300,10545000,2,5,1,1,68.01,1,354,3,4.970,10545000,15505000,180,9,9,9,9,99,1,0,0,0,0,1,0,0
2,20001980,06,41740,073,001100,44.63,94063,111734,0.8419,119500,2405000,7,1,1,4,61.60,2,360,1,3.050,2405000,5755000,47,9,1,9,9,0,1,0,0,0,0,0,1,0
2,20001981,17,16980,031,804713,60.25,117862,106055,1.1113,109800,55625000,2,1,1,1,64.10,1,120,5,5.510,55625000,86775000,114,1,1,9,9,0,1,0,0,0,0,0,1,0
2,20001982,12,27260,031,012300,35.97,48967,88994,0.5502,98000,3355000,1,1,1,1,56.88,1,60,3,6.520,3355000,5905000,36,1,1,9,9,0,1,0,0,0,0,0,0,0
2,20001983,37,16740,071,032802,46.33,70200,93744,0.7489,100300,10485000,1,1,1,1,72.34,1,60,4,5.170,10485000,14505000,57,1,1,9,9,0,1,0,0,0,0,1,0,0
2,20001984,06,41740,073,019905,41.33,134861,111734,1.2070,119500,33275000,1,1,1,1,61.73,1,84,4,5.520,33275000,53905000,78,1,1,9,9,0,1,0,0,0,0,0,1,0
2,20001985,12,45220,073,000600,70.91,41615,83618,0.4977,88800,1445000,2,1,1,1,26.69,1,180,3,6.530,1445000,5405000,174,1,9,9,9,100,1,0,0,0,0,1,0,0
2,20001986,12,36740,095,014606,82.39,41575,83343,0.4988,90400,25085000,2,1,1,1,60.00,1,60,5,5.980,25085000,41805000,57,1,1,9,9,0,1,0,0,0,0,1,0,0
2,20001987,17,16980,043,846002,22.40,129293,106055,1.2191,109800,54065000,1,1,1,1,67.62,1,84,5,4.940,54065000,79965000,78,1,1,9,9,0,1,0,0,0,0,0,1,0
2,20001988,41,38900,051,004800,25.21,155417,110489,1.4066,116900,4255000,1,5,1,1,69.33,1,84,2,5.670,4255000,6135000,84,1,1,9,9,0,1,0,0,0,0,0,0,0
2,20001989,12,15980,071,001502,66.34,56332,81979,0.6872,88800,39905000,1,1,1,1,70.00,1,60,5,6.230,39905000,57005000,57,1,1,9,9,0,1,0,0,0,0,1,0,0
2,20001990,36,28740,111,952600,15.38,129643,104189,1.2443,117200,5735000,7,1,1,1,63.67,1,120,3,6.390,5735000,9005000,114,1,1,9,9,99,1,0,0,0,0,0,0,0
2,20001991,48,41700,029,191409,79.08,64462,85469,0.7542,89300,38155000,1,1,1,1,69.24,1,60,5,5.830,38155000,55105000,57,1,1,9,9,0,1,0,0,0,0,0,0,0
2,20001992,48,19100,113,007203,95.99,47695,99957,0.4772,107300,4475000,7,1,1,1,62.63,2,60,3,6.710,4475000,7155000,60,1,1,9,9,0,1,0,0,0,0,1,0,0
2,20001993,12,23540,001,001902,66.96,35021,82126,0.4264,92700,2665000,7,1,1,1,74.99,1,120,2,4.970,2665000,3555000,117,1,1,9,9,0,1,1,0,0,1,1,0,0
2,20001994,09,25540,110,481200,18.91,114511,115967,0.9874,122400,25435000,7,1,1,1,68.74,1,84,5,5.770,25435000,37005000,78,1,1,9,9,20,1,0,0,0,0,0,0,0
2,20001995,48,41660,451,001200,62.89,60129,80890,0.7433,78000,1785000,7,3,1,1,58.24,1,120,2,6.590,1785000,3065000,84,1,1,9,9,0,1,0,0,0,0,0,0,0
2,20001996,06,41740,073,003305,96.55,62895,111734,0.5629,119500,75005000,1,1,1,4,54.31,1,192,5,5.260,75005000,138105000,189,1,9,9,9,100,1,0,0,0,0,1,0,0
2,20001997,06,41860,001,408200,80.83,114904,154003,0.7461,166600,1105000,1,1,1,1,60.11,1,60,1,6.150,1105000,1835000,36,1,1,9,9,0,1,0,0,0,0,0,0,0
2,20001998,13,12260,245,010207,71.69,92135,78239,1.1776,87100,36895000,7,1,1,1,60.48,1,60,5,5.340,36895000,61005000,57,1,1,9,9,0,1,0,0,0,0,0,0,0
2,20001999,12,45300,103,024517,33.80,88573,84454,1.0488,92000,64375000,7,5,1,1,61.61,1,120,5,5.490,64375000,104505000,114,1,1,9,9,0,1,0,0,0,0,0,1,0
2,20002000,48,19100,231,960800,75.56,49594,99957,0.4962,107300,11315000,7,1,1,1,65.00,1,60,5,7.000,11315000,17405000,24,1,9,9,9,0,1,1,0,0,0,1,0,0
2,20002001,48,12420,491,020352,36.10,115461,115204,1.0022,126000,19435000,7,1,1,1,58.20,1,84,5,5.020,19435000,33405000,78,1,1,9,9,0,1,0,0,0,0,0,1,0
2,20002002,06,40900,067,001900,47.45,104071,106925,0.9733,113700,1565000,1,1,1,4,61.60,2,360,1,3.400,1705000,2805000,47,9,9,9,9,0,1,0,0,0,0,0,0,0
2,20002003,32,29820,003,003419,78.56,61084,82358,0.7417,87800,37065000,7,5,1,1,61.27,1,60,5,5.660,37065000,60505000,57,1,1,9,9,0,1,0,0,0,0,0,0,0
2,20002004,13,12060,089,021602,25.66,159750,98569,1.6207,106100,66145000,2,5,1,1,58.28,1,120,5,5.490,66145000,113505000,114,1,1,9,9,0,1,0,0,0,0,0,0,0
2,20002005,42,38300,003,020300,20.32,180682,96434,1.8736,100600,90655000,1,5,1,1,70.00,1,84,5,6.450,90655000,129505000,78,1,1,9,9,0,1,0,0,0,0,1,1,0
2,20002006,09,99999,160,320102,14.46,99821,110015,0.9073,114200,1255000,7,1,1,1,43.86,1,120,2,6.450,1255000,2855000,117,1,9,9,9,0,1,1,0,0,0,0,0,0
2,20002007,17,16980,097,864510,64.91,92171,106055,0.8691,109800,65705000,7,1,1,1,66.36,1,60,5,5.090,65705000,99005000,57,1,1,9,9,0,1,0,0,0,0,0,0,0
2,20002008,51,47260,700,031300,70.17,53094,95214,0.5576,100000,8615000,7,1,1,1,70.00,1,120,4,5.820,8615000,12305000,114,1,1,9,9,100,1,0,0,0,0,1,0,0
2,20002009,28,27140,049,000302,94.96,52500,76033,0.6905,80100,8315000,2,1,1,1,69.88,1,60,4,5.410,8315000,11905000,57,1,1,9,9,0,1,0,0,0,0,0,0,0
2,20002010,06,41860,075,016700,34.15,250001,154003,1.6234,166600,2715000,2,1,1,4,61.60,2,360,1,3.700,3005000,5905000,47,9,9,9,9,0,1,0,0,0,0,0,1,0
2,20002011,53,42660,053,061100,33.73,97123,127870,0.7595,136600,5795000,2,1,1,1,62.28,1,84,2,5.190,5795000,9305000,84,1,1,9,9,0,1,0,0,0,0,0,0,0
2,20002012,06,41740,073,020029,71.33,68495,111734,0.6130,119500,4975000,7,1,1,1,52.41,1,120,2,6.370,4975000,9505000,117,1,9,9,9,0,1,0,0,0,0,1,0,0
2,20002013,18,29200,157,005101,53.55,104250,80868,1.2891,83100,10045000,1,1,1,1,66.08,1,204,3,6.270,10045000,15205000,180,1,9,9,9,100,1,0,0,0,0,0,0,0
2,20002014,47,34980,187,050601,23.28,144306,96905,1.4892,104700,23215000,7,1,1,1,55.94,1,60,5,5.700,23215000,41505000,57,1,1,9,9,0,1,0,0,0,0,0,0,0
2,20002015,06,40140,065,040814,72.54,77027,90585,0.8503,97500,62035000,1,1,1,1,67.95,1,60,5,4.990,62035000,91305000,57,1,1,9,9,0,1,0,0,0,0,0,0,0
2,20002016,54,34060,061,011805,10.04,78678,90783,0.8667,90900,2195000,7,3,1,1,54.98,1,120,2,6.950,2195000,4005000,117,1,1,9,9,0,1,0,0,0,0,0,0,0
2,20002017,40,46140,037,020604,31.70,97365,83507,1.1660,85300,2835000,1,1,1,1,74.53,1,84,3,6.080,2835000,3805000,84,1,1,9,9,0,1,1,0,0,0,0,1,0
2,20002018,48,41700,029,141102,87.40,46442,85469,0.5434,89300,25005000,1,5,1,4,108.31,2,215,5,5.800,25005000,23085000,142,1,1,9,9,98,1,0,0,0,0,0,0,0
2,20002019,48,26420,201,454305,89.44,85293,92750,0.9196,95200,18525000,7,3,1,1,55.48,1,120,5,6.100,18525000,33405000,114,1,1,9,9,0,1,0,0,0,0,0,0,0
2,20002020,26,19820,163,582000,32.50,42131,93779,0.4493,97300,48345000,7,5,1,1,66.00,1,24,5,6.000,47755000,72105000,9,1,1,9,9,0,1,0,0,0,0,0,0,0
2,20002021,36,35620,005,017500,97.98,31947,113844,0.2806,119300,15065000,7,1,1,1,59.08,1,120,3,6.090,15065000,25505000,114,1,1,9,9,74,1,0,0,0,0,1,0,0
2,20002022,12,45300,057,013923,34.93,119028,84454,1.4094,92000,50045000,2,1,1,1,67.27,1,60,5,4.910,50045000,74405000,57,1,1,9,9,0,1,0,0,0,0,0,0,0
2,20002023,51,16820,003,010303,27.72,149412,111204,1.3436,124200,21125000,2,1,1,1,68.59,1,60,4,5.320,21125000,30805000,57,1,1,9,9,0,1,0,0,0,0,0,0,0
2,20002024,40,36420,109,108010,57.11,49464,84302,0.5868,89100,1665000,1,1,1,1,67.92,1,60,2,6.330,1665000,2455000,57,1,1,9,9,100,1,0,0,0,0,1,0,0
2,20002025,36,35620,005,005002,98.40,38333,113844,0.3367,119300,6765000,7,1,1,1,65.00,1,60,3,5.640,6765000,10405000,57,1,1,9,9,0,1,0,0,0,0,1,0,0
2,20002026,06,40140,065,042519,89.88,50514,90585,0.5576,97500,11005000,7,1,1,1,55.00,1,60,3,4.640,11005000,20005000,57,1,1,9,9,0,1,0,0,0,0,1,0,0
2,20002027,06,41860,013,374000,81.82,91607,154003,0.5948,166600,1355000,7,1,1,4,61.60,2,360,1,3.900,1505000,2305000,59,9,9,9,9,0,1,0,0,0,0,1,0,0
2,20002028,04,38060,013,615002,25.95,167292,93191,1.7952,101300,65105000,7,1,1,1,66.43,1,60,5,4.940,65105000,98005000,57,1,1,9,9,0,1,0,0,0,0,0,1,0
2,20002029,37,49180,067,004011,20.70,95947,76701,1.2509,81900,1655000,2,3,1,4,71.10,2,218,3,.180,1705000,999999999,0,1,1,9,9,0,1,0,0,0,0,0,0,0
2,20002030,35,42140,049,001102,41.98,93125,84058,1.1079,91500,4895000,7,5,1,1,59.15,1,120,4,6.350,4895000,8275000,114,1,1,9,9,69,1,0,0,0,0,0,0,0
2,20002031,27,33460,123,037601,23.14,110142,119274,0.9234,123700,59335000,7,3,1,1,70.00,1,60,5,5.330,59335000,84765000,57,1,9,9,9,1,1,0,0,0,0,0,0,0
2,20002032,01,13820,117,030346,14.74,121250,87341,1.3882,94200,13615000,1,1,1,1,59.83,1,60,5,5.970,13615000,22755000,57,1,1,9,9,0,1,0,0,0,0,0,1,0
2,20002033,33,99999,013,032706,13.96,102162,110587,0.9238,115100,17005000,7,1,1,1,48.85,1,120,5,5.000,17005000,34805000,114,1,1,9,9,0,1,1,0,0,0,0,1,0
2,20002034,18,26900,097,330805,75.66,45393,93688,0.4845,101200,10865000,1,1,1,1,76.79,1,84,4,5.460,10865000,14155000,78,1,1,9,9,100,1,0,0,0,0,1,0,0
2,20002035,12,36100,083,002201,28.50,71759,66666,1.0764,73700,2945000,1,1,1,1,72.67,1,84,2,6.250,2945000,4055000,84,1,1,9,9,0,1,0,0,0,0,0,0,0
2,20002036,35,10740,001,000113,47.21,108218,79295,1.3648,86400,3075000,2,5,1,1,65.49,1,60,2,6.780,3075000,4705000,60,1,1,9,9,0,1,0,0,0,0,0,0,0
2,20002037,40,36420,109,106611,56.14,39127,84302,0.4641,89100,16775000,7,1,1,1,69.85,1,60,5,5.750,16775000,24025000,57,1,1,9,9,0,1,0,0,0,0,1,0,0
2,20002038,48,26420,201,510602,41.89,250001,92750,2.6954,95200,25105000,1,1,1,1,57.98,1,60,5,5.310,25105000,43305000,57,1,1,9,9,0,1,0,0,0,0,0,1,0
2,20002039,41,38900,051,006900,20.67,235515,110489,2.1316,116900,1005000,1,1,1,1,58.82,1,84,1,5.020,1005000,1705000,81,1,1,9,9,0,1,0,0,0,0,0,1,0
2,20002040,09,14860,120,071400,91.38,32281,135149,0.2389,145700,3495000,1,1,1,1,78.63,1,120,2,6.880,3495000,4455000,84,1,1,9,9,0,1,0,0,0,0,1,0,0
2,20002041,32,29820,003,005421,47.89,47390,82358,0.5754,87800,31855000,1,1,1,1,67.19,1,60,5,4.720,31855000,47405000,57,1,1,9,9,0,1,0,0,0,0,1,0,0
2,20002042,36,35620,047,089000,97.75,69783,113844,0.6130,119300,30805000,7,1,1,1,64.18,1,108,4,6.110,30805000,48005000,102,1,1,9,9,0,1,0,0,0,0,1,0,0
2,20002043,25,14460,017,317302,22.74,134596,134646,0.9996,142000,5725000,7,1,1,1,64.68,1,60,2,5.570,5725000,8855000,60,1,1,9,9,0,1,0,0,0,0,0,0,0
2,20002044,06,31080,059,088106,82.85,91923,101056,0.9096,105700,88385000,2,1,1,1,61.16,1,60,5,4.960,88385000,144505000,57,1,1,9,9,0,1,0,0,0,0,0,0,0
2,20002045,06,31080,037,701802,55.79,81000,101056,0.8015,105700,2375000,7,1,1,1,53.14,1,60,1,6.230,2375000,4465000,36,1,1,9,9,0,1,0,0,0,0,0,0,0
2,20002046,05,99999,017,080300,65.15,54393,61088,0.8904,65200,1155000,2,3,1,4,71.10,2,144,2,5.350,1215000,1605000,0,1,9,9,9,97,1,1,1,0,0,0,0,0
2,20002047,36,35620,005,022102,99.03,50734,113844,0.4456,119300,5965000,7,1,1,1,66.32,1,60,2,6.570,5965000,9005000,57,1,9,9,9,0,1,0,0,0,0,1,0,0
2,20002048,53,42660,053,073408,26.48,114254,127870,0.8935,136600,3095000,1,1,1,1,67.17,1,84,1,5.860,3095000,4605000,84,1,1,9,9,0,1,0,0,0,0,0,0,0
2,20002049,39,18140,049,007811,17.76,109671,97262,1.1276,103300,16575000,2,1,1,1,67.36,1,60,5,4.880,16575000,24605000,57,1,1,9,9,0,1,0,0,0,0,0,0,0
2,20002050,06,41860,075,013401,30.25,229750,154003,1.4919,166600,2945000,2,1,1,4,61.60,2,360,1,3.200,2975000,4575000,47,9,1,9,9,0,1,0,0,0,0,0,1,0
2,20002051,13,12060,151,070317,89.80,70241,98569,0.7126,106100,21865000,1,1,1,1,56.80,1,60,5,5.410,21865000,38505000,57,1,1,9,9,0,1,0,0,0,0,0,0,0
2,20002052,06,41860,013,365003,87.27,79006,154003,0.5130,166600,35335000,2,1,1,1,54.45,1,84,5,7.127,35335000,64905000,12,1,1,9,9,17,1,0,0,0,0,0,0,0
2,20002053,39,17140,025,041102,15.88,76341,97826,0.7804,103700,2235000,7,5,1,1,67.58,1,84,1,5.710,2235000,3305000,81,1,9,9,9,0,1,0,0,0,0,1,0,0
2,20002054,04,38060,013,810700,47.69,100032,93191,1.0734,101300,35505000,7,1,1,1,23.45,1,120,5,4.830,35505000,151405000,114,1,1,9,9,0,1,0,0,0,0,0,0,0
2,20002055,48,12420,453,045700,66.77,104000,115204,0.9028,126000,32505000,7,1,1,1,65.00,1,60,5,5.130,32505000,50005000,57,1,1,9,9,0,1,0,0,0,0,0,0,0
2,20002056,42,38300,003,423000,14.71,155795,96434,1.6156,100600,17155000,7,1,1,1,64.99,1,60,4,5.500,17155000,26405000,57,1,1,9,9,0,1,0,0,0,0,1,0,0
2,20002057,53,42660,061,051928,54.44,105544,127870,0.8254,136600,24325000,1,1,1,1,69.90,1,60,4,5.180,24325000,34805000,57,1,1,9,9,0,1,0,0,0,0,0,0,0
2,20002058,51,47900,059,471201,59.87,148504,144539,1.0274,152900,94335000,7,1,1,1,61.26,1,60,5,5.790,94335000,154005000,36,1,1,9,9,13,1,0,0,0,0,0,0,0
2,20002059,27,33460,053,003801,34.75,57000,119274,0.4779,123700,1865000,1,1,1,1,71.26,1,120,2,6.600,1865000,2615000,84,1,1,9,9,0,1,0,0,0,0,1,0,0
2,20002060,37,16740,025,042300,44.72,62961,93744,0.6716,100300,4415000,1,1,1,1,67.97,1,60,2,6.300,4415000,6505000,36,1,1,9,9,0,1,0,0,0,0,1,0,0
2,20002061,04,38060,013,115801,92.57,44177,93191,0.4741,101300,10085000,1,1,1,1,80.00,1,84,3,5.660,10085000,12605000,78,1,1,9,9,0,1,0,0,0,0,1,0,0
2,20002062,48,19100,085,031003,53.98,108659,99957,1.0871,107300,32025000,7,1,1,1,66.44,1,60,5,5.260,32025000,48205000,36,1,1,9,9,0,1,0,0,0,0,0,1,0
2,20002063,06,41860,013,377000,91.73,60354,154003,0.3919,166600,2365000,2,1,1,4,61.60,2,360,1,3.650,2605000,4105000,59,9,9,9,9,0,1,0,0,0,0,1,0,0
2,20002064,06,41860,001,441926,90.07,120529,154003,0.7826,166600,23855000,1,1,1,1,66.64,1,60,4,6.020,23855000,35805000,57,1,1,9,9,0,1,0,0,0,0,0,1,0
2,20002065,04,38060,013,110600,51.23,80233,93191,0.8610,101300,29815000,7,3,1,1,55.00,1,84,5,5.939,29815000,54205000,12,1,1,9,9,0,1,0,0,0,0,0,1,0
2,20002066,08,22660,069,002007,19.73,98571,112985,0.8724,118800,34565000,7,1,1,1,57.61,1,60,5,5.290,34565000,60005000,57,1,1,9,9,0,1,0,0,0,0,0,0,0
2,20002067,34,35620,027,045403,25.85,102026,113844,0.8962,119300,11205000,2,1,1,1,70.00,1,60,3,5.580,11205000,16005000,57,1,1,9,9,0,1,0,0,0,0,0,1,0
2,20002068,13,15260,127,000501,54.59,55833,75301,0.7415,77000,1565000,2,3,1,4,71.10,2,225,3,.182,1605000,999999999,0,1,1,9,9,0,1,0,0,0,0,1,0,0
2,20002069,34,35620,013,002000,98.64,42356,113844,0.3721,119300,5055000,1,1,1,1,72.23,1,120,2,5.990,5055000,7005000,84,1,1,9,9,0,1,0,0,0,0,1,0,0
2,20002070,34,35620,013,022700,97.53,37796,113844,0.3320,119300,36215000,7,3,1,1,61.59,1,60,5,5.610,36215000,58805000,57,1,1,9,9,100,1,0,0,0,0,1,0,0
2,20002071,13,12060,057,090603,30.49,111825,98569,1.1345,106100,18245000,1,1,1,1,67.59,1,84,5,5.340,18245000,27005000,78,1,1,9,9,40,1,0,0,0,0,0,0,0
2,20002072,06,31080,037,293206,93.18,61964,101056,0.6132,105700,1695000,7,1,1,1,54.50,1,84,1,6.600,1695000,3115000,84,1,1,9,9,0,1,0,0,0,0,1,0,0
2,20002073,13,17980,215,010401,31.22,79718,68897,1.1571,68500,11445000,1,3,1,1,71.00,2,84,4,5.749,11445000,15305000,12,1,1,9,9,0,1,0,0,0,0,0,0,0
2,20002074,04,38060,013,420800,44.42,102361,93191,1.0984,101300,34445000,2,1,1,1,66.62,1,60,5,4.930,34445000,51705000,36,1,1,9,9,0,1,0,0,0,0,0,0,0
2,20002075,13,12060,217,100506,83.18,67174,98569,0.6815,106100,46635000,1,1,1,1,74.44,1,60,5,5.220,46635000,62655000,57,1,1,9,9,0,1,0,0,0,0,0,0,0
2,20002076,40,46140,131,050303,36.06,110536,83507,1.3237,85300,2445000,2,3,1,4,71.10,2,194,3,.166,2505000,999999999,0,1,1,9,9,0,1,1,0,0,0,0,1,0
2,20002077,55,31540,025,001901,16.80,129103,112276,1.1499,121200,27205000,7,1,1,1,63.28,1,60,4,5.840,27205000,43005000,57,1,1,9,9,0,1,0,0,0,0,0,0,0
2,20002078,26,19820,099,261500,31.01,75563,93779,0.8058,97300,16245000,2,1,1,1,62.23,2,60,5,5.940,16245000,26105000,57,1,1,9,9,0,1,0,0,0,0,0,0,0
2,20002079,09,25540,110,471300,63.46,89261,115967,0.7697,122400,41375000,1,1,1,1,65.00,1,60,5,5.940,41375000,63655000,57,1,1,9,9,0,1,0,0,0,0,0,0,0
2,20002080,48,41700,029,151000,94.48,53864,85469,0.6302,89300,18825000,1,1,1,1,74.41,1,204,5,5.790,18825000,25295000,198,1,9,9,9,100,1,0,0,0,0,1,0,0
2,20002081,06,31080,037,275500,83.93,54085,101056,0.5352,105700,2775000,1,1,1,1,52.42,1,60,1,5.420,2775000,5305000,60,1,1,9,9,8,1,0,0,0,0,1,0,0
2,20002082,39,18140,045,032701,46.69,111181,97262,1.1431,103300,29135000,7,1,1,1,65.91,1,60,5,5.220,29135000,44205000,57,1,1,9,9,0,1,0,0,0,0,0,1,0
2,20002083,48,19100,085,031806,69.80,79880,99957,0.7991,107300,59405000,1,1,1,1,58.52,1,120,5,5.380,59405000,101505000,114,1,1,9,9,0,1,0,0,0,0,0,0,0
2,20002084,12,27260,109,020906,28.49,123678,88994,1.3897,98000,33915000,1,3,1,1,63.62,2,72,5,6.050,33915000,53305000,69,1,1,9,9,0,1,0,0,0,0,0,1,0
2,20002085,48,19100,113,015101,75.85,61875,99957,0.6190,107300,7065000,2,1,1,1,59.39,1,180,3,4.490,7065000,11905000,174,1,1,9,9,100,1,0,0,0,0,0,0,0
2,20002086,36,35620,047,036501,96.82,98450,113844,0.8648,119300,3165000,2,1,1,1,73.61,1,60,1,6.630,3165000,4305000,60,1,1,9,9,0,1,0,0,0,0,1,0,0
2,20002087,20,31740,161,000602,27.44,126535,81592,1.5508,85700,13095000,7,1,1,1,70.00,1,120,4,5.010,13095000,18705000,114,1,1,9,9,0,1,0,0,0,0,0,0,0
2,20002088,12,27260,031,000600,51.08,49045,88994,0.5511,98000,32845000,7,1,1,1,61.61,1,120,5,5.080,32845000,53305000,114,1,1,9,9,0,1,0,0,0,0,1,0,0
2,20002089,18,26900,081,610403,18.80,84019,93688,0.8968,101200,30935000,2,3,1,1,71.00,2,84,5,5.499,30935000,45005000,12,1,1,9,9,0,1,0,0,0,0,0,0,0
2,20002090,26,29620,045,020402,11.60,107679,90068,1.1955,91100,19655000,7,1,1,1,64.99,1,60,5,5.590,19655000,30255000,57,1,9,9,9,0,1,0,0,0,0,0,0,0
2,20002091,29,41180,510,114101,31.35,82061,97901,0.8382,103200,1395000,7,1,1,1,64.98,1,84,1,5.890,1395000,2155000,81,1,1,9,9,0,1,0,0,0,0,0,0,0
2,20002092,18,26900,097,381206,33.77,94063,93688,1.0040,101200,3395000,2,3,1,4,60.12,2,95,5,3.600,3475000,5775000,95,1,9,9,9,61,1,0,0,0,0,0,0,0
2,20002093,42,37980,101,012502,38.36,170417,108977,1.5638,114700,73925000,1,1,1,1,70.46,1,84,5,5.220,73925000,104925000,60,1,1,9,9,0,1,0,0,0,0,0,0,0
2,20002094,06,41740,073,016504,63.98,72891,111734,0.6524,119500,3265000,2,1,1,4,61.60,2,360,1,3.500,3455000,5005000,59,9,9,9,9,0,1,0,0,0,0,1,0,0
2,20002095,41,21660,039,003104,35.96,54783,84068,0.6517,89100,80505000,7,1,1,1,64.40,1,60,5,5.090,80505000,125005000,57,1,1,9,9,0,1,0,0,0,0,1,0,0
2,20002096,13,12060,135,050228,77.01,66737,98569,0.6771,106100,26455000,7,1,1,1,65.00,1,60,5,5.570,26455000,40705000,57,1,1,9,9,0,1,0,0,0,0,0,1,0
2,20002097,06,41860,001,422800,72.88,000000,154003,9999.0,166600,3125000,2,1,1,4,61.60,2,360,1,3.650,3215000,4505000,47,9,1,9,9,0,1,0,0,0,0,1,0,0
2,20002098,48,26420,339,691700,28.95,215795,92750,2.3266,95200,70705000,2,1,1,1,59.12,1,60,5,6.426,70705000,119605000,12,1,1,9,9,0,1,0,0,0,0,0,1,0
2,20002099,13,12060,121,007810,98.95,57393,98569,0.5823,106100,19445000,7,3,1,1,52.13,1,120,5,6.914,19445000,37305000,12,1,1,9,9,0,1,0,0,0,0,0,0,0
2,20002100,37,11700,021,002306,20.21,71080,83126,0.8551,86300,53905000,1,1,1,1,70.00,1,60,5,5.600,53905000,77005000,57,1,1,9,9,0,1,0,0,0,0,0,1,0
2,20002101,28,99999,001,000101,57.11,46111,60730,0.7593,64200,2145000,7,1,1,1,36.17,1,180,4,6.080,2145000,5935000,174,1,9,9,9,100,1,1,1,0,0,0,0,0
2,20002102,32,29820,003,003634,71.58,66845,82358,0.8116,87800,31005000,7,1,1,1,62.63,1,60,5,5.200,31005000,49505000,57,1,1,9,9,0,1,0,0,0,0,0,1,0
2,20002103,08,19740,059,011729,32.50,81667,119980,0.6807,130400,80765000,1,1,1,1,59.38,1,60,5,5.560,80765000,136005000,54,1,1,9,9,0,1,0,0,0,0,0,0,0
2,20002104,06,31080,037,576200,74.12,39408,101056,0.3900,105700,3015000,2,1,1,4,61.60,2,360,2,3.550,3285000,5105000,59,9,9,9,9,0,1,0,0,0,0,1,0,0
2,20002105,08,19740,005,007201,75.19,58570,119980,0.4882,130400,2185000,2,1,1,1,67.14,1,60,1,5.770,2185000,3255000,36,1,1,9,9,0,1,0,0,0,0,1,0,0
2,20002106,42,37980,101,025200,93.46,39242,108977,0.3601,114700,11635000,7,1,1,1,65.00,2,120,3,5.870,11635000,17905000,114,1,1,9,9,0,1,0,0,0,0,1,0,0
2,20002107,36,35620,005,017702,98.65,44018,113844,0.3867,119300,1365000,7,1,1,1,56.67,1,84,1,7.300,1365000,2405000,84,1,9,9,9,0,1,0,0,0,0,1,0,0
2,20002108,16,30860,041,970100,8.70,78071,81869,0.9536,95800,3145000,7,1,1,1,64.18,1,60,1,5.490,3145000,4905000,36,1,1,9,9,0,1,1,0,0,0,0,0,0
2,20002109,39,18140,049,007199,49.64,80033,97262,0.8229,103300,17545000,1,1,1,1,60.49,1,60,5,5.390,17545000,29005000,57,1,1,9,9,0,1,0,0,0,0,0,1,0
2,20002110,33,14460,015,055002,7.49,90250,134646,0.6703,142000,7115000,1,3,1,1,71.19,1,84,2,5.590,7115000,10005000,60,1,1,9,9,0,1,1,0,0,0,0,0,0
2,20002111,45,34820,051,060209,24.35,69665,75945,0.9173,82900,26855000,7,1,1,1,68.59,1,60,5,5.130,26855000,39155000,57,1,1,9,9,0,1,0,0,0,0,0,1,0
2,20002112,36,35620,005,026602,71.01,52736,113844,0.4632,119300,3795000,7,1,1,1,59.25,1,120,1,7.240,3795000,6405000,84,1,9,9,9,0,1,0,0,0,0,1,0,0
2,20002113,45,43900,083,023302,69.41,40383,75197,0.5370,72500,2555000,7,1,1,1,67.55,1,120,2,6.170,2555000,3775000,84,1,1,9,9,0,1,0,0,0,0,1,0,0
2,20002114,48,19100,113,007203,95.99,47695,99957,0.4772,107300,22925000,1,3,1,1,70.00,2,120,5,6.720,22925000,32755000,114,1,1,9,9,0,1,0,0,0,0,1,0,0
2,20002115,49,41620,035,113313,58.18,65057,106248,0.6123,115400,67785000,1,1,1,1,67.25,1,60,5,5.450,67785000,100805000,36,1,1,9,9,0,1,0,0,0,0,1,0,0
2,20002116,42,37980,045,403401,58.86,70372,108977,0.6458,114700,2505000,1,1,1,1,59.67,1,60,2,6.390,2505000,4205000,36,1,1,9,9,0,1,0,0,0,0,0,0,0
2,20002117,51,47900,683,910401,81.13,97621,144539,0.6754,152900,27325000,1,1,1,1,69.88,1,60,4,5.140,27325000,39105000,54,1,1,9,9,0,1,0,0,0,0,1,0,0
2,20002118,32,29820,003,002958,65.90,57154,82358,0.6940,87800,43155000,2,3,1,1,59.20,1,84,5,5.756,43155000,72905000,12,1,1,9,9,0,1,0,0,0,0,0,0,0
2,20002119,36,10580,091,061403,11.47,119605,109385,1.0934,117800,70815000,2,1,1,1,58.19,1,60,5,5.730,70815000,121705000,57,1,1,9,9,0,1,0,0,0,0,0,1,0
2,20002120,37,24660,081,016502,37.89,80700,76183,1.0593,80700,9005000,7,1,1,1,65.00,1,60,3,5.900,9005000,13855000,57,1,9,9,9,0,1,0,0,0,0,0,0,0
2,20002121,39,17410,035,177304,31.49,51528,90488,0.5695,97200,34955000,1,1,1,1,73.81,1,60,5,6.030,34955000,47355000,57,1,1,9,9,0,1,0,0,0,0,0,0,0
2,20002122,48,19100,121,021734,69.99,60716,99957,0.6074,107300,19545000,2,1,1,1,52.39,1,60,5,6.320,19545000,37305000,57,1,9,9,9,0,1,0,0,0,0,0,0,0
2,20002123,06,40900,067,005301,58.70,000000,106925,9999.0,113700,12085000,2,1,1,1,44.91,1,196,4,3.800,12085000,26905000,190,1,9,9,9,99,1,0,0,0,0,1,0,0
2,20002124,12,33100,099,003102,84.09,57023,80554,0.7079,87600,33965000,2,3,1,1,64.08,1,84,5,5.756,33965000,53005000,12,1,1,9,9,0,1,0,0,0,0,1,0,0
2,20002125,48,26420,201,432102,68.47,82778,92750,0.8925,95200,33935000,2,3,1,1,48.13,1,84,5,6.526,33935000,70505000,12,1,1,9,9,0,1,0,0,0,0,0,0,0
2,20002126,06,31080,037,272201,55.56,101563,101056,1.0050,105700,11805000,2,1,1,1,59.01,1,60,2,5.860,11805000,20005000,57,1,1,9,9,10,1,0,0,0,0,0,0,0
2,20002127,48,41700,029,131616,78.41,76190,85469,0.8914,89300,18865000,1,3,1,4,69.82,2,192,5,3.805,19095000,27355000,192,1,9,9,9,100,1,0,0,0,0,0,1,0
2,20002128,48,26420,157,672907,86.75,95691,92750,1.0317,95200,38455000,1,5,1,4,67.20,2,36,5,6.000,38455000,56905000,17,1,1,9,9,0,1,0,0,0,0,0,0,0
2,20002129,51,40060,760,040202,29.86,99531,104391,0.9534,110000,38985000,7,5,1,1,54.67,1,84,5,5.560,38985000,71305000,78,1,1,9,9,0,1,0,0,0,0,1,0,0
2,20002130,48,19100,439,110205,60.35,77160,99957,0.7719,107300,62695000,2,1,1,1,57.36,1,120,5,5.630,62695000,109305000,114,1,1,9,9,90,1,0,0,0,0,0,1,0
2,20002131,40,46140,131,050101,43.86,62574,83507,0.7493,85300,4835000,1,1,1,1,70.00,1,120,4,5.860,4835000,6905000,114,1,1,9,9,100,1,1,0,0,0,0,0,0
2,20002132,45,24860,045,003014,32.84,109211,82045,1.3311,84700,30425000,2,1,1,1,59.54,2,84,5,5.980,30425000,51105000,78,1,1,9,9,0,1,0,0,0,0,0,0,0
2,20002133,05,99999,011,950200,47.18,73077,61088,1.1963,65200,1305000,2,3,1,4,71.10,2,156,2,5.270,1365000,2505000,0,1,9,9,9,97,1,1,1,0,0,0,0,0
2,20002134,39,18140,049,007103,36.31,94615,97262,0.9728,103300,43815000,7,1,1,1,65.00,1,120,5,5.780,43815000,67405000,114,1,1,9,9,0,1,0,0,0,0,0,0,0
2,20002135,20,48620,173,009304,37.73,41604,84050,0.4950,91200,4215000,1,1,1,1,74.65,1,120,3,7.380,4215000,5645000,84,1,1,9,9,0,1,0,0,0,0,0,0,0
2,20002136,06,40140,071,008301,44.56,125525,90585,1.3857,97500,4195000,7,1,1,1,63.56,1,60,1,5.260,4195000,6605000,36,1,1,9,9,0,1,0,0,0,0,0,1,0
2,20002137,53,14740,035,090501,21.64,84427,109621,0.7702,119700,9615000,7,1,1,1,67.23,1,120,3,5.810,9615000,14305000,114,1,1,9,9,52,1,0,0,0,0,0,0,0
2,20002138,13,12060,089,023218,98.07,000000,98569,9999.0,106100,55475000,7,1,1,1,53.55,1,60,5,5.050,55475000,103605000,57,1,1,9,9,0,1,0,0,0,0,1,0,0
2,20002139,06,99999,057,000802,16.63,98932,100889,0.9806,104200,3845000,2,1,1,1,69.86,1,204,3,5.030,3845000,5505000,180,1,9,9,9,98,1,1,0,0,0,0,1,0
2,20002140,41,38900,051,005202,27.48,109265,110489,0.9889,116900,26375000,2,1,1,1,62.95,1,60,5,5.340,26375000,41905000,36,1,1,9,9,0,1,0,0,0,0,0,0,0
2,20002141,20,48620,173,010111,26.35,114855,84050,1.3665,91200,1005000,7,3,1,1,54.05,1,180,2,6.060,1005000,1855000,174,1,9,9,9,100,1,0,0,0,0,0,0,0
2,20002142,47,32820,157,021751,95.00,100353,78701,1.2751,84000,5585000,7,1,1,1,64.20,1,120,3,5.240,5585000,8705000,114,1,1,9,9,100,1,0,0,0,0,0,0,0
2,20002143,29,41180,189,217944,22.02,162118,97901,1.6559,103200,6825000,1,1,1,1,67.57,1,60,3,6.240,6825000,10105000,57,1,1,9,9,0,1,0,0,0,0,0,0,0
2,20002144,06,41860,075,016400,40.79,202917,154003,1.3176,166600,2025000,2,1,1,1,70.95,1,84,1,5.730,2025000,2855000,81,1,1,9,9,0,1,0,0,0,0,0,1,0
2,20002145,17,16980,031,833000,30.23,227083,106055,2.1412,109800,76715000,1,1,1,1,58.87,2,60,5,5.780,76715000,130305000,57,1,1,9,9,0,1,0,0,0,0,0,1,0
2,20002146,17,16980,031,843900,93.78,68850,106055,0.6492,109800,5265000,2,1,1,4,78.30,2,192,3,4.040,5375000,5055000,119,1,9,9,9,100,1,0,0,0,0,1,0,0
2,20002147,42,38300,003,435000,15.17,78095,96434,0.8098,100600,3005000,7,1,1,1,52.63,1,120,2,5.400,3005000,5705000,114,1,9,9,9,0,1,0,0,0,0,0,0,0
2,20002148,53,42660,061,041810,57.66,76529,127870,0.5985,136600,72985000,7,3,1,1,59.73,1,60,5,5.580,72985000,122205000,57,1,1,9,9,0,1,0,0,0,0,0,0,0
2,20002149,06,31080,037,212501,82.30,66250,101056,0.6556,105700,1225000,7,1,1,4,61.60,2,360,1,4.800,1275000,2225000,47,9,9,9,9,0,1,0,0,0,0,0,0,0
2,20002150,12,33100,099,007757,24.11,135556,80554,1.6828,87600,48005000,1,1,1,1,61.54,1,84,5,5.750,48005000,78005000,78,1,9,9,9,0,1,0,0,0,0,0,1,0
2,20002151,29,41180,071,800606,10.69,81552,97901,0.8330,103200,2115000,7,1,1,1,67.97,1,120,2,5.380,2115000,3115000,117,1,1,9,9,0,1,1,0,0,0,0,0,0
2,20002152,21,17140,015,070503,16.57,104407,97826,1.0673,103700,18815000,7,1,1,1,65.00,1,60,4,5.810,18815000,28955000,57,1,1,9,9,0,1,0,0,0,0,0,0,0
2,20002153,06,41860,013,336202,85.42,80112,154003,0.5202,166600,1235000,7,1,1,1,55.00,1,60,1,6.130,1235000,2245000,36,1,1,9,9,0,1,0,0,0,0,1,0,0
2,20002154,53,42660,033,029205,64.60,89213,127870,0.6977,136600,35205000,1,1,1,1,58.19,1,60,5,5.990,35205000,60505000,57,1,1,9,9,0,1,0,0,0,0,0,0,0
2,20002155,24,47900,031,700837,80.03,115438,144539,0.7987,152900,33215000,7,1,1,1,62.91,1,60,5,5.680,33215000,52805000,54,1,1,9,9,0,1,0,0,0,0,0,1,0
2,20002156,36,35620,119,001101,94.14,43995,113844,0.3865,119300,1095000,2,1,1,1,64.18,1,60,1,6.670,1095000,1705000,36,1,1,9,9,0,1,0,0,0,0,1,0,0
2,20002157,29,28140,095,011200,27.39,77426,99766,0.7761,103000,3995000,7,1,1,1,56.64,1,84,3,6.210,3995000,7055000,81,1,1,9,9,0,1,0,0,0,0,0,0,0
2,20002158,08,24540,123,001905,63.60,61974,102620,0.6039,114500,3305000,7,3,1,1,63.54,1,60,2,5.560,3305000,5205000,57,1,1,9,9,100,1,1,0,0,0,0,0,0
2,20002159,32,29820,003,002998,66.36,73833,82358,0.8965,87800,50505000,1,3,1,1,73.14,1,84,5,6.596,50505000,69055000,12,1,1,9,9,0,1,0,0,0,0,0,1,0
2,20002160,06,42220,097,151301,54.09,81033,119780,0.6765,128400,3805000,7,1,1,4,61.60,2,360,1,3.100,4055000,5725000,47,9,9,9,9,0,1,0,0,0,0,0,0,0
2,20002161,48,19100,139,060601,39.84,93502,99957,0.9354,107300,10885000,7,1,1,1,70.00,1,60,4,5.700,10885000,15555000,57,1,1,9,9,0,1,0,0,0,0,0,0,0
2,20002162,48,41700,091,310503,32.32,94971,85469,1.1112,89300,22875000,1,3,1,1,60.18,1,60,5,5.890,22875000,38005000,57,1,1,9,9,0,1,0,0,0,0,0,1,0
2,20002163,48,19100,139,060300,45.77,81037,99957,0.8107,107300,24555000,1,1,1,1,69.76,1,60,4,5.550,24555000,35205000,57,1,1,9,9,0,1,0,0,0,0,0,0,0
2,20002164,48,30980,183,000300,34.36,77195,75665,1.0202,79100,13095000,2,1,1,1,54.58,2,120,5,6.110,13095000,24005000,114,1,1,9,9,0,1,0,0,0,0,0,0,0
2,20002165,39,18140,049,009391,66.77,90150,97262,0.9269,103300,9255000,7,1,1,1,63.86,1,84,4,6.630,9255000,14505000,36,1,1,9,9,0,1,0,0,0,0,0,0,0
2,20002166,53,42660,053,071806,73.53,43294,127870,0.3386,136600,1305000,1,1,1,1,62.99,1,84,1,5.420,1305000,2075000,84,1,1,9,9,0,1,0,0,0,0,1,0,0
2,20002167,05,30780,119,004306,35.43,90771,81609,1.1123,86400,18765000,2,1,1,1,70.00,1,120,5,5.580,18765000,26805000,114,1,1,9,9,100,1,0,0,0,0,0,0,0
2,20002168,51,47900,683,910302,63.70,98882,144539,0.6841,152900,20585000,1,1,1,1,70.00,1,60,4,5.140,20585000,29405000,54,1,1,9,9,0,1,0,0,0,0,1,0,0
2,20002169,06,41740,073,002302,92.86,57672,111734,0.5162,119500,1435000,2,1,1,4,61.60,2,360,1,3.250,1545000,3405000,59,9,9,9,9,0,1,0,0,0,0,1,0,0
2,20002170,51,47900,013,103800,51.77,168833,144539,1.1681,152900,183455000,7,1,1,1,68.02,1,120,5,4.900,183455000,269705000,114,1,1,9,9,0,1,0,0,0,0,0,0,0
2,20002171,39,99999,141,955900,14.55,99773,77016,1.2955,82200,4835000,1,1,1,1,67.08,1,84,3,5.130,4835000,7205000,60,1,1,9,9,0,1,1,0,1,0,0,0,0
2,20002172,48,26420,039,660301,51.83,110398,92750,1.1903,95200,8065000,1,1,1,1,74.66,1,60,4,5.100,8065000,10805000,57,1,1,9,9,0,1,0,0,0,0,0,1,0
2,20002173,04,38060,013,420708,31.32,48440,93191,0.5198,101300,63835000,2,1,1,1,65.00,1,120,5,4.900,63835000,98205000,114,1,1,9,9,0,1,0,0,0,0,1,0,0
2,20002174,12,33100,099,003000,82.36,71453,80554,0.8870,87600,1855000,7,1,1,1,57.28,1,60,1,5.500,1855000,3235000,36,1,9,9,9,0,1,0,0,0,0,1,0,0
2,20002175,06,31080,037,302401,52.62,55100,101056,0.5452,105700,2945000,7,1,1,4,61.60,2,360,1,3.100,2945000,4905000,47,9,1,9,9,0,1,0,0,0,0,0,0,0
2,20002176,06,31080,037,554105,89.15,63207,101056,0.6255,105700,1905000,1,1,1,1,65.79,1,120,1,6.080,1905000,2905000,84,1,9,9,9,0,1,0,0,0,0,1,0,0
2,20002177,53,42660,033,000601,46.61,107545,127870,0.8411,136600,2905000,7,1,1,1,30.86,1,84,2,4.810,2905000,9415000,84,1,1,9,9,0,1,0,0,0,0,0,1,0
2,20002178,06,31080,059,087601,81.30,72303,101056,0.7155,105700,16005000,1,1,1,1,59.50,1,84,5,7.587,16005000,26905000,36,1,1,9,9,0,1,0,0,0,0,1,0,0
2,20002179,26,19820,125,183400,13.97,135875,93779,1.4489,97300,2105000,1,3,1,1,55.18,1,120,1,6.090,2105000,3825000,117,1,1,9,9,0,1,0,0,0,0,0,0,0
2,20002180,17,16980,031,030601,54.72,55015,106055,0.5187,109800,5715000,7,1,1,1,62.47,1,60,3,5.840,5715000,9155000,36,1,1,9,9,0,1,0,0,0,0,1,0,0
2,20002181,27,33460,053,980100,41.43,000000,119274,9999.0,123700,35235000,2,1,1,1,80.69,1,178,5,4.150,35265000,43705000,172,1,9,9,9,100,1,0,0,0,0,1,0,0
2,20002182,48,19100,121,021100,44.20,80917,99957,0.8095,107300,46665000,7,1,1,1,64.81,1,60,5,5.330,46665000,72005000,57,1,1,9,9,50,1,0,0,0,0,1,0,0
2,20002183,39,18140,089,752200,12.06,67181,97262,0.6907,103300,1015000,7,1,1,1,77.92,1,120,1,5.280,1015000,1305000,117,1,1,9,9,0,1,0,0,0,0,0,0,0
2,20002184,06,40900,067,009010,63.01,101128,106925,0.9458,113700,65735000,7,1,1,1,47.98,1,60,5,5.520,65735000,137005000,57,1,1,9,9,0,1,0,0,0,0,0,0,0
2,20002185,48,41700,029,140800,91.94,53699,85469,0.6283,89300,12485000,1,1,1,1,72.40,1,204,4,5.790,12485000,17255000,198,1,9,9,9,100,1,0,0,0,0,0,0,0
2,20002186,51,40060,730,811200,79.93,71927,104391,0.6890,110000,5555000,1,1,1,1,74.00,1,60,4,5.890,5555000,7505000,57,1,1,9,9,100,1,0,0,0,0,1,0,0
2,20002187,47,34980,037,010801,61.42,81288,96905,0.8388,104700,34695000,1,5,1,1,70.00,2,60,5,5.830,34695000,49555000,57,1,1,9,9,0,1,0,0,0,0,0,0,0
2,20002188,53,28420,005,011002,49.19,52120,92746,0.5620,99900,1775000,1,1,1,1,65.74,1,84,1,6.090,1775000,2705000,84,1,1,9,9,0,1,0,0,0,0,0,0,0
2,20002189,45,17900,079,011701,50.36,46346,81690,0.5673,86300,39205000,7,1,1,1,62.53,1,60,5,5.950,39205000,62705000,57,1,1,9,9,0,1,0,0,0,0,1,0,0
2,20002190,12,45300,057,014008,6.95,78795,84454,0.9330,92000,36505000,7,3,1,1,50.55,1,60,5,6.150,36505000,72205000,57,1,1,9,9,0,1,0,0,0,0,0,1,0
2,20002191,48,12420,453,002316,72.72,55563,115204,0.4823,126000,50205000,1,1,1,1,72.14,1,84,5,5.760,50205000,69595000,78,1,1,9,9,43,1,0,0,0,0,1,0,0
2,20002192,27,33460,053,026206,10.36,177292,119274,1.4864,123700,9525000,7,1,1,1,70.00,1,120,3,5.570,9525000,13605000,114,1,1,9,9,100,1,0,0,0,0,0,0,0
2,20002193,34,37980,007,601300,96.81,37831,108977,0.3472,114700,4205000,7,1,1,1,58.32,1,60,3,6.860,4205000,7215000,60,1,1,9,9,0,1,0,0,0,0,1,0,0
2,20002194,53,42660,033,004402,50.67,111357,127870,0.8709,136600,1475000,7,1,1,1,69.06,1,120,1,5.500,1475000,2135000,36,1,1,9,9,0,1,0,0,0,0,1,0,0
2,20002195,18,26900,097,330211,81.56,41438,93688,0.4423,101200,12525000,1,1,1,1,59.36,1,60,5,5.760,12525000,21105000,48,1,1,9,9,0,1,0,0,0,0,1,0,0
2,20002196,08,19740,031,001601,33.76,59239,119980,0.4937,130400,10155000,2,1,1,1,47.21,1,60,3,5.920,10155000,21505000,57,1,1,9,9,0,1,0,0,0,0,0,0,0
2,20002197,37,16740,071,033203,64.26,62019,93744,0.6616,100300,9215000,1,1,1,1,68.29,1,120,4,5.780,9215000,13505000,114,1,1,9,9,0,1,0,0,0,0,1,0,0
2,20002198,42,37980,045,403300,41.58,67850,108977,0.6226,114700,1505000,7,1,1,1,48.39,1,120,1,5.720,1505000,3105000,84,1,9,9,9,0,1,0,0,0,0,0,0,0
2,20002199,18,16980,089,012800,97.12,33962,106055,0.3202,109800,5235000,2,1,1,1,68.04,1,185,4,5.600,5235000,7705000,179,1,1,9,9,100,1,0,0,0,0,1,0,0
2,20002200,48,26420,201,520302,67.84,000000,92750,9999.0,95200,6525000,7,1,1,1,61.52,1,60,4,6.840,6525000,10605000,36,1,1,9,9,0,1,0,0,0,0,1,0,0
2,20002201,20,28140,209,043301,53.82,52000,99766,0.5212,103000,31785000,7,1,1,1,65.00,1,60,5,5.570,31785000,48905000,57,1,1,9,9,0,1,0,0,0,0,0,0,0
2,20002202,24,37980,015,030400,36.36,42305,108977,0.3882,114700,9475000,2,3,1,1,71.00,2,84,3,6.110,9475000,12705000,12,1,1,9,9,0,1,0,0,0,0,1,0,0
2,20002203,04,38060,013,108400,36.07,120617,93191,1.2943,101300,28705000,1,1,1,1,68.17,1,60,5,5.660,28705000,42105000,57,1,1,9,9,0,1,0,0,0,0,0,0,0
2,20002204,13,42340,051,004208,67.54,67298,87035,0.7732,92400,29885000,2,1,1,1,67.60,1,60,5,5.710,29885000,44205000,57,1,1,9,9,0,1,0,0,0,0,0,0,0
2,20002205,08,19740,005,086801,56.03,91118,119980,0.7594,130400,43115000,1,1,1,1,60.39,1,84,5,5.900,43115000,71405000,78,1,1,9,9,0,1,0,0,0,0,0,0,0
2,20002206,37,24780,147,000602,74.24,49646,73970,0.6712,84700,1005000,7,1,1,1,63.49,1,60,1,6.270,1005000,1575000,36,1,9,9,9,0,1,0,0,0,0,0,0,0
2,20002207,36,40380,055,011209,18.20,73984,93554,0.7908,96500,39935000,7,1,1,1,63.39,2,60,5,5.770,39935000,63005000,57,1,1,9,9,0,1,0,0,0,0,0,1,0
2,20002208,48,12420,453,042400,70.02,136563,115204,1.1854,126000,33795000,2,1,1,1,71.90,1,169,5,4.070,33825000,47055000,121,1,9,9,9,100,1,1,0,0,0,0,1,0
2,20002209,28,27140,049,001600,67.74,30625,76033,0.4028,80100,4785000,2,5,1,4,84.70,2,204,3,5.000,4825000,5705000,0,1,9,9,9,100,1,0,0,0,0,1,0,0
2,20002210,06,41940,085,502101,58.67,166054,172303,0.9637,180400,4015000,7,1,1,4,61.60,2,360,1,3.350,4225000,6745000,59,9,9,9,9,0,1,0,0,0,0,0,1,0
2,20002211,48,19100,085,031322,45.73,129539,99957,1.2960,107300,7065000,1,1,1,1,68.21,1,120,3,6.320,7065000,10355000,84,1,1,9,9,0,1,0,0,0,0,0,0,0
2,20002212,36,35620,047,012700,72.32,137371,113844,1.2067,119300,2605000,7,1,1,1,53.61,1,120,1,5.860,2605000,4855000,84,1,1,9,9,0,1,0,0,0,0,0,0,0
2,20002213,34,35620,039,031400,94.82,53081,113844,0.4663,119300,1355000,7,1,1,1,62.79,1,60,1,7.020,1355000,2155000,36,1,1,9,9,0,1,0,0,0,0,1,0,0
2,20002214,26,19820,125,160900,82.18,64362,93779,0.6863,97300,20135000,2,1,1,1,57.21,1,60,5,5.440,20135000,35205000,57,1,1,9,9,0,1,0,0,0,0,0,0,0
2,20002215,27,20260,137,001900,31.19,000000,90299,9999.0,95600,19245000,1,1,1,1,62.72,1,192,5,5.770,19255000,30705000,186,1,9,9,9,100,1,0,0,0,0,1,0,0
2,20002216,18,26900,081,610300,11.98,77386,93688,0.8260,101200,5155000,1,1,1,1,62.12,1,84,3,6.080,5155000,8305000,81,1,1,9,9,0,1,0,0,0,0,0,0,0
2,20002217,04,38060,013,319500,39.52,103015,93191,1.1054,101300,33445000,7,3,1,1,55.00,1,84,5,5.939,33445000,60805000,12,1,1,9,9,0,1,0,0,0,0,0,0,0
2,20002218,06,31080,037,297202,59.25,86489,101056,0.8559,105700,3675000,2,1,1,4,61.60,2,360,1,3.100,3675000,5655000,47,9,1,9,9,0,1,0,0,0,0,0,0,0
2,20002219,51,47900,013,101703,38.82,209732,144539,1.4510,152900,27305000,1,1,1,1,60.00,1,60,4,5.600,27305000,45505000,57,1,1,9,9,0,1,0,0,0,0,0,0,0
2,20002220,06,31080,037,221110,96.90,46932,101056,0.4644,105700,1785000,7,1,1,4,61.60,2,360,1,3.900,1845000,2805000,59,9,1,9,9,0,1,0,0,0,0,1,0,0
2,20002221,37,15500,001,020702,51.61,52000,78033,0.6664,77900,12805000,7,1,1,1,65.00,1,60,5,5.900,12805000,19705000,57,1,9,9,9,0,1,0,0,0,0,0,0,0
2,20002222,06,31080,037,543803,92.52,101569,101056,1.0051,105700,5005000,1,1,1,1,49.02,1,192,3,5.820,5005000,10205000,186,1,9,9,9,99,1,0,0,0,0,0,0,0
2,20002223,36,35620,047,011200,65.60,59275,113844,0.5207,119300,2925000,2,1,1,1,70.48,1,60,2,6.020,2925000,4155000,60,1,1,9,9,0,1,0,0,0,0,1,0,0
2,20002224,13,12060,089,022206,69.71,100265,98569,1.0172,106100,30455000,7,1,1,1,54.87,1,60,5,5.550,30455000,55505000,36,1,1,9,9,0,1,0,0,0,0,0,0,0
2,20002225,34,35620,013,010600,98.32,48906,113844,0.4296,119300,5605000,7,1,1,1,70.00,1,60,2,5.120,5605000,8005000,60,1,1,9,9,0,1,0,0,0,0,1,0,0
2,20002226,39,17410,035,105700,49.60,46013,90488,0.5085,97200,11365000,7,1,1,1,77.95,1,120,5,6.020,11365000,14575000,114,1,9,9,9,100,1,0,0,0,0,1,0,0
2,20002227,18,26900,097,381206,33.77,94063,93688,1.0040,101200,11785000,2,3,1,4,60.12,2,95,5,3.350,12105000,20125000,95,1,9,9,9,61,1,0,0,0,0,0,0,0
2,20002228,12,45300,103,024907,40.60,58673,84454,0.6947,92000,9485000,2,3,1,4,64.10,2,60,3,6.070,9635000,13005000,56,1,9,9,9,0,1,0,0,0,0,0,0,0
2,20002229,12,33100,011,020419,68.05,108611,80554,1.3483,87600,37315000,7,1,1,1,65.00,1,84,5,5.060,37315000,57405000,78,1,1,9,9,0,1,0,0,0,0,0,0,0
2,20002230,09,47930,140,350101,81.71,21964,105763,0.2077,110400,2405000,1,1,1,1,77.42,1,120,2,6.210,2405000,3105000,84,1,1,9,9,0,1,0,0,0,0,1,0,0
2,20002231,48,26420,201,432003,74.25,61033,92750,0.6580,95200,17385000,1,1,1,1,62.32,1,84,5,5.830,17385000,27905000,60,1,1,9,9,0,1,0,0,0,0,0,0,0
2,20002232,47,28940,093,004000,33.77,44986,84160,0.5345,89000,26675000,7,1,1,1,68.92,1,120,5,5.780,26675000,38705000,114,1,1,9,9,0,1,0,0,0,0,1,0,0
2,20002233,36,35620,061,011100,61.52,227167,113844,1.9954,119300,209575000,2,1,1,4,65.57,1,84,5,4.770,209575000,319605000,84,1,9,9,9,21,1,0,0,0,0,0,1,0
2,20002234,39,10420,153,532202,24.00,109905,90421,1.2155,95800,1735000,7,1,1,1,69.98,1,120,1,5.090,1735000,2475000,117,1,1,9,9,0,1,0,0,0,0,0,1,0
2,20002235,09,25540,110,416500,62.49,73233,115967,0.6315,122400,3745000,1,1,1,1,72.74,1,120,3,6.390,3745000,5155000,36,1,1,9,9,0,1,0,0,0,0,1,0,0
2,20002236,40,36420,087,400300,34.69,76037,84302,0.9020,89100,2735000,2,3,1,4,71.10,2,215,2,5.040,2765000,2855000,0,1,1,9,9,100,1,0,0,0,0,0,0,0
2,20002237,19,19780,153,011702,17.66,102112,102398,0.9972,111800,2125000,2,3,1,4,71.10,2,192,2,5.240,2155000,3505000,0,1,9,9,9,100,1,0,0,0,0,0,0,0
2,20002238,47,34980,037,019401,42.62,126806,96905,1.3086,104700,54315000,7,1,1,1,57.12,1,60,5,5.380,54315000,95105000,57,1,1,9,9,0,1,0,0,0,0,1,0,0
2,20002239,48,48660,485,010100,58.49,26960,78550,0.3432,81400,1155000,7,1,1,1,67.88,1,60,2,6.290,1155000,1705000,36,1,9,9,9,0,1,0,0,0,0,0,0,0
2,20002240,36,35620,005,021501,98.80,38354,113844,0.3369,119300,4395000,7,1,1,1,70.94,1,60,1,6.660,4395000,6205000,36,1,1,9,9,0,1,0,0,0,0,1,0,0
2,20002241,27,33460,053,021001,31.14,104904,119274,0.8795,123700,6585000,1,5,1,1,75.77,1,120,3,5.290,6585000,8695000,84,1,1,9,9,0,1,0,0,0,0,0,0,0
2,20002242,49,41620,035,111400,41.03,65222,106248,0.6139,115400,5005000,7,1,1,1,41.32,1,84,3,6.320,5005000,12105000,84,1,1,9,9,0,1,0,0,0,0,1,0,0
2,20002243,55,31540,025,003002,48.65,55539,112276,0.4947,121200,39595000,7,1,1,1,63.05,1,120,5,5.910,39595000,62805000,114,1,1,9,9,0,1,0,0,0,0,1,0,0
2,20002244,42,38300,003,477300,36.81,100294,96434,1.0400,100600,5995000,7,1,1,1,60.66,1,120,3,6.980,5995000,9895000,84,1,1,9,9,0,1,0,0,0,0,0,0,0
2,20002245,42,38300,003,413100,17.95,153911,96434,1.5960,100600,5055000,7,1,1,1,71.17,1,60,3,5.770,5055000,7105000,57,1,1,9,9,0,1,0,0,0,0,0,0,0
2,20002246,51,47900,059,422101,75.80,139485,144539,0.9650,152900,54235000,7,1,1,1,63.28,1,120,5,5.480,54235000,85705000,114,1,1,9,9,0,1,0,0,0,0,0,0,0
2,20002247,48,12420,453,001503,40.48,97321,115204,0.8448,126000,3285000,7,1,1,1,62.06,1,60,2,5.180,3285000,5305000,36,1,1,9,9,0,1,0,0,0,0,0,1,0
2,20002248,47,34980,165,021107,22.95,82721,96905,0.8536,104700,22345000,7,1,1,1,55.14,1,60,5,5.770,22345000,40525000,57,1,1,9,9,0,1,0,0,0,0,0,0,0
2,20002249,12,36740,095,014609,86.86,47913,83343,0.5749,90400,44005000,7,5,1,1,65.00,1,60,5,5.760,44005000,67705000,36,1,1,9,9,0,1,0,0,0,0,1,0,0
2,20002250,04,38060,013,106701,70.02,37917,93191,0.4069,101300,2815000,2,1,1,1,66.93,1,84,1,5.110,2815000,4205000,84,1,1,9,9,0,1,0,0,0,0,1,0,0
2,20002251,08,19740,059,011552,51.52,36867,119980,0.3073,130400,4575000,7,1,1,1,50.32,1,84,2,5.150,4575000,9105000,81,1,1,9,9,0,1,0,0,0,0,1,0,0
2,20002252,01,26620,089,002200,56.45,31750,99604,0.3188,113600,1335000,7,5,1,1,58.09,1,120,2,5.820,1335000,2305000,84,1,9,9,9,0,1,0,0,0,0,1,0,0
2,20002253,36,35620,005,024300,98.35,51568,113844,0.4530,119300,19645000,1,1,1,1,66.83,1,120,3,6.000,19645000,29405000,114,1,9,9,9,100,1,0,0,0,0,1,0,0
2,20002254,26,19820,099,261700,45.32,68750,93779,0.7331,97300,22825000,7,1,1,1,64.29,1,60,5,5.440,22825000,35505000,57,1,1,9,9,0,1,0,0,0,0,0,0,0
2,20002255,06,31080,059,001101,64.00,112243,101056,1.1107,105700,3105000,2,1,1,4,61.60,2,360,1,3.150,3105000,6075000,47,9,1,9,9,0,1,0,0,0,0,0,0,0
2,20002256,48,19100,113,019208,86.18,56671,99957,0.5670,107300,1055000,1,1,1,1,64.99,1,60,1,6.410,1055000,1625000,60,1,1,9,9,0,1,0,0,0,0,1,0,0
2,20002257,08,17820,041,004706,30.76,120346,98394,1.2231,103700,31705000,7,1,1,1,61.08,2,60,4,6.500,31705000,51905000,57,1,9,9,9,0,1,0,0,0,0,0,1,0
2,20002258,06,17020,007,000903,39.55,76690,85990,0.8919,96600,6605000,2,1,1,1,63.58,1,204,4,4.980,6605000,10385000,180,1,9,9,9,99,1,0,0,0,0,0,0,0
2,20002259,24,12580,005,401504,72.69,132886,118479,1.1216,122200,52085000,7,1,1,1,70.00,1,60,5,5.580,52085000,74405000,57,1,1,9,9,0,1,0,0,0,0,0,0,0
2,20002260,06,41860,001,437500,93.18,88750,154003,0.5763,166600,2545000,2,1,1,4,61.60,2,360,2,4.400,2635000,10955000,47,9,9,9,9,0,1,0,0,0,0,1,0,0
2,20002261,21,31140,111,003700,55.28,47125,88819,0.5306,95900,23415000,1,1,1,1,63.46,1,120,5,6.170,23415000,36905000,114,1,1,9,9,0,1,0,0,0,0,1,0,0
2,20002262,12,45300,057,011519,28.56,155417,84454,1.8403,92000,60255000,7,3,1,1,50.63,1,60,5,6.150,60255000,119005000,57,1,1,9,9,0,1,0,0,0,0,0,1,0
2,20002263,45,16740,091,061011,37.39,122736,93744,1.3093,100300,24025000,7,1,1,1,50.48,1,84,5,5.400,24025000,47605000,78,1,1,9,9,0,1,0,0,0,0,0,0,0
2,20002264,12,35840,115,000401,39.12,69500,91784,0.7572,97000,2535000,7,1,1,1,57.24,1,120,1,5.100,2535000,4425000,84,1,1,9,9,0,1,0,0,0,0,0,0,0
2,20002265,12,45220,073,001001,88.93,33056,83618,0.3953,88800,6885000,2,1,1,1,62.60,1,176,4,4.260,6885000,11005000,170,1,1,9,9,100,1,0,0,0,0,1,0,0
2,20002266,42,38300,129,804200,10.85,108438,96434,1.1245,100600,2045000,7,1,1,1,62.80,1,60,3,6.220,2045000,3255000,60,1,1,9,9,0,1,0,0,0,0,0,0,0
2,20002267,32,29820,003,005860,60.92,126091,82358,1.5310,87800,51335000,7,1,1,1,64.49,1,84,5,5.210,51335000,79605000,78,1,1,9,9,0,1,0,0,0,0,0,1,0
2,20002268,40,46140,037,021000,35.13,58063,83507,0.6953,85300,3205000,2,3,1,4,71.10,2,203,3,4.540,3255000,3705000,0,1,1,9,9,100,1,1,0,0,0,1,0,0
2,20002269,12,33100,099,001916,59.07,95742,80554,1.1885,87600,40965000,1,1,1,1,58.61,1,60,5,4.720,40965000,69905000,57,1,1,9,9,0,1,0,0,0,0,0,0,0
2,20002270,06,41740,073,010015,93.21,130256,111734,1.1658,119500,45595000,7,1,1,1,61.83,1,60,5,5.620,45595000,73755000,57,1,1,9,9,0,1,0,0,0,0,0,0,0
2,20002271,37,16740,119,004000,87.07,59706,93744,0.6369,100300,20505000,2,1,1,1,75.51,1,204,5,4.540,20505000,27155000,198,1,9,9,9,100,1,0,0,0,0,1,0,0
2,20002272,32,29820,003,005363,54.90,99375,82358,1.2066,87800,53645000,7,1,1,1,63.57,1,84,5,5.210,53645000,84405000,78,1,1,9,9,0,1,0,0,0,0,0,0,0
2,20002273,12,36740,095,014804,62.01,59773,83343,0.7172,90400,54685000,7,1,1,1,66.28,1,60,5,5.260,54685000,82505000,57,1,1,9,9,0,1,0,0,0,0,0,1,0
2,20002274,48,41700,029,191818,57.29,112193,85469,1.3127,89300,20515000,7,1,1,1,48.15,1,60,5,5.600,20515000,42605000,57,1,1,9,9,0,1,0,0,0,0,0,1,0
2,20002275,29,41180,510,111300,98.25,77882,97901,0.7955,103200,5345000,7,1,1,1,74.42,1,60,4,5.360,5345000,7185000,60,1,1,9,9,0,1,0,0,0,0,1,0,0
2,20002276,48,19100,085,030511,71.78,220568,99957,2.2066,107300,70505000,1,1,1,1,56.76,1,60,5,6.040,70505000,124205000,57,1,1,9,9,0,1,0,0,0,0,0,1,0
2,20002277,35,29740,013,001312,66.07,84250,58875,1.4310,65800,4065000,1,1,1,1,78.15,1,120,3,5.930,4065000,5205000,114,1,9,9,9,83,1,0,0,0,0,0,0,0
2,20002278,06,31080,037,269908,55.61,189464,101056,1.8748,105700,6005000,7,1,1,1,38.96,1,60,2,6.050,6005000,15405000,36,1,1,9,9,0,1,0,0,0,0,0,1,0
2,20002279,09,35300,170,142300,90.17,47034,105763,0.4447,110400,3115000,7,1,1,1,67.65,1,60,2,6.580,3115000,4605000,36,1,1,9,9,0,1,0,0,0,0,1,0,0
2,20002280,36,35620,005,002500,98.07,43462,113844,0.3818,119300,30255000,7,1,1,1,49.35,1,60,4,5.920,30255000,61305000,57,1,1,9,9,99,1,0,0,0,0,1,0,0
2,20002281,41,38900,051,000101,16.20,149318,110489,1.3514,116900,4625000,7,1,1,1,69.79,1,120,2,5.350,4625000,6635000,36,1,1,9,9,6,1,0,0,0,0,0,0,0
2,20002282,48,19100,439,110301,68.55,51452,99957,0.5147,107300,20515000,7,1,1,1,68.15,1,60,5,5.600,20515000,30105000,57,1,9,9,9,0,1,0,0,0,0,1,0,0
2,20002283,51,40060,760,070100,24.99,111520,104391,1.0683,110000,28175000,7,1,1,1,63.88,1,60,5,5.880,28175000,44105000,57,1,1,9,9,0,1,0,0,0,0,0,0,0
2,20002284,06,40140,071,007303,77.32,60976,90585,0.6731,97500,8395000,7,1,1,1,61.29,1,120,3,5.420,8395000,13705000,114,1,1,9,9,0,1,0,0,0,0,1,0,0
2,20002285,47,34980,037,014200,84.61,26023,96905,0.2685,104700,34255000,7,1,1,1,46.98,1,120,5,5.760,34255000,72905000,84,1,1,9,9,0,1,0,0,0,0,1,0,0
2,20002286,29,17860,019,001106,32.36,45641,92535,0.4932,97000,19255000,1,1,1,1,69.75,1,60,5,5.180,19255000,27605000,54,1,1,9,9,0,1,0,0,0,0,1,0,0
2,20002287,37,22180,051,003304,74.04,61629,70670,0.8721,73500,51605000,2,1,1,1,67.73,1,84,5,5.050,51605000,76205000,78,1,1,9,9,0,1,0,0,0,0,0,0,0
2,20002288,48,19100,113,014406,78.10,67059,99957,0.6709,107300,6285000,1,1,1,1,72.23,1,120,3,6.200,6285000,8705000,84,1,1,9,9,0,1,0,0,0,0,0,0,0
2,20002289,37,16740,071,032600,32.51,101298,93744,1.0806,100300,5535000,7,1,1,1,71.37,1,120,3,5.600,5535000,7755000,117,1,1,9,9,0,1,0,0,0,0,0,0,0
2,20002290,51,40060,760,040300,55.50,250001,104391,2.3949,110000,6345000,7,1,1,1,51.99,1,60,3,6.150,6345000,12205000,57,1,1,9,9,0,1,0,0,0,0,1,0,0
2,20002291,06,41860,075,012100,57.34,000000,154003,9999.0,166600,1535000,2,1,1,4,61.60,2,360,1,3.350,1655000,5725000,59,9,9,9,9,0,1,0,0,0,0,0,0,0
2,20002292,48,26420,201,540602,81.67,118501,92750,1.2776,95200,36655000,1,1,1,1,59.32,1,60,5,6.160,36655000,61805000,48,1,1,9,9,0,1,0,0,0,0,0,0,0
2,20002293,48,12420,491,021503,57.51,72390,115204,0.6284,126000,4755000,7,1,1,1,66.90,1,60,2,5.180,4755000,7105000,36,1,1,9,9,0,1,0,0,0,0,1,0,0
2,20002294,12,36740,095,015203,64.28,91106,83343,1.0932,90400,39315000,7,3,1,1,59.48,1,84,5,5.450,39315000,66105000,78,1,1,9,9,0,1,0,0,0,0,0,0,0
2,20002295,06,41860,041,106002,40.17,184213,154003,1.1962,166600,4225000,7,1,1,4,61.60,2,360,1,3.800,4685000,7105000,59,9,9,9,9,0,1,0,0,0,0,0,1,0
2,20002296,06,31080,037,540901,98.22,64306,101056,0.6363,105700,23395000,2,1,1,1,53.52,1,168,3,4.020,23395000,43705000,162,1,9,9,9,99,1,0,0,0,0,1,0,0
2,20002297,13,12060,063,040609,87.28,77420,98569,0.7854,106100,23805000,1,1,1,1,70.00,1,60,5,5.290,23805000,34005000,36,1,1,9,9,0,1,0,0,0,0,0,0,0
2,20002298,40,36420,109,108201,27.88,81343,84302,0.9649,89100,4715000,2,1,1,1,48.57,1,60,3,6.140,4715000,9705000,60,1,1,9,9,0,1,0,0,0,0,0,1,0
2,20002299,36,35620,005,013100,98.05,49938,113844,0.4387,119300,5205000,7,1,1,1,36.88,1,60,2,6.060,5205000,14105000,36,1,9,9,9,0,1,0,0,0,0,1,0,0
2,20002300,18,26900,097,320903,88.83,49523,93688,0.5286,101200,48295000,7,1,1,1,65.00,1,60,5,5.480,48295000,74305000,57,1,1,9,9,0,1,0,0,0,0,1,0,0
2,20002301,40,36420,087,400106,24.45,104777,84302,1.2429,89100,2465000,1,1,1,1,65.79,1,60,3,6.330,2465000,3755000,57,1,1,9,9,100,1,1,0,0,0,0,1,0
2,20002302,09,14860,120,072100,73.03,99740,135149,0.7380,145700,2415000,1,1,1,1,54.80,1,60,2,6.560,2415000,4405000,36,1,1,9,9,0,1,0,0,0,0,0,0,0
2,20002303,18,26900,097,340600,79.90,51588,93688,0.5506,101200,7065000,1,1,1,1,57.44,1,60,4,5.760,7065000,12305000,48,1,1,9,9,0,1,0,0,0,0,1,0,0
2,20002304,20,48620,173,009901,16.59,125545,84050,1.4937,91200,3245000,7,1,1,1,65.60,1,60,1,6.010,3245000,4955000,36,1,1,9,9,0,1,0,0,0,0,0,0,0
2,20002305,39,18140,049,007113,61.65,81096,97262,0.8338,103300,34525000,1,1,1,1,64.06,1,120,5,5.270,34525000,53905000,114,1,1,9,9,0,1,0,0,0,0,0,0,0
2,20002306,48,26420,201,321001,93.70,52257,92750,0.5634,95200,59645000,7,1,1,1,70.00,1,60,5,5.110,59645000,85205000,57,1,1,9,9,0,1,0,0,0,0,0,0,0
2,20002307,17,16980,043,846518,31.61,143800,106055,1.3559,109800,27625000,1,1,1,1,63.65,1,60,5,5.310,27625000,43405000,57,1,1,9,9,0,1,0,0,0,0,0,1,0
2,20002308,06,41740,073,005103,62.23,000000,111734,9999.0,119500,8795000,2,1,1,4,82.70,2,231,5,4.110,9115000,26505000,230,1,9,9,9,99,1,0,0,0,0,1,0,0
2,20002309,27,33460,053,022802,21.58,142891,119274,1.1980,123700,1295000,1,1,1,1,73.16,1,60,1,5.940,1295000,1775000,36,1,1,9,9,0,1,0,0,0,0,0,0,0
2,20002310,48,12420,453,002110,72.35,000000,115204,9999.0,126000,25855000,7,1,1,1,62.00,1,60,5,5.590,25855000,41705000,57,1,1,9,9,50,1,0,0,0,0,1,0,0
2,20002311,40,36420,109,107225,73.32,42703,84302,0.5066,89100,1945000,1,1,1,1,62.81,1,60,3,7.080,1945000,3105000,57,1,1,9,9,0,1,0,0,0,0,1,0,0
2,20002312,12,33100,099,005959,22.45,74643,80554,0.9266,87600,26005000,7,1,1,1,50.29,1,120,5,5.530,26005000,51705000,114,1,9,9,9,0,1,0,0,0,0,0,1,0
2,20002313,45,43900,083,021902,37.04,89091,75197,1.1848,72500,2835000,2,3,1,1,71.10,1,218,2,4.990,2835000,3205000,0,1,1,9,9,100,1,0,0,0,0,0,0,0
2,20002314,48,19100,085,031711,43.64,160278,99957,1.6035,107300,35855000,7,1,1,1,64.38,1,60,5,5.320,35855000,55705000,57,1,1,9,9,0,1,0,0,0,0,0,1,0
2,20002315,12,36740,095,016301,43.20,81449,83343,0.9773,90400,31505000,1,1,1,1,63.77,1,60,5,5.820,31505000,49395000,36,1,1,9,9,0,1,0,0,0,0,0,0,0
2,20002316,36,35620,047,021300,77.91,81543,113844,0.7163,119300,39105000,7,1,1,1,57.17,1,60,4,5.910,39105000,68405000,57,1,1,9,9,0,1,0,0,0,0,0,0,0
2,20002317,48,32580,215,021307,98.52,60401,54864,1.1009,57300,7785000,7,1,1,1,65.40,1,84,5,6.490,7785000,11905000,36,1,9,9,9,80,1,1,0,0,0,0,0,1
2,20002318,47,28940,093,002800,67.41,39818,84160,0.4731,89000,13555000,7,3,1,1,71.00,2,84,5,5.750,13555000,21305000,12,1,1,9,9,0,1,0,0,0,0,1,0,0
2,20002319,20,28140,091,051909,23.99,105399,99766,1.0565,103000,26145000,7,1,1,1,58.48,1,120,5,6.210,26145000,44705000,114,1,1,9,9,0,1,0,0,0,0,0,0,0
2,20002320,06,31080,037,272302,59.69,74298,101056,0.7352,105700,2785000,7,1,1,4,61.60,2,360,1,3.100,2785000,3575000,47,9,1,9,9,0,1,0,0,0,0,0,1,0
2,20002321,09,25540,110,504500,94.57,36510,115967,0.3148,122400,3705000,1,1,1,1,72.77,1,120,3,6.280,3705000,5095000,84,1,1,9,9,0,1,0,0,0,0,1,0,0
2,20002322,12,33100,086,009503,98.11,80625,80554,1.0009,87600,67445000,7,3,1,1,58.34,1,60,5,5.440,67445000,115605000,57,1,1,9,9,0,1,0,0,0,0,0,1,0
2,20002323,42,37980,091,203303,29.47,115605,108977,1.0608,114700,32875000,1,1,1,1,57.17,1,84,5,6.490,32875000,57505000,60,1,1,9,9,0,1,0,0,0,0,0,0,0
2,20002324,06,31080,037,190401,40.85,75750,101056,0.7496,105700,2725000,2,1,1,4,61.60,2,360,2,3.550,3005000,7355000,47,9,9,9,9,0,1,0,0,0,0,0,1,0
2,20002325,06,41740,073,020813,41.12,125448,111734,1.1227,119500,2555000,1,3,1,1,59.42,1,84,1,6.430,2555000,4305000,84,1,1,9,9,0,1,0,0,0,0,0,0,0
2,20002326,06,31080,037,208001,84.44,79554,101056,0.7872,105700,39975000,1,1,1,1,65.00,1,84,5,5.120,39975000,61505000,78,1,1,9,9,0,1,0,0,0,0,1,0,0
2,20002327,25,44140,013,812202,33.52,76571,92168,0.8308,96500,4315000,7,1,1,1,72.92,1,84,2,5.770,4315000,5925000,81,1,1,9,9,0,1,0,0,0,0,0,0,0
2,20002328,06,41740,073,005900,34.44,158375,111734,1.4174,119500,2905000,2,1,1,4,61.60,2,360,1,3.350,2905000,5785000,59,9,1,9,9,0,1,0,0,0,0,0,1,0
2,20002329,40,46140,145,030512,30.10,100771,83507,1.2067,85300,3145000,2,3,1,4,71.10,2,196,3,4.490,3205000,4005000,0,1,1,9,9,100,1,0,0,0,0,0,1,0
2,20002330,25,14460,009,208402,27.80,149022,134646,1.1068,142000,109025000,2,1,1,1,70.00,1,60,5,5.010,109025000,155755000,57,1,1,9,9,0,1,0,0,0,0,0,0,0
2,20002331,24,12580,013,507602,15.73,121107,118479,1.0222,122200,47465000,1,1,1,1,62.04,1,84,5,6.490,47465000,76505000,60,1,1,9,9,0,1,0,0,0,0,0,1,0
2,20002332,13,12060,121,010218,48.36,000000,98569,9999.0,106100,93225000,7,1,1,1,59.46,1,60,5,5.580,93225000,156805000,36,1,1,9,9,0,1,0,0,0,0,0,1,0
2,20002333,13,12020,059,130602,28.50,143529,85162,1.6854,90900,17635000,7,1,1,1,67.84,1,120,5,5.740,17635000,26005000,114,1,1,9,9,0,1,0,0,0,0,0,0,0
2,20002334,48,26420,201,253502,81.92,66131,92750,0.7130,95200,29095000,1,1,1,1,68.45,1,204,5,5.830,29095000,42505000,198,1,9,9,9,100,1,0,0,0,0,1,0,0
2,20002335,13,46660,185,011200,34.37,74019,68178,1.0857,70000,6045000,7,3,1,1,64.10,1,60,3,6.610,6045000,9305000,56,1,1,9,9,0,1,0,0,0,0,0,0,0
2,20002336,18,26900,057,110512,8.72,142782,93688,1.5240,101200,50405000,1,1,1,1,68.11,1,60,5,5.980,50405000,74005000,57,1,1,9,9,0,1,0,0,0,0,0,1,0
2,20002337,04,38060,013,422633,41.63,64893,93191,0.6963,101300,23005000,7,1,1,1,30.59,1,120,5,5.070,23005000,75205000,114,1,1,9,9,0,1,0,0,0,0,0,0,0
2,20002338,13,46660,185,010301,40.46,93500,68178,1.3714,70000,12955000,1,1,1,1,70.00,1,60,5,6.060,12955000,18505000,57,1,1,9,9,0,1,0,0,0,0,0,0,0
2,20002339,06,40140,065,048700,86.41,81974,90585,0.9049,97500,31255000,7,5,1,4,66.00,2,24,5,6.000,31255000,78305000,11,1,1,9,9,0,1,0,0,0,0,0,1,0
2,20002340,41,38900,067,030700,46.38,80188,110489,0.7258,116900,9035000,2,1,1,4,78.30,2,176,3,3.290,9035000,11905000,119,1,1,9,9,100,1,0,0,0,0,1,0,0
2,20002341,47,34980,189,030402,40.79,61142,96905,0.6310,104700,5245000,1,1,1,1,61.00,1,84,2,5.410,5245000,8605000,81,1,1,9,9,0,1,1,0,0,0,0,0,0
2,20002342,12,35840,115,002604,7.90,65515,91784,0.7138,97000,1345000,1,1,1,1,70.53,1,120,1,5.800,1345000,1905000,84,1,1,9,9,0,1,0,0,0,0,0,0,0
2,20002343,24,12580,025,303501,21.26,170254,118479,1.4370,122200,70855000,1,1,1,1,67.04,1,84,5,6.490,70855000,105705000,60,1,1,9,9,0,1,0,0,0,0,0,1,0
2,20002344,48,19100,113,015405,89.57,58257,99957,0.5828,107300,39425000,7,1,1,1,55.10,1,60,5,5.520,39425000,71555000,57,1,1,9,9,90,1,0,0,0,0,1,0,0
2,20002345,06,41860,001,400800,60.91,148093,154003,0.9616,166600,1865000,2,1,1,4,61.60,2,360,1,3.200,1895000,2915000,47,9,1,9,9,0,1,0,0,0,0,0,1,0
2,20002346,41,38900,051,005601,33.30,140759,110489,1.2740,116900,16405000,1,1,1,1,69.75,1,120,5,6.120,16405000,23515000,114,1,1,9,9,0,1,0,0,0,0,1,0,0
2,20002347,36,35620,005,022000,96.73,000000,113844,9999.0,119300,8045000,7,1,1,1,63.09,1,60,3,5.640,8045000,12755000,57,1,1,9,9,0,1,0,0,0,0,1,0,0
2,20002348,24,12580,025,306300,35.69,165588,118479,1.3976,122200,5745000,7,3,1,1,87.96,1,180,3,4.780,5745000,6535000,174,1,1,9,9,100,1,0,0,0,0,0,0,0
2,20002349,39,17140,061,008201,67.03,59760,97826,0.6109,103700,23735000,7,1,1,1,70.00,1,84,5,5.710,23735000,33905000,78,1,1,9,9,0,1,0,0,0,0,0,0,0
2,20002350,04,38060,013,103306,71.68,41165,93191,0.4417,101300,13185000,7,1,1,1,69.95,1,60,3,5.680,13185000,18855000,57,1,1,9,9,0,1,0,0,0,0,1,0,0
2,20002351,12,19660,127,090905,35.48,103477,77045,1.3431,83900,18385000,2,5,1,1,53.45,1,60,4,6.030,18385000,34405000,57,1,9,9,9,0,1,0,0,0,0,0,1,0
2,20002352,42,37980,101,016400,98.09,31659,108977,0.2905,114700,2665000,1,1,1,1,44.82,1,120,3,5.940,2665000,5955000,114,1,9,9,9,99,1,0,0,0,0,1,0,0
2,20002353,37,39580,183,053723,26.50,93008,113293,0.8210,122300,30435000,2,3,1,1,48.23,1,84,5,5.939,30435000,63105000,12,1,1,9,9,0,1,0,0,0,0,0,0,0
2,20002354,18,26900,057,110518,11.05,135536,93688,1.4467,101200,38965000,7,1,1,1,58.24,2,120,5,6.350,38965000,66905000,114,1,1,9,9,0,1,0,0,0,0,0,1,0
2,20002355,55,99999,127,000902,22.64,66513,94281,0.7055,101200,6545000,2,1,1,1,66.34,1,60,3,5.540,6545000,9865000,57,1,1,9,9,0,1,1,0,0,0,0,0,0
2,20002356,12,36740,117,021707,54.68,64556,83343,0.7746,90400,84825000,7,5,1,1,59.36,1,120,5,5.490,84825000,142905000,114,1,1,9,9,0,1,0,0,0,0,0,1,0
2,20002357,12,45300,057,013001,41.23,76103,84454,0.9011,92000,30935000,1,1,1,1,75.00,1,60,5,6.050,30935000,41255000,57,1,1,9,9,0,1,0,0,0,0,0,0,0
2,20002358,53,42660,061,051803,55.96,78896,127870,0.6170,136600,64445000,2,3,1,1,67.82,2,193,5,3.940,64505000,95105000,187,1,9,9,9,99,1,0,0,0,0,0,0,0
2,20002359,22,12940,033,005300,80.72,000000,87118,9999.0,86800,7135000,2,1,1,1,76.28,1,172,4,4.780,7145000,9365000,165,1,9,9,9,100,1,0,0,0,0,1,0,0
2,20002360,42,38300,003,521301,37.00,99167,96434,1.0283,100600,15005000,7,1,1,1,53.38,1,120,5,5.400,15005000,28105000,114,1,9,9,9,0,1,0,0,0,0,0,0,0
2,20002361,06,41740,073,003304,94.78,54716,111734,0.4897,119500,1325000,2,1,1,4,61.60,2,360,1,3.050,1325000,2605000,47,9,1,9,9,0,1,0,0,0,0,1,0,0
2,20002362,48,19100,113,000605,32.11,192279,99957,1.9236,107300,3255000,1,5,1,1,65.00,1,60,2,5.760,3255000,5005000,36,1,1,9,9,0,1,0,0,0,0,0,1,0
2,20002363,13,12060,121,006702,89.53,102061,98569,1.0354,106100,4705000,2,1,1,1,70.15,2,180,3,4.980,4705000,6705000,174,1,1,9,9,85,1,0,0,0,0,1,0,0
2,20002364,06,31080,037,302401,52.62,55100,101056,0.5452,105700,2955000,2,1,1,4,61.60,2,360,1,3.150,3155000,4505000,59,9,9,9,9,0,1,0,0,0,0,0,0,0
2,20002365,48,26420,201,222504,97.55,34139,92750,0.3681,95200,42145000,7,1,1,1,70.00,1,60,5,5.660,42145000,60205000,57,1,1,9,9,0,1,0,0,0,0,1,0,0
2,20002366,13,12060,117,130509,32.57,155227,98569,1.5748,106100,67465000,1,1,1,1,56.17,1,132,5,5.760,67465000,120105000,126,1,1,9,9,0,1,0,0,0,0,0,0,0
2,20002367,06,41860,075,010202,30.81,205694,154003,1.3357,166600,3565000,2,1,1,4,61.60,2,360,1,3.320,3845000,5325000,47,9,9,9,9,0,1,0,0,0,0,0,1,0
2,20002368,06,31080,037,192510,93.13,62778,101056,0.6212,105700,2435000,7,1,1,4,61.60,2,360,1,3.150,2435000,4315000,47,9,1,9,9,0,1,0,0,0,0,0,0,0
2,20002369,55,33340,079,000502,88.92,43295,97232,0.4453,102100,2795000,7,1,1,1,69.85,1,120,2,5.620,2795000,4005000,117,1,1,9,9,0,1,0,0,0,0,1,0,0
2,20002370,48,26420,167,722700,89.04,73563,92750,0.7931,95200,3965000,1,1,1,1,73.35,1,60,3,6.910,3965000,5405000,36,1,1,9,9,0,1,0,0,0,0,0,0,0
2,20002371,21,31140,111,010104,22.18,117500,88819,1.3229,95900,9455000,1,1,1,1,72.15,1,84,4,5.900,9455000,13105000,78,1,1,9,9,0,1,0,0,0,0,0,1,0
2,20002372,37,20500,063,002036,71.93,56216,97980,0.5738,101800,35025000,2,5,1,1,56.41,1,120,5,5.490,35025000,62105000,114,1,1,9,9,0,1,1,0,0,0,1,0,0
2,20002373,53,42660,061,050900,45.90,92045,127870,0.7198,136600,4055000,2,5,1,1,68.68,1,60,2,4.830,4055000,5915000,36,1,1,9,9,0,1,0,0,0,0,0,0,0
2,20002374,06,31080,037,194401,33.25,000000,101056,9999.0,105700,1995000,7,1,1,1,53.89,1,60,1,6.690,1995000,3705000,36,1,1,9,9,0,1,0,0,0,0,0,1,0
2,20002375,48,41700,029,121905,55.94,188533,85469,2.2059,89300,35565000,7,1,1,1,46.74,1,84,5,7.302,35565000,76105000,12,1,1,9,9,0,1,0,0,0,0,0,1,0
2,20002376,39,49660,155,920900,53.45,39056,72376,0.5396,74900,6055000,7,3,1,1,61.47,1,60,5,6.060,6055000,9855000,36,1,9,9,9,0,1,0,0,0,0,1,0,0
2,20002377,48,41700,029,171802,90.30,40453,85469,0.4733,89300,4405000,1,1,1,1,70.97,1,84,3,6.390,4405000,6205000,84,1,1,9,9,0,1,0,0,0,0,1,0,0
2,20002378,38,99999,071,957600,26.81,61161,94641,0.6462,101500,1515000,7,3,1,1,65.09,1,120,2,5.360,1515000,2325000,117,1,1,9,9,0,1,1,0,0,0,1,0,0
2,20002379,51,40060,087,201102,76.70,73100,104391,0.7003,110000,18125000,7,3,1,1,78.10,1,84,4,4.780,18125000,23205000,78,1,1,9,9,100,1,0,0,0,0,0,0,0
2,20002380,39,17410,035,108201,62.31,36713,90488,0.4057,97200,10905000,7,1,1,1,77.89,1,120,5,5.520,10905000,14005000,114,1,9,9,9,100,1,0,0,0,0,1,0,0
2,20002381,48,26420,201,330901,92.67,84150,92750,0.9073,95200,32255000,7,1,1,1,59.41,1,60,5,5.890,32255000,54305000,57,1,1,9,9,50,1,0,0,0,0,0,0,0
2,20002382,13,12060,015,960403,44.72,62277,98569,0.6318,106100,22015000,2,1,1,1,66.70,1,60,4,5.260,22015000,33005000,57,1,1,9,9,0,1,0,0,0,0,0,0,0
2,20002383,40,36420,083,600300,25.15,71319,84302,0.8460,89100,1915000,1,1,1,1,65.86,1,60,3,6.330,1915000,2905000,57,1,1,9,9,100,1,1,0,0,0,0,0,0
2,20002384,53,36500,067,011623,41.01,112732,106190,1.0616,116700,11465000,1,1,1,1,54.61,1,84,3,4.750,11465000,21005000,78,1,1,9,9,0,1,0,0,0,0,0,0,0
2,20002385,42,38300,003,521200,31.98,83433,96434,0.8652,100600,40795000,7,1,1,1,58.03,1,60,5,5.370,40795000,70305000,57,1,1,9,9,0,1,0,0,0,0,0,0,0
2,20002386,42,49620,133,021410,18.88,122143,95408,1.2802,105100,29485000,7,1,1,1,69.37,1,60,5,5.460,29485000,42505000,57,1,1,9,9,0,1,0,0,0,0,0,0,0
2,20002387,17,16980,031,150501,43.16,138125,106055,1.3024,109800,4235000,1,3,1,1,71.10,1,179,2,5.270,4255000,4605000,0,1,1,9,9,100,1,0,0,0,0,0,1,0
2,20002388,22,12940,033,003300,98.95,51512,87118,0.5913,86800,5855000,1,1,1,1,80.00,1,60,3,6.710,5855000,7315000,24,1,1,9,9,100,1,0,0,0,0,1,0,0
2,20002389,53,42660,033,028901,39.88,96981,127870,0.7584,136600,1405000,1,1,1,1,63.64,1,84,1,5.440,1405000,2205000,84,1,1,9,9,0,1,0,0,0,0,0,1,0
2,20002390,06,31080,037,576700,45.29,138113,101056,1.3667,105700,3775000,7,1,1,4,61.60,2,360,1,3.500,3805000,5805000,59,9,1,9,9,0,1,0,0,0,0,0,1,0
2,20002391,29,41180,189,213900,98.68,37269,97901,0.3807,103200,2855000,1,1,1,1,51.95,1,60,3,6.240,2855000,5505000,57,1,9,9,9,100,1,0,0,0,0,1,0,0
2,20002392,36,35620,119,001305,93.67,53887,113844,0.4733,119300,645000,2,3,1,1,64.10,1,60,1,6.120,655000,1055000,35,1,9,9,9,0,1,0,0,0,0,1,0,0
2,20002393,39,19430,113,050101,26.62,83606,87717,0.9531,92900,8285000,7,5,1,1,71.40,1,120,3,5.680,8285000,11605000,114,1,1,9,9,0,1,0,0,0,0,0,0,0
2,20002394,24,25180,043,001001,27.82,77882,86810,0.8972,84200,40795000,7,1,1,1,61.81,1,60,5,5.730,40795000,66005000,57,1,1,9,9,0,1,0,0,0,0,0,0,0
2,20002395,06,31080,059,063902,56.94,134512,101056,1.3311,105700,150805000,1,1,1,1,64.09,2,120,5,5.950,150805000,235305000,114,1,1,9,9,0,1,0,0,0,0,0,1,0
2,20002396,53,42660,033,027500,55.19,100121,127870,0.7830,136600,5575000,1,1,1,1,64.29,1,60,2,4.980,5575000,8675000,36,1,1,9,9,0,1,0,0,0,0,0,0,0
2,20002397,45,25940,013,002102,25.91,109015,90472,1.2050,101800,24475000,1,1,1,1,55.00,1,132,5,4.950,24475000,44505000,126,1,1,9,9,0,1,1,0,0,0,0,1,0
2,20002398,51,47900,153,901415,40.53,178125,144539,1.2324,152900,24755000,2,1,1,1,56.66,1,84,4,7.060,24755000,43705000,48,1,1,9,9,0,1,0,0,0,0,0,1,0
2,20002399,13,12060,121,007500,94.75,40040,98569,0.4062,106100,5615000,2,1,1,1,21.59,1,201,5,4.440,5615000,26005000,195,1,9,9,9,100,1,0,0,0,0,1,0,0
2,20002400,01,33860,101,005102,91.41,50833,77591,0.6551,82500,5175000,1,1,1,1,73.40,1,60,3,6.010,5175000,7055000,36,1,1,9,9,0,1,0,0,0,0,0,0,0
2,20002401,06,23420,019,005204,77.79,57538,76092,0.7562,84300,3885000,7,5,1,1,57.75,2,60,2,6.640,3885000,6725000,36,1,1,9,9,0,1,0,0,0,0,0,0,0
2,20002402,17,16980,031,812301,40.38,98939,106055,0.9329,109800,50865000,1,1,1,1,63.10,1,60,5,5.640,50865000,80605000,57,1,1,9,9,0,1,0,0,0,0,0,1,0
2,20002403,12,35840,081,002025,25.46,88844,91784,0.9680,97000,32245000,1,1,1,1,40.61,1,32,5,5.880,32245000,79405000,0,1,1,9,1,0,1,0,0,0,0,0,0,0
2,20002404,39,45780,095,010500,84.86,20292,81518,0.2489,87700,17005000,1,3,1,1,79.07,1,180,5,6.540,17005000,21505000,174,1,9,9,9,100,1,0,0,0,0,1,0,0
2,20002405,06,41740,073,020601,80.75,77518,111734,0.6938,119500,1685000,2,1,1,4,61.60,2,360,1,4.000,1865000,2875000,47,9,9,9,9,0,1,0,0,0,0,1,0,0
2,20002406,53,28420,021,020606,47.78,94057,92746,1.0141,99900,23165000,1,3,1,1,74.24,1,120,5,5.720,23165000,31205000,114,1,1,9,9,99,1,0,0,0,0,0,0,0
2,20002407,06,41860,075,011101,51.89,180347,154003,1.1711,166600,1295000,7,1,1,1,54.98,1,84,1,5.200,1295000,2355000,84,1,1,9,9,0,1,0,0,0,0,0,0,0
2,20002408,24,12580,510,280500,97.06,25085,118479,0.2117,122200,7515000,2,1,1,1,69.04,1,199,3,4.690,7525000,10905000,193,1,9,9,9,72,1,0,0,0,0,1,0,0
2,20002409,17,16980,031,826304,97.32,60800,106055,0.5733,109800,3165000,1,1,1,1,77.07,1,120,3,6.520,3165000,4105000,117,1,1,9,9,0,1,0,0,0,0,1,0,0
2,20002410,48,26420,201,323200,84.43,97153,92750,1.0475,95200,5105000,1,1,1,1,77.98,1,120,3,6.870,5105000,6545000,84,1,1,9,9,0,1,0,0,0,0,0,0,0
2,20002411,13,12060,121,011432,62.88,95183,98569,0.9657,106100,48245000,7,5,1,1,64.93,1,120,5,5.490,48245000,74305000,114,1,1,9,9,0,1,0,0,0,0,0,1,0
2,20002412,42,37980,101,038200,52.59,57731,108977,0.5298,114700,5585000,7,5,1,1,61.53,2,60,2,6.590,5585000,9075000,60,1,1,9,9,0,1,0,0,0,0,1,0,0
2,20002413,45,17900,079,011414,59.92,86837,81690,1.0630,86300,17635000,2,5,1,4,52.62,2,217,5,6.250,20155000,38305000,0,1,1,9,9,20,1,0,0,0,0,0,1,0
2,20002414,26,19820,099,241500,23.04,74649,93779,0.7960,97300,8605000,7,1,1,1,64.22,1,60,3,5.260,8605000,13405000,57,1,1,9,9,0,1,0,0,0,0,0,0,0
2,20002415,13,31420,021,013202,89.56,000000,71239,9999.0,76000,2495000,7,1,1,1,60.19,1,120,2,5.880,2495000,4155000,84,1,1,9,9,0,1,0,0,0,0,1,0,0
2,20002416,12,27260,031,013404,57.13,75571,88994,0.8492,98000,53005000,2,1,1,1,67.26,1,60,5,5.050,53005000,78805000,57,1,1,9,9,0,1,0,0,0,0,1,0,0
2,20002417,35,10740,001,004300,84.12,41522,79295,0.5236,86400,2655000,7,3,1,1,38.13,1,84,3,5.430,2655000,6955000,84,1,9,9,9,0,1,0,0,0,0,1,0,0
2,20002418,27,33460,171,100803,13.63,128814,119274,1.0800,123700,12785000,1,1,1,1,75.00,1,84,3,7.380,12785000,17055000,36,1,1,9,9,0,1,0,0,0,0,0,0,0
2,20002419,22,12940,063,040812,35.18,96772,87118,1.1108,86800,11605000,2,1,1,1,78.11,2,192,4,3.730,11605000,14855000,186,1,1,9,9,100,1,0,0,0,0,0,0,0
2,20002420,48,21340,141,003501,95.07,41111,61466,0.6688,63100,7215000,7,1,1,1,66.17,1,60,4,6.240,7215000,10905000,36,1,1,9,9,0,1,0,0,0,0,1,0,0
2,20002421,08,99999,037,000703,19.29,118988,114344,1.0406,121400,27055000,7,1,1,1,56.37,1,120,4,5.540,27055000,48005000,114,1,1,9,9,0,1,1,0,0,0,0,1,0
2,20002422,42,37980,091,204300,25.22,128000,108977,1.1746,114700,43385000,2,1,1,1,64.28,1,60,5,4.860,43385000,67505000,57,1,1,9,9,0,1,0,0,0,0,0,1,0
2,20002423,41,21660,039,001902,29.76,48849,84068,0.5811,89100,9005000,7,1,1,1,46.04,1,60,3,5.580,9005000,19555000,36,1,1,9,9,0,1,0,0,0,0,0,0,0
2,20002424,20,48620,173,010302,20.32,95286,84050,1.1337,91200,5915000,1,1,1,1,70.00,1,120,4,5.860,5915000,8455000,114,1,1,9,9,99,1,0,0,0,0,0,0,0
2,20002425,24,47900,031,704100,22.23,250001,144539,1.7296,152900,56465000,7,1,1,1,60.00,1,84,5,6.350,56465000,94105000,78,1,1,9,9,0,1,0,0,0,0,0,1,0
2,20002426,55,33340,079,018000,26.38,94531,97232,0.9722,102100,6615000,7,1,1,1,78.61,1,120,3,5.370,6615000,8425000,114,1,1,9,9,100,1,0,0,0,0,0,0,0
2,20002427,06,31080,037,621104,27.38,208000,101056,2.0583,105700,3285000,7,1,1,4,61.60,2,360,1,3.450,3605000,4945000,59,9,9,9,9,0,1,0,0,0,0,0,1,0
2,20002428,53,42660,033,010502,25.78,145237,127870,1.1358,136600,1385000,1,1,1,1,25.45,1,60,1,5.830,1385000,5455000,60,1,9,9,9,0,1,0,0,0,0,0,1,0
2,20002429,48,26420,201,250500,62.80,80758,92750,0.8707,95200,5015000,7,5,1,1,57.29,1,60,3,6.500,5015000,8755000,36,1,9,9,9,100,1,0,0,0,0,0,1,0
2,20002430,51,40060,570,830200,44.18,56550,104391,0.5417,110000,16615000,7,1,1,1,69.81,1,120,4,5.420,16615000,23805000,114,1,1,9,9,93,1,0,0,0,0,1,0,0
2,20002431,36,35620,047,051400,81.84,109953,113844,0.9658,119300,6085000,7,1,1,1,71.55,1,84,3,6.380,6085000,8505000,84,1,1,9,9,0,1,0,0,0,0,0,0,0
2,20002432,37,24780,147,001001,38.39,97708,73970,1.3209,84700,2845000,2,3,1,4,71.10,2,216,3,4.850,2885000,3805000,0,1,9,9,9,100,1,0,0,0,0,0,0,0
2,20002433,42,37980,101,037700,69.87,57188,108977,0.5248,114700,36005000,7,3,1,1,51.14,1,60,5,6.020,36005000,70405000,57,1,9,9,9,0,1,0,0,0,0,1,0,0
2,20002434,06,31080,037,609900,72.56,87917,101056,0.8700,105700,1945000,2,1,1,4,61.60,2,360,1,3.500,1965000,3025000,59,9,1,9,9,0,1,0,0,0,0,0,0,0
2,20002435,13,12060,247,060316,82.26,47028,98569,0.4771,106100,15405000,2,3,1,1,53.87,1,60,5,5.520,15405000,28605000,57,1,1,9,9,0,1,0,0,0,0,1,0,0
2,20002436,37,39580,183,053716,36.43,91125,113293,0.8043,122300,23265000,7,1,1,1,60.27,2,60,5,6.160,23265000,38605000,57,1,1,9,9,0,1,0,0,0,0,0,0,0
2,20002437,46,39660,103,010904,20.00,90813,86487,1.0500,88300,3825000,1,1,1,1,63.07,1,60,2,6.240,3825000,6065000,36,1,1,9,9,0,1,0,0,0,0,0,0,0
2,20002438,36,35620,047,042500,72.07,51731,113844,0.4544,119300,2735000,7,1,1,1,55.86,2,60,1,6.490,2735000,4905000,60,1,1,9,9,25,1,0,0,0,0,0,0,0
2,20002439,17,16980,031,191100,94.34,58179,106055,0.5486,109800,1225000,7,1,1,1,63.84,1,60,1,7.000,1225000,1925000,36,1,1,9,9,0,1,0,0,0,0,1,0,0
2,20002440,18,26900,097,330900,90.36,46114,93688,0.4922,101200,17475000,1,1,1,1,60.05,1,60,5,5.760,17475000,29105000,48,1,1,9,9,0,1,0,0,0,0,1,0,0
2,20002441,47,17420,011,010700,33.26,50025,74586,0.6707,80800,8205000,7,1,1,1,55.00,1,120,3,5.570,8205000,14925000,114,1,1,9,9,0,1,0,0,0,0,1,0,0
2,20002442,36,35620,061,006700,20.73,156375,113844,1.3736,119300,9945000,2,3,1,1,64.10,1,59,1,6.220,9945000,16505000,47,1,1,9,9,0,1,0,0,0,0,0,1,0
2,20002443,37,48900,129,011501,30.45,57143,91984,0.6212,102100,25455000,1,1,1,1,71.81,1,60,5,5.450,25455000,35445000,57,1,1,9,9,0,1,0,0,0,0,1,0,0
2,20002444,49,41620,035,102600,60.99,58704,106248,0.5525,115400,10745000,1,1,1,1,62.03,1,60,4,5.460,10745000,17335000,57,1,1,9,9,0,1,0,0,0,0,1,0,0
2,20002445,37,16740,119,005536,81.45,87639,93744,0.9349,100300,35585000,2,5,1,1,54.74,1,120,5,5.490,35585000,65005000,114,1,1,9,9,0,1,0,0,0,0,0,0,0
2,20002446,48,19100,439,104302,28.54,234453,99957,2.3455,107300,16295000,2,1,1,1,63.88,1,60,4,5.290,16295000,25505000,57,1,1,9,9,0,1,0,0,0,0,0,1,0
2,20002447,06,31080,037,401706,73.60,116613,101056,1.1539,105700,74755000,1,1,1,1,65.00,1,120,5,4.750,74755000,115005000,114,1,1,9,9,0,1,0,0,0,0,0,1,0
2,20002448,10,37980,003,002800,58.91,65938,108977,0.6051,114700,12005000,2,3,1,1,64.10,1,60,3,6.480,12005000,19055000,57,1,1,9,9,0,1,0,0,0,0,1,0,0
2,20002449,18,14020,105,000402,23.82,79384,89082,0.8911,100900,8965000,2,1,1,1,59.35,1,190,5,5.280,8965000,15105000,184,1,1,9,9,100,1,0,0,0,0,0,0,0
2,20002450,51,47260,710,001100,68.29,40431,95214,0.4246,100000,68575000,2,1,1,1,64.94,1,60,5,5.320,68575000,105605000,57,1,1,9,9,0,1,0,0,0,0,0,0,0
2,20002451,25,14460,023,501204,8.66,168571,134646,1.2520,142000,42485000,7,3,1,1,63.03,1,60,3,6.070,42485000,67405000,57,1,9,9,9,0,1,0,0,0,0,0,1,0
2,20002452,32,29820,003,003430,88.11,47721,82358,0.5794,87800,32415000,2,1,1,1,62.34,1,60,5,5.460,32415000,52005000,57,1,1,9,9,65,1,0,0,0,0,1,0,0
2,20002453,51,47260,700,030400,96.87,42120,95214,0.4424,100000,1215000,2,1,1,1,31.84,1,175,2,4.480,1215000,3805000,169,1,9,9,9,89,1,0,0,0,0,1,0,0
2,20002454,10,20100,001,041200,59.59,77222,82307,0.9382,91300,4135000,7,1,1,1,70.00,1,60,3,5.960,4135000,5905000,57,1,1,9,9,100,1,0,0,0,0,0,0,0
2,20002455,28,32820,033,070323,76.74,47029,78701,0.5976,84000,20415000,7,1,1,1,57.52,1,60,5,6.010,20415000,35505000,57,1,1,9,9,0,1,0,0,0,0,0,0,0
2,20002456,13,12060,089,021204,96.19,35625,98569,0.3614,106100,2525000,2,1,1,1,39.44,1,204,3,5.810,2525000,6405000,180,1,1,9,9,88,1,0,0,0,0,1,0,0
2,20002457,47,27740,179,060901,30.85,34271,71377,0.4801,80100,2805000,1,1,1,1,62.58,1,60,3,6.230,2805000,4485000,33,1,1,9,9,100,1,0,0,0,0,1,0,0
2,20002458,12,33100,086,001208,88.06,54038,80554,0.6708,87600,62755000,7,1,1,1,66.97,1,60,5,5.650,62755000,93705000,57,1,1,9,9,0,1,0,0,0,0,1,0,0
2,20002459,48,19100,439,113923,56.09,88621,99957,0.8866,107300,49985000,1,1,1,1,61.55,1,120,5,5.540,49985000,81205000,114,1,1,9,9,0,1,0,0,0,0,0,1,0
2,20002460,51,47900,510,201206,86.06,45726,144539,0.3164,152900,19855000,2,1,1,1,43.25,1,120,5,6.010,19855000,45905000,114,1,1,9,9,100,1,0,0,0,0,1,0,0
2,20002461,34,35620,003,006101,54.18,107256,113844,0.9421,119300,2305000,2,1,1,1,69.76,1,60,1,5.320,2305000,3305000,36,1,1,9,9,0,1,0,0,0,0,0,0,0
2,20002462,35,10740,001,000501,60.04,50568,79295,0.6377,86400,12875000,1,3,1,4,68.33,2,192,5,4.250,13055000,19105000,192,1,9,9,9,100,1,0,0,0,0,1,0,0
2,20002463,32,29820,003,005005,53.10,42083,82358,0.5110,87800,17555000,1,1,1,1,63.13,1,60,5,5.930,17555000,27805000,57,1,1,9,9,0,1,0,0,0,0,1,0,0
2,20002464,37,49180,067,002604,38.66,116429,76701,1.5180,81900,3625000,7,5,1,1,63.00,1,120,3,6.360,3625000,5765000,84,1,1,9,9,0,1,0,0,0,0,0,0,0
2,20002465,21,31140,111,007400,18.31,76838,88819,0.8651,95900,15095000,2,1,1,1,59.89,1,84,4,6.130,15095000,25205000,78,1,1,9,9,0,1,0,0,0,0,1,0,0
2,20002466,24,12580,510,260800,74.17,45509,118479,0.3841,122200,1425000,2,1,1,1,39.69,1,209,3,6.040,1425000,3595000,203,1,1,9,9,100,1,0,0,0,0,1,0,0
2,20002467,41,38900,051,005903,23.31,94811,110489,0.8581,116900,20645000,1,1,1,1,59.17,1,60,5,5.350,20645000,34905000,57,1,1,9,9,0,1,0,0,0,0,0,1,0
2,20002468,13,12060,089,021608,64.30,105208,98569,1.0674,106100,36735000,1,1,1,1,69.92,1,60,5,5.320,36735000,52535000,57,1,1,9,9,0,1,0,0,0,0,0,0,0
2,20002469,11,47900,001,009810,99.06,41780,144539,0.2891,152900,2645000,7,5,1,1,63.58,1,60,1,6.690,2645000,4165000,60,1,1,9,9,0,1,0,0,0,0,1,0,0
2,20002470,24,99999,047,951000,38.85,81512,97408,0.8368,100600,1605000,2,1,1,1,66.67,1,180,3,4.370,1605000,2405000,174,1,1,9,9,100,1,1,0,0,0,0,1,0
2,20002471,54,34060,061,011602,16.29,117734,90783,1.2969,90900,13615000,7,1,1,1,68.07,1,120,5,5.890,13615000,20005000,114,1,1,9,9,0,1,1,0,1,0,0,1,0
2,20002472,39,31900,139,001900,10.46,80743,72424,1.1149,76000,2935000,7,3,1,1,69.76,1,120,3,5.760,2935000,4205000,117,1,1,9,9,0,1,0,0,0,0,0,1,0
2,20002473,01,33860,101,000100,62.52,000000,77591,9999.0,82500,1555000,1,3,1,1,55.61,1,60,1,6.070,1555000,2805000,57,1,9,9,9,0,1,0,0,0,0,1,0,0
2,20002474,19,11180,169,001000,31.41,81034,104278,0.7771,112600,6085000,1,1,1,1,74.03,1,204,4,5.920,6085000,8225000,198,1,1,9,9,100,1,0,0,0,0,1,0,0
2,20002475,37,39580,183,053513,52.66,93320,113293,0.8237,122300,8865000,2,1,1,1,67.17,1,60,3,5.380,8865000,13205000,57,1,1,9,9,100,1,0,0,0,0,0,0,0
2,20002476,13,17980,215,002300,65.96,65556,68897,0.9515,68500,4385000,7,5,1,1,63.94,1,60,3,5.440,4385000,6855000,36,1,9,9,9,0,1,0,0,0,0,1,0,0
2,20002477,06,40900,067,009108,48.66,105194,106925,0.9838,113700,14805000,1,1,1,1,57.22,1,60,3,6.050,14815000,25905000,54,1,9,9,9,99,1,0,0,0,0,0,0,0
2,20002478,48,26420,201,451401,61.18,141071,92750,1.5210,95200,28375000,2,1,1,1,65.00,1,60,5,5.360,28375000,43655000,57,1,1,9,9,0,1,0,0,0,0,0,0,0
2,20002479,48,32580,215,020510,93.25,119591,54864,2.1798,57300,23765000,7,1,1,1,57.12,2,60,5,6.060,23765000,41605000,57,1,1,9,9,0,1,0,0,0,0,0,1,0
2,20002480,12,33100,099,002400,92.21,38685,80554,0.4802,87600,9575000,2,3,1,1,66.92,1,204,3,4.180,9575000,14305000,180,1,9,9,9,100,1,0,0,0,0,1,0,0
2,20002481,48,41700,029,171927,82.42,78229,85469,0.9153,89300,18825000,2,5,1,1,45.15,1,120,5,5.490,18825000,41705000,114,1,1,9,9,0,1,0,0,0,0,0,0,0
2,20002482,06,31080,059,074408,90.94,63699,101056,0.6303,105700,2655000,2,1,1,4,61.60,2,360,1,3.150,2655000,4445000,59,9,1,9,9,0,1,0,0,0,0,0,0,0
2,20002483,29,41180,189,220443,12.75,90156,97901,0.9209,103200,19115000,2,1,1,1,70.00,1,60,5,5.570,19115000,27305000,57,1,1,9,9,0,1,0,0,0,0,0,0,0
2,20002484,36,35620,047,087000,97.23,79839,113844,0.7013,119300,3825000,7,1,1,1,68.27,1,60,2,5.990,3825000,5605000,36,1,1,9,9,0,1,0,0,0,0,1,0,0
2,20002485,39,17410,103,417100,8.15,100000,90488,1.1051,97200,34955000,1,3,1,1,72.97,1,120,5,6.040,34955000,47905000,114,1,1,9,9,0,1,0,0,0,0,0,0,0
2,20002486,13,12060,121,010313,98.80,97656,98569,0.9907,106100,4905000,7,1,1,1,58.39,1,180,3,4.120,4905000,8405000,174,1,9,9,9,100,1,0,0,0,0,0,0,0
2,20002487,13,99999,039,010404,44.02,83311,76688,1.0864,81400,37445000,1,1,1,1,65.00,1,60,5,6.140,37445000,57605000,57,1,1,9,9,0,1,1,0,0,0,0,0,0
2,20002488,22,43340,017,025300,67.19,000000,69400,9999.0,75200,3705000,2,1,1,1,54.41,1,180,3,4.440,3705000,6805000,174,1,9,9,9,85,1,0,0,0,0,1,0,0
2,20002489,12,33100,086,002404,97.24,46099,80554,0.5723,87600,11995000,1,3,1,4,62.80,2,201,4,3.520,12125000,19305000,201,1,1,9,9,100,1,0,0,0,0,1,0,0
2,20002490,08,19740,001,009411,31.52,124570,119980,1.0383,130400,62985000,7,1,1,1,58.32,1,60,5,5.850,62985000,108005000,57,1,1,9,9,0,1,0,0,0,0,0,0,0
2,20002491,26,19820,163,533900,77.56,85208,93779,0.9086,97300,3025000,7,1,1,1,72.92,1,240,3,6.420,3025000,4155000,84,1,9,9,9,0,1,0,0,0,0,1,0,0
2,20002492,48,36220,135,001700,52.09,91097,81404,1.1191,82000,3995000,7,1,1,1,65.35,1,84,3,7.230,3995000,6115000,84,1,1,9,9,0,1,0,0,0,0,0,1,0
2,20002493,12,33100,011,110353,88.92,88496,80554,1.0986,87600,248185000,7,3,1,1,57.11,1,84,5,5.939,248185000,434605000,12,1,1,9,9,0,1,0,0,0,0,0,1,0
2,20002494,06,31080,037,571400,68.93,134167,101056,1.3277,105700,3525000,2,1,1,4,61.60,2,360,1,3.350,3605000,6285000,47,9,1,9,9,0,1,0,0,0,0,0,1,0
2,20002495,45,24860,045,003005,40.01,77027,82045,0.9388,84700,31595000,7,1,1,1,58.52,2,72,5,5.830,31595000,54005000,69,1,1,9,9,0,1,0,0,0,0,0,0,0
2,20002496,06,31080,037,128303,87.82,35792,101056,0.3542,105700,2175000,1,1,1,4,61.60,2,360,1,3.400,2215000,3475000,47,9,1,9,9,0,1,0,0,0,0,1,0,0
2,20002497,48,19100,113,007916,32.48,126250,99957,1.2630,107300,77345000,7,1,1,1,48.95,1,60,5,4.930,77345000,158005000,57,1,1,9,9,0,1,0,0,0,0,0,1,0
2,20002498,08,19740,035,014013,18.95,174095,119980,1.4510,130400,41255000,1,1,1,1,54.64,1,66,5,5.020,41255000,75505000,63,1,1,9,9,0,1,0,0,0,0,0,0,0
2,20002499,13,12060,121,010117,69.18,82159,98569,0.8335,106100,20965000,1,1,1,1,59.72,1,60,5,5.670,20965000,35105000,48,1,1,9,9,0,1,0,0,0,0,0,1,0
2,20002500,48,26420,201,454400,88.05,000000,92750,9999.0,95200,48125000,7,1,1,1,58.40,1,120,5,5.770,48125000,82405000,114,1,1,9,9,50,1,0,0,0,0,0,0,0
2,20002501,48,19100,439,105518,40.16,117585,99957,1.1764,107300,18125000,2,1,1,1,52.53,2,60,5,5.870,18125000,34505000,57,1,1,9,9,0,1,0,0,0,0,0,0,0
2,20002502,13,12060,067,030353,52.68,151705,98569,1.5391,106100,78445000,2,3,1,1,57.89,1,84,5,5.756,78445000,135505000,12,1,1,9,9,0,1,0,0,0,0,0,1,0
2,20002503,06,31080,037,216401,31.98,131719,101056,1.3034,105700,4235000,1,1,1,4,61.60,2,360,1,3.200,4235000,8905000,59,9,1,9,9,0,1,0,0,0,0,0,1,0
2,20002504,37,20500,063,002038,53.06,127500,97980,1.3013,101800,62225000,7,1,1,1,61.98,1,60,5,5.850,62225000,100405000,36,1,1,9,9,0,1,1,0,0,0,0,0,0
2,20002505,37,16740,179,020602,60.31,70658,93744,0.7537,100300,2395000,1,1,1,1,72.70,1,84,2,6.030,2395000,3305000,84,1,1,9,9,0,1,0,0,0,0,0,0,0
2,20002506,36,35620,061,003602,40.73,242692,113844,2.1318,119300,33515000,2,1,1,1,64.58,1,60,3,4.980,33515000,51905000,57,1,1,9,9,0,1,0,0,0,0,0,0,0
2,20002507,06,41740,073,007912,26.86,145096,111734,1.2986,119500,1995000,7,1,1,4,61.60,2,360,1,3.340,2005000,3605000,47,9,1,9,9,0,1,0,0,0,0,0,1,0
2,20002508,06,31080,037,534403,97.84,41667,101056,0.4123,105700,1105000,7,1,1,1,52.81,1,120,1,6.020,1105000,2105000,117,1,1,9,9,0,1,0,0,0,0,1,0,0
2,20002509,24,12580,005,450501,32.92,75268,118479,0.6353,122200,13805000,1,1,1,1,60.00,1,60,5,5.300,13805000,23005000,57,1,1,9,9,0,1,0,0,0,0,1,0,0
2,20002510,36,35620,047,088200,97.43,64726,113844,0.5686,119300,2925000,7,1,1,1,62.26,1,60,1,6.630,2925000,4705000,36,1,1,9,9,0,1,0,0,0,0,0,0,0
2,20002511,04,38060,013,106300,30.35,114714,93191,1.2310,101300,37405000,7,3,1,1,55.00,1,84,5,5.939,37405000,68005000,12,1,1,9,9,0,1,0,0,0,0,0,0,0
2,20002512,48,19100,113,004201,55.59,111250,99957,1.1130,107300,2355000,7,1,1,1,58.49,1,120,1,6.130,2355000,4035000,84,1,1,9,9,0,1,0,0,0,0,0,0,0
2,20002513,36,35620,061,006500,29.52,250001,113844,2.1960,119300,20595000,2,3,1,1,64.10,1,59,1,6.220,20595000,26105000,47,1,1,9,9,0,1,0,0,0,0,0,1,0
2,20002514,06,41860,075,015600,51.86,151289,154003,0.9824,166600,3255000,2,1,1,4,61.60,2,360,1,3.300,3505000,8005000,47,9,9,9,9,0,1,0,0,0,0,0,0,0
2,20002515,27,33460,053,020304,74.25,85022,119274,0.7128,123700,2245000,1,1,1,1,76.24,1,120,2,5.610,2245000,2955000,117,1,1,9,9,0,1,0,0,0,0,1,0,0
2,20002516,06,41860,001,441927,84.50,156774,154003,1.0180,166600,13525000,2,1,1,1,53.69,1,120,4,6.540,13525000,25205000,114,1,1,9,9,0,1,0,0,0,0,0,1,0
2,20002517,45,34820,051,060204,23.27,59291,75945,0.7807,82900,10945000,7,1,1,1,69.68,1,60,4,5.970,10945000,15705000,57,1,9,9,9,0,1,0,0,0,0,0,1,0
2,20002518,48,19100,121,020402,31.33,101250,99957,1.0129,107300,1385000,7,1,1,1,52.23,1,120,1,5.990,1385000,2655000,84,1,1,9,9,0,1,0,0,0,0,0,0,0
2,20002519,18,26900,081,610204,25.64,97972,93688,1.0457,101200,27145000,1,1,1,1,72.87,1,60,5,5.310,27145000,37255000,57,1,1,9,9,0,1,0,0,0,0,0,0,0
2,20002520,51,47900,013,101100,25.81,229944,144539,1.5909,152900,70005000,1,3,1,1,70.00,1,60,5,5.290,70005000,100005000,57,1,1,9,9,3,1,0,0,0,0,0,1,0
2,20002521,48,41700,029,191819,59.04,139576,85469,1.6331,89300,58185000,1,1,1,1,72.73,1,60,5,5.430,58185000,80005000,36,1,1,9,9,90,1,0,0,0,0,0,0,0
2,20002522,06,40140,065,040622,82.15,157157,90585,1.7349,97500,81125000,7,1,1,1,53.16,2,60,5,6.030,81125000,152605000,57,1,1,9,9,0,1,0,0,0,0,0,1,0
2,20002523,18,26900,097,310111,70.78,69439,93688,0.7412,101200,18255000,7,1,1,1,67.25,1,60,5,5.090,18255000,27155000,57,1,1,9,9,0,1,0,0,0,0,0,0,0
2,20002524,39,18140,159,050402,13.50,80905,97262,0.8318,103300,4205000,1,1,1,1,70.00,1,84,3,5.130,4205000,6005000,60,1,1,9,9,0,1,0,0,0,0,0,0,0
2,20002525,06,31080,037,543501,93.31,106563,101056,1.0545,105700,2305000,7,1,1,1,34.02,1,84,1,5.840,2305000,6765000,84,1,1,9,9,0,1,0,0,0,0,0,0,0
2,20002526,09,47930,140,110302,21.76,121953,135149,0.9024,145700,29545000,1,1,1,1,73.12,1,60,3,5.540,29545000,40405000,57,1,1,9,9,0,1,0,0,0,0,0,0,0
2,20002527,36,35620,047,021900,62.27,95313,113844,0.8372,119300,3285000,1,1,1,1,59.24,2,60,1,5.680,3285000,5555000,57,1,1,9,9,100,1,0,0,0,0,0,0,0
2,20002528,47,32820,157,021112,66.71,58545,78701,0.7439,84000,13025000,7,1,1,1,70.00,1,60,4,5.150,13025000,18605000,57,1,1,9,9,0,1,0,0,0,0,0,0,0
2,20002529,20,28140,209,045100,58.59,63438,99766,0.6359,103000,4805000,7,1,1,1,64.87,1,60,2,6.140,4805000,7405000,36,1,1,9,9,0,1,0,0,0,0,1,0,0
2,20002530,04,38060,013,107700,34.17,193500,93191,2.0764,101300,5935000,7,1,1,1,52.95,1,60,3,5.840,5935000,11205000,54,1,1,9,9,100,1,0,0,0,0,0,1,0
2,20002531,37,16740,179,020601,67.50,79495,93744,0.8480,100300,3165000,1,1,1,1,63.20,1,60,3,6.790,3165000,5005000,36,1,1,9,9,0,1,0,0,0,0,0,0,0
2,20002532,48,48660,485,010400,88.17,000000,78550,9999.0,81400,3745000,1,1,1,1,74.20,1,60,3,6.940,3745000,5045000,24,1,1,9,9,100,1,0,0,0,0,1,0,0
2,20002533,42,38300,003,429201,19.04,141473,96434,1.4670,100600,52065000,7,1,1,1,62.88,1,60,5,5.830,52065000,82805000,57,1,1,9,9,0,1,0,0,0,0,0,0,0
2,20002534,06,31080,037,209520,95.43,41486,101056,0.4105,105700,1875000,2,1,1,4,61.60,2,360,1,3.350,1915000,2935000,59,9,1,9,9,0,1,0,0,0,0,1,0,0
2,20002535,37,38240,125,950702,12.83,148229,95534,1.5516,107200,50075000,2,1,1,1,64.44,1,120,5,5.600,50075000,77705000,114,1,1,9,9,0,1,1,0,0,0,0,0,0
2,20002536,42,10900,095,016201,16.82,86583,96828,0.8942,101400,1375000,1,1,1,1,59.70,1,120,1,7.250,1375000,2305000,84,1,1,9,9,0,1,0,0,0,0,0,0,0
2,20002537,26,19820,163,520400,68.09,41750,93779,0.4452,97300,2605000,7,1,1,1,64.40,1,84,2,6.320,2605000,4055000,81,1,1,9,9,0,1,0,0,0,0,1,0,0
2,20002538,51,47260,650,010311,67.81,92279,95214,0.9692,100000,48465000,1,1,1,1,78.16,1,120,5,5.600,48465000,62005000,114,1,1,9,9,0,1,0,0,0,0,0,0,0
2,20002539,17,16980,031,320102,44.53,169668,106055,1.5998,109800,72675000,2,1,1,1,57.18,1,60,5,5.590,72675000,127105000,57,1,1,9,9,0,1,0,0,0,0,0,1,0
2,20002540,06,31080,059,075806,67.48,84362,101056,0.8348,105700,9955000,1,1,1,1,51.33,1,60,3,5.580,9955000,19405000,36,1,1,9,9,99,1,0,0,0,0,0,0,0
2,20002541,36,35620,059,415802,11.69,208342,113844,1.8301,119300,7305000,7,1,1,1,72.64,1,120,2,6.150,7305000,10055000,84,1,1,9,9,0,1,0,0,0,0,0,0,0
2,20002542,06,31080,059,074406,94.46,70917,101056,0.7018,105700,151055000,7,1,1,1,57.33,1,72,5,5.640,151055000,263475000,69,1,1,9,9,0,1,0,0,0,0,1,0,0
2,20002543,06,31080,037,503105,89.33,116650,101056,1.1543,105700,3885000,2,1,1,4,61.60,2,360,1,3.600,4235000,6055000,59,9,9,9,9,0,1,0,0,0,0,0,0,0
2,20002544,39,17410,035,197200,96.60,24861,90488,0.2747,97200,1355000,7,3,1,1,58.91,1,60,1,6.480,1355000,2305000,60,1,1,9,9,0,1,0,0,0,0,1,0,0
2,20002545,38,99999,089,963501,13.38,128009,101972,1.2553,108300,11505000,2,1,1,1,56.65,1,120,5,5.370,11505000,20305000,114,1,1,9,9,0,1,1,0,0,0,0,0,0
2,20002546,48,19100,367,140412,24.11,97770,99957,0.9781,107300,1325000,1,1,1,1,35.57,1,60,2,5.840,1325000,3725000,36,1,1,9,9,0,1,0,0,0,0,0,0,0
2,20002547,08,19740,035,013912,19.00,133918,119980,1.1162,130400,47175000,7,1,1,1,75.00,1,11,5,3.860,69755000,93005000,0,1,1,9,1,0,1,0,0,0,0,0,0,0
2,20002548,48,19100,113,014207,60.09,182206,99957,1.8228,107300,48785000,2,1,1,1,58.50,1,60,5,5.430,48785000,83405000,57,1,1,9,9,0,1,0,0,0,0,0,1,0
2,20002549,36,35620,085,013301,94.48,28571,113844,0.2510,119300,79335000,1,1,1,4,40.27,1,360,5,6.560,79335000,197005000,120,1,1,9,9,100,1,0,0,0,0,1,0,0
2,20002550,06,31080,037,576403,90.93,51389,101056,0.5085,105700,1925000,7,1,1,4,61.60,2,360,1,3.500,2035000,2805000,47,9,9,9,9,0,1,0,0,0,0,1,0,0
2,20002551,48,19100,113,005000,93.67,58261,99957,0.5829,107300,22105000,2,1,1,1,65.00,1,206,5,4.320,22105000,34005000,200,1,1,9,9,93,1,0,0,0,0,1,0,0
2,20002552,18,99999,023,950200,13.64,92356,77754,1.1878,81600,5455000,7,1,1,1,50.00,1,120,4,5.890,5455000,10905000,114,1,1,9,9,0,1,1,0,0,0,0,0,0
2,20002553,28,27140,163,950300,92.94,30519,76033,0.4014,80100,1825000,7,1,1,1,40.51,1,120,3,6.000,1825000,4515000,114,1,9,9,9,100,1,1,1,0,0,1,0,0
2,20002554,45,43900,083,021301,50.91,69183,75197,0.9200,72500,22125000,7,1,1,1,75.00,1,60,5,5.100,22125000,29505000,57,1,1,9,9,0,1,0,0,0,0,0,0,0
2,20002555,12,36740,095,013701,56.90,80045,83343,0.9604,90400,37075000,1,1,1,1,72.69,1,60,5,6.520,37075000,51005000,36,1,1,9,9,0,1,0,0,0,0,0,0,0
2,20002556,47,27740,179,060402,14.16,106415,71377,1.4909,80100,13765000,7,1,1,1,63.58,1,120,4,5.530,13765000,21655000,114,1,1,9,9,0,1,0,0,0,0,0,0,0
2,20002557,19,11180,169,001101,17.95,145000,104278,1.3905,112600,22935000,1,5,1,1,60.36,1,60,5,5.920,22935000,38005000,57,1,1,9,9,0,1,0,0,0,0,1,0,0
2,20002558,37,16740,119,005723,66.39,89414,93744,0.9538,100300,46905000,1,1,1,1,70.00,1,60,5,5.660,46905000,67005000,57,1,1,9,9,0,1,0,0,0,0,0,0,0
2,20002559,53,42660,061,052905,39.58,69415,127870,0.5429,136600,4055000,2,1,1,1,63.89,1,84,1,5.540,4055000,6355000,84,1,1,9,9,0,1,0,0,0,0,1,0,0
2,20002560,51,47900,059,482603,52.47,177946,144539,1.2311,152900,47815000,1,1,1,1,57.20,1,84,5,5.540,47815000,83605000,60,1,1,9,9,15,1,0,0,0,0,0,1,0
2,20002561,51,47900,059,482506,69.78,97164,144539,0.6722,152900,22225000,2,1,1,1,79.67,2,204,4,4.130,22225000,27905000,180,1,9,9,9,100,1,0,0,0,0,0,0,0
2,20002562,39,45780,095,007307,69.42,37870,81518,0.4646,87700,5495000,7,1,1,1,65.00,1,120,5,6.140,5495000,8455000,114,1,1,9,9,0,1,0,0,0,0,1,0,0
2,20002563,01,12220,081,040606,44.06,36399,86772,0.4195,95800,25405000,2,1,1,1,63.35,1,60,5,6.280,25405000,40105000,57,1,1,9,9,0,1,0,0,0,0,1,0,0
2,20002564,06,31080,037,302104,56.46,80560,101056,0.7972,105700,1205000,1,1,1,4,61.60,2,360,1,3.900,1235000,2705000,35,9,1,9,9,0,1,0,0,0,0,0,0,0
2,20002565,42,37980,045,402200,91.04,68333,108977,0.6270,114700,5585000,7,1,1,1,57.92,1,60,3,5.630,5585000,9655000,57,1,1,9,9,0,1,0,0,0,0,1,0,0
2,20002566,25,14460,009,252502,34.92,110625,134646,0.8216,142000,32435000,1,1,1,1,55.83,1,60,5,5.310,32435000,58105000,57,1,1,9,9,25,1,0,0,0,0,0,0,0
2,20002567,12,36740,095,014814,40.72,115724,83343,1.3885,90400,66515000,7,3,1,1,56.90,1,84,5,5.450,66515000,116905000,78,1,1,9,9,0,1,0,0,0,0,0,1,0
2,20002568,24,47900,033,801313,93.40,150213,144539,1.0393,152900,12675000,7,3,1,1,52.38,2,120,5,6.220,12675000,24205000,114,1,1,9,9,100,1,0,0,0,0,0,0,0
2,20002569,26,19820,099,241900,28.63,84423,93779,0.9002,97300,3765000,1,1,1,1,75.38,1,84,3,5.770,3765000,5005000,84,1,1,9,9,0,1,0,0,0,0,0,0,0
2,20002570,26,19820,125,144100,18.34,107250,93779,1.1437,97300,1005000,2,1,1,1,62.89,1,84,1,6.170,1005000,1595000,81,1,1,9,9,0,1,0,0,0,0,0,0,0
2,20002571,26,19820,125,197400,23.00,71087,93779,0.7580,97300,2145000,1,1,1,1,62.62,1,120,1,5.660,2145000,3435000,84,1,9,9,9,0,1,0,0,0,0,0,0,0
2,20002572,18,16980,089,020900,67.02,69083,106055,0.6514,109800,1625000,7,3,1,1,63.88,1,84,1,6.450,1625000,2555000,81,1,1,9,9,0,1,0,0,0,0,0,0,0
2,20002573,01,22520,077,010700,47.15,28833,73169,0.3941,78300,2645000,2,3,1,4,71.10,2,217,3,4.650,2655000,3705000,0,1,1,9,9,100,1,0,0,0,0,1,0,0
2,20002574,47,32820,157,020837,31.68,101970,78701,1.2957,84000,48405000,7,1,1,1,63.11,1,60,5,5.650,48405000,76705000,57,1,1,9,9,0,1,0,0,0,0,0,1,0
2,20002575,51,40060,670,820500,41.05,67123,104391,0.6430,110000,3755000,1,1,1,1,60.34,1,60,3,5.810,3755000,6225000,60,1,1,9,9,0,1,0,0,0,0,1,0,0
2,20002576,42,38300,007,601400,21.30,70417,96434,0.7302,100600,3015000,7,1,1,1,64.18,1,60,3,6.520,3015000,4695000,57,1,1,9,9,0,1,0,0,0,0,0,0,0
2,20002577,40,46140,143,005200,31.80,128958,83507,1.5443,85300,4865000,1,3,1,1,76.54,1,84,4,5.650,4865000,6365000,84,1,9,9,9,0,1,0,0,0,0,0,0,0
2,20002578,09,35980,180,870300,52.78,38992,108306,0.3600,108700,42295000,7,3,1,1,62.48,1,120,5,5.780,42295000,67705000,114,1,1,9,9,100,1,0,0,0,0,1,0,0
2,20002579,22,35380,071,003701,60.59,83466,81500,1.0241,87100,38135000,2,1,1,1,64.53,1,120,5,5.640,38135000,59105000,114,1,1,9,9,0,1,0,0,0,0,0,0,0
2,20002580,34,35620,013,010500,98.13,64886,113844,0.5700,119300,15755000,7,1,1,1,58.77,1,60,5,5.880,15755000,26805000,54,1,1,9,9,0,1,0,0,0,0,0,0,0
2,20002581,36,35620,005,026602,71.01,52736,113844,0.4632,119300,116265000,1,1,1,4,49.69,1,357,5,6.570,116265000,234005000,120,1,1,9,9,100,1,0,0,0,0,1,0,0
2,20002582,26,99999,057,001000,11.60,84750,75716,1.1193,79600,1675000,7,1,1,1,66.69,1,120,2,5.770,1675000,2515000,117,1,1,9,9,0,1,1,0,0,0,0,0,0
2,20002583,27,33460,163,070502,9.86,112837,119274,0.9460,123700,14525000,1,1,1,1,60.77,1,192,3,5.870,14525000,23905000,186,1,9,9,9,100,1,0,0,0,0,0,0,0
2,20002584,24,12580,027,606905,60.47,161963,118479,1.3670,122200,20305000,2,1,1,1,64.46,1,60,4,5.240,20305000,31505000,57,1,9,9,9,0,1,0,0,0,0,0,1,0
2,20002585,37,39580,183,053417,39.02,116736,113293,1.0304,122300,49855000,2,1,1,1,59.49,1,60,5,6.220,49855000,83805000,57,1,9,9,9,0,1,0,0,0,0,0,0,0
2,20002586,06,41740,073,002710,92.04,60615,111734,0.5425,119500,1735000,7,1,1,1,63.37,1,60,1,5.760,1735000,2735000,60,1,9,9,9,0,1,0,0,0,0,1,0,0
2,20002587,12,23540,001,001517,59.79,63627,82126,0.7748,92700,39195000,1,1,1,1,65.00,1,120,5,5.390,39195000,60305000,114,1,1,9,9,0,1,0,0,0,0,1,0,0
2,20002588,12,36740,095,016714,71.90,93091,83343,1.1170,90400,32825000,1,1,1,1,65.00,1,60,5,5.110,32825000,50505000,57,1,1,9,9,0,1,0,0,0,0,0,1,0
2,20002589,06,41860,013,368002,95.13,68671,154003,0.4459,166600,14615000,1,1,1,1,57.94,1,60,4,5.580,14615000,25235000,36,1,1,9,9,98,1,0,0,0,0,1,0,0
2,20002590,48,19100,439,122801,83.52,37083,99957,0.3710,107300,34285000,2,1,1,4,78.30,2,164,5,3.690,35005000,45505000,157,1,9,9,9,100,1,0,0,0,0,1,0,0
2,20002591,48,26420,201,510202,51.25,182500,92750,1.9677,95200,70615000,2,1,1,1,64.34,1,60,5,5.440,70615000,109755000,54,1,1,9,9,90,1,0,0,0,0,0,1,0
2,20002592,39,18140,117,965202,6.78,48558,97262,0.4993,103300,1265000,1,1,1,1,64.62,1,84,2,5.130,1265000,1955000,60,1,1,9,9,0,1,1,0,0,0,0,0,0
2,20002593,29,41180,510,119300,50.05,100095,97901,1.0224,103200,2305000,1,1,1,1,74.66,1,120,2,5.560,2305000,3095000,84,1,1,9,9,0,1,0,0,0,0,1,0,0
2,20002594,32,29820,003,002967,71.66,56667,82358,0.6881,87800,16625000,2,1,1,1,67.04,1,60,4,4.930,16625000,24805000,36,1,1,9,9,0,1,0,0,0,0,0,0,0
2,20002595,32,29820,003,005333,35.36,127260,82358,1.5452,87800,59795000,7,3,1,1,53.91,1,60,5,6.060,59795000,110905000,36,1,1,9,9,0,1,0,0,0,0,0,1,0
2,20002596,48,19100,121,020403,31.43,96461,99957,0.9650,107300,42005000,1,1,1,1,58.33,1,60,5,5.370,42005000,72005000,57,1,1,9,9,0,1,0,0,0,0,0,0,0
2,20002597,40,46140,143,007417,38.17,80769,83507,0.9672,85300,3475000,7,3,1,4,71.10,2,198,3,4.690,3505000,5105000,0,1,1,9,9,100,1,0,0,0,0,0,1,0
2,20002598,25,14460,009,260700,41.34,77847,134646,0.5782,142000,24005000,7,1,1,1,43.72,1,120,5,5.540,24005000,54905000,114,1,1,9,9,0,1,0,0,0,0,0,0,0
2,20002599,39,10420,153,530901,23.66,97444,90421,1.0777,95800,3965000,1,3,1,1,71.48,1,120,3,6.430,3965000,5555000,84,1,1,9,9,0,1,0,0,0,0,0,0,0
2,20002600,55,33340,079,150301,14.69,135605,97232,1.3947,102100,28905000,7,1,1,1,62.98,1,84,5,5.890,28905000,45905000,78,1,1,9,9,0,1,0,0,0,0,0,1,0
2,20002601,42,37980,101,014600,62.42,73083,108977,0.6706,114700,134095000,2,1,1,1,58.05,1,84,5,5.850,134095000,231005000,78,1,1,9,9,0,1,0,0,0,0,1,0,0
2,20002602,25,44140,013,811101,48.52,61677,92168,0.6692,96500,7255000,1,1,1,1,67.95,1,84,3,6.000,7255000,10675000,84,1,1,9,9,0,1,0,0,0,0,1,0,0
2,20002603,48,19100,439,113119,64.70,84013,99957,0.8405,107300,47125000,2,1,1,1,54.92,1,120,5,6.573,47125000,85805000,12,1,1,9,9,0,1,0,0,0,0,0,0,0
2,20002604,06,31080,037,213401,96.86,44300,101056,0.4384,105700,1235000,2,1,1,4,61.60,2,360,2,3.200,1235000,6205000,47,9,1,9,9,0,1,0,0,0,0,1,0,0
2,20002605,06,42220,097,152905,49.56,139102,119780,1.1613,128400,37275000,7,1,1,1,64.76,1,60,5,5.310,37275000,57565000,57,1,1,9,9,0,1,0,0,0,0,0,0,0
2,20002606,45,34820,051,060310,29.91,82208,75945,1.0825,82900,33995000,7,1,1,1,65.00,1,60,5,4.810,33995000,52305000,57,1,1,9,9,0,1,1,0,0,0,0,0,0
2,20002607,47,32820,157,021144,61.60,106667,78701,1.3553,84000,26005000,7,1,1,1,68.25,1,60,5,5.150,26005000,38105000,57,1,1,9,9,0,1,0,0,0,0,0,0,0
2,20002608,06,41740,073,005602,43.68,212760,111734,1.9042,119500,2665000,2,1,1,4,61.60,2,360,1,3.650,2705000,4705000,59,9,1,9,9,0,1,0,0,0,0,0,0,0
2,20002609,36,10580,001,000302,45.19,102745,109385,0.9393,117800,11165000,7,1,1,1,52.92,2,120,4,6.190,11165000,21105000,114,1,1,9,9,0,1,0,0,0,0,1,0,0
2,20002610,12,36740,097,040808,29.80,130124,83343,1.5613,90400,14835000,2,1,1,1,61.70,1,84,3,6.070,14835000,24055000,78,1,1,9,9,0,1,0,0,0,0,0,1,0
2,20002611,48,47380,309,001900,59.53,38472,77527,0.4962,83100,16575000,7,1,1,1,65.00,1,60,3,6.080,16575000,25505000,57,1,1,9,9,0,1,0,0,0,0,1,0,0
2,20002612,17,16980,089,852204,26.24,160370,106055,1.5121,109800,45665000,2,1,1,1,56.44,1,60,5,6.170,45665000,80905000,57,1,1,9,9,0,1,0,0,0,0,0,1,0
2,20002613,06,41740,073,010201,41.94,106740,111734,0.9553,119500,3305000,2,1,1,4,61.60,2,360,2,3.450,3305000,8305000,59,9,1,9,9,0,1,0,0,0,0,0,0,0
2,20002614,06,42220,097,153301,60.42,93509,119780,0.7807,128400,22685000,2,1,1,1,53.77,1,60,4,6.690,22685000,42205000,57,1,9,9,9,0,1,0,0,0,0,0,0,0
2,20002615,48,19100,439,111558,81.66,71591,99957,0.7162,107300,28225000,7,1,1,1,70.04,1,60,5,5.380,28225000,40305000,57,1,1,9,9,90,1,0,0,0,0,0,0,0
2,20002616,12,33100,011,050702,77.54,47178,80554,0.5857,87600,1325000,7,1,1,1,72.13,1,60,1,6.400,1325000,1835000,36,1,1,9,9,0,1,0,0,0,0,1,0,0
2,20002617,51,47260,650,010309,62.86,60067,95214,0.6309,100000,66705000,1,1,1,1,76.67,1,120,5,5.600,66705000,87005000,114,1,1,9,9,0,1,0,0,0,0,0,0,0
2,20002618,48,12420,453,002201,84.96,59848,115204,0.5195,126000,65195000,7,3,1,1,57.03,1,60,5,6.120,65195000,114305000,36,1,9,9,9,0,1,0,0,0,0,0,0,0
2,20002619,51,47900,107,610702,23.71,159408,144539,1.1029,152900,13005000,1,1,1,1,80.00,1,84,3,5.650,13005000,16255000,78,1,1,9,9,100,1,0,0,0,0,0,0,0
2,20002620,37,39580,183,052814,54.10,137607,113293,1.2146,122300,37495000,7,3,1,1,63.54,1,84,5,5.560,37495000,59005000,78,1,1,9,9,0,1,0,0,0,0,0,0,0
2,20002621,06,41860,001,406202,93.44,59107,154003,0.3838,166600,2995000,7,1,1,1,66.43,1,120,2,5.190,2995000,4515000,84,1,1,9,9,0,1,0,0,0,0,1,0,0
2,20002622,08,17820,041,004707,29.62,87794,98394,0.8923,103700,62205000,7,1,1,1,65.00,1,60,5,5.930,62205000,95705000,48,1,1,9,9,0,1,0,0,0,0,0,1,0
2,20002623,48,26420,201,334101,85.43,55942,92750,0.6032,95200,40725000,1,1,1,1,80.00,1,84,5,5.570,40725000,50905000,60,1,1,9,9,50,1,0,0,0,0,0,0,0
2,20002624,40,36420,109,107601,49.39,51125,84302,0.6065,89100,6735000,7,1,1,1,78.64,1,120,4,5.620,6735000,8575000,84,1,1,9,9,0,1,0,0,0,0,1,0,0
2,20002625,40,36420,027,202102,29.73,75820,84302,0.8994,89100,4135000,1,1,1,1,67.22,1,60,3,6.330,4135000,6155000,57,1,1,9,9,100,1,0,0,0,0,0,0,0
2,20002626,36,35620,047,039900,80.88,96607,113844,0.8486,119300,15505000,7,3,1,1,64.10,1,60,2,6.550,15505000,31305000,54,1,1,9,9,0,1,0,0,0,0,1,0,0
2,20002627,04,38060,013,104402,66.02,80260,93191,0.8612,101300,99785000,1,3,1,1,70.87,1,84,5,6.596,99785000,140805000,12,1,1,9,9,0,1,0,0,0,0,1,0,0
2,20002628,13,12060,121,011203,81.99,42545,98569,0.4316,106100,13315000,2,1,1,1,60.57,1,177,5,4.340,13325000,22005000,171,1,9,9,9,97,1,0,0,0,0,1,0,0
2,20002629,13,42340,051,010705,49.92,105438,87035,1.2114,92400,53975000,2,1,1,1,70.00,1,60,5,5.450,53975000,77105000,57,1,1,9,9,0,1,0,0,0,0,0,0,0
2,20002630,06,40140,065,045117,36.15,77905,90585,0.8600,97500,1505000,7,1,1,1,14.35,1,84,3,6.900,1505000,10455000,84,1,1,9,9,0,1,0,0,0,0,0,0,0
2,20002631,12,37340,009,063102,28.73,96695,87701,1.1026,99700,43735000,1,1,1,1,68.60,1,60,5,5.600,43735000,63755000,57,1,1,9,9,0,1,0,0,0,0,0,1,0
2,20002632,12,45300,101,031506,30.12,63162,84454,0.7479,92000,16475000,7,1,1,1,64.87,1,60,5,5.200,16475000,25405000,57,1,1,9,9,0,1,0,0,0,0,0,0,0
2,20002633,06,41740,073,003113,93.93,107829,111734,0.9651,119500,16985000,7,1,1,4,82.70,2,183,4,3.340,16985000,22305000,176,1,1,9,9,100,1,0,0,0,0,0,0,0
2,20002634,48,41700,029,171924,74.79,92021,85469,1.0767,89300,36785000,2,1,1,1,61.73,1,60,5,5.610,36785000,59605000,57,1,1,9,9,0,1,0,0,0,0,0,1,0
2,20002635,13,12060,121,008701,93.61,31314,98569,0.3177,106100,16875000,7,1,1,1,70.00,1,60,5,5.340,16875000,24105000,57,1,1,9,9,80,1,0,0,0,0,1,0,0
2,20002636,06,41860,075,012002,62.02,49734,154003,0.3229,166600,3975000,1,1,1,4,61.60,2,360,2,4.000,4435000,5645000,47,9,9,9,9,0,1,0,0,0,0,1,0,0
2,20002637,01,33860,101,002800,85.43,50833,77591,0.6551,82500,5485000,7,1,1,1,64.15,1,120,3,5.700,5485000,8555000,114,1,1,9,9,0,1,0,0,0,0,0,0,0
2,20002638,48,19100,113,005700,98.15,35438,99957,0.3545,107300,18485000,7,5,1,1,56.03,1,60,5,5.760,18485000,32995000,57,1,1,9,9,52,1,0,0,0,0,1,0,0
2,20002639,17,16580,019,005300,78.08,40217,95272,0.4221,106200,25245000,1,1,1,1,58.04,1,60,5,5.720,25245000,43505000,57,1,1,9,9,0,1,1,0,0,0,1,0,0
2,20002640,06,40900,067,004402,87.11,58043,106925,0.5428,113700,5835000,1,5,1,4,60.50,2,83,4,4.500,5995000,9905000,0,1,1,9,9,100,1,0,0,0,0,1,0,0
2,20002641,12,36740,069,030505,67.62,35148,83343,0.4217,90400,9085000,2,1,1,1,63.08,1,84,3,5.400,9085000,14405000,78,1,1,9,9,0,1,0,0,0,0,1,0,0
2,20002642,12,36740,095,012402,84.46,47375,83343,0.5684,90400,34925000,2,1,1,1,61.37,2,60,5,6.850,34925000,56905000,24,1,1,9,9,100,1,0,0,0,0,1,0,0
2,20002643,12,33100,011,051001,27.19,103625,80554,1.2864,87600,37725000,1,1,1,1,62.45,1,84,4,5.540,37725000,60405000,78,1,1,9,9,0,1,0,0,0,0,0,1,0
2,20002644,39,17410,035,197600,72.11,44986,90488,0.4972,97200,3655000,2,3,1,1,61.98,1,216,3,4.420,3655000,5905000,180,1,9,9,9,100,1,0,0,0,0,1,0,0
2,20002645,55,99999,127,000901,16.91,90900,94281,0.9641,101200,12715000,7,1,1,1,71.41,1,60,4,5.540,12715000,17805000,57,1,1,9,9,0,1,1,0,0,0,0,0,0
2,20002646,48,19100,113,014139,85.79,84655,99957,0.8469,107300,20005000,1,1,1,1,68.26,1,60,5,5.760,20005000,29305000,57,1,1,9,9,0,1,0,0,0,0,0,0,0
2,20002647,48,19100,439,113404,44.00,73214,99957,0.7325,107300,22905000,2,1,1,1,65.64,1,60,5,4.930,22905000,34905000,36,1,1,9,9,0,1,0,0,0,0,0,0,0
2,20002648,06,31080,059,062658,21.52,181229,101056,1.7934,105700,164525000,7,3,1,1,60.76,1,120,5,5.580,164525000,270805000,114,1,1,9,9,19,1,0,0,0,0,0,1,0
2,20002649,55,33340,079,000102,81.73,46734,97232,0.4806,102100,3445000,2,1,1,1,55.03,1,120,3,6.100,3445000,6265000,114,1,1,9,9,79,1,0,0,0,0,0,0,0
2,20002650,36,35620,119,003500,95.16,55417,113844,0.4868,119300,1345000,2,3,1,1,64.10,1,60,1,6.170,1355000,2005000,35,1,9,9,9,0,1,0,0,0,0,1,0,0
2,20002651,48,19100,113,018505,90.17,36481,99957,0.3650,107300,14525000,1,1,1,1,60.51,1,60,5,5.760,14525000,24005000,57,1,1,9,9,0,1,0,0,0,0,1,0,0
2,20002652,18,26900,097,322500,65.11,50640,93688,0.5405,101200,25245000,7,1,1,1,55.00,1,180,5,6.160,25245000,45905000,174,1,1,9,9,0,1,0,0,0,0,1,0,0
2,20002653,39,99999,169,000300,13.49,90233,83546,1.0800,87300,2645000,7,1,1,1,53.44,1,84,2,7.620,2645000,4945000,84,1,1,9,9,0,1,1,0,0,0,0,1,0
2,20002654,13,31420,021,013411,50.81,103854,71239,1.4578,76000,13125000,1,1,1,1,75.00,1,60,5,5.560,13125000,17505000,36,1,1,9,9,0,1,0,0,0,0,0,0,0
2,20002655,40,46140,143,008600,49.72,66125,83507,0.7919,85300,11485000,7,1,1,1,60.14,1,60,5,5.710,11485000,19105000,57,1,9,9,9,0,1,0,0,0,0,1,0,0
2,20002656,41,38900,051,002002,24.05,108025,110489,0.9777,116900,25195000,1,1,1,1,62.37,1,60,5,4.980,25195000,40405000,57,1,1,9,9,0,1,0,0,0,0,0,1,0
2,20002657,09,25540,110,420500,25.84,82089,115967,0.7079,122400,1355000,7,5,1,1,61.59,1,84,1,5.690,1355000,2205000,81,1,1,9,9,0,1,0,0,0,0,0,0,0
2,20002658,13,42340,051,010806,54.58,81391,87035,0.9352,92400,24415000,2,1,1,1,64.75,1,60,5,5.820,24415000,37705000,57,1,1,9,9,0,1,0,0,0,0,0,0,0
2,20002659,06,40140,065,045235,49.66,106458,90585,1.1752,97500,16185000,2,1,1,1,59.28,1,84,4,7.010,16185000,27305000,48,1,1,9,9,0,1,0,0,0,0,0,0,0
2,20002660,36,35620,005,039400,96.75,56983,113844,0.5005,119300,7065000,7,1,1,1,64.20,1,120,2,5.640,7065000,11005000,114,1,1,9,9,96,1,0,0,0,0,1,0,0
2,20002661,48,19100,113,000706,18.34,225200,99957,2.2530,107300,59435000,7,1,1,1,67.01,1,84,5,5.180,59435000,88705000,78,1,1,9,9,0,1,0,0,0,0,0,1,0
2,20002662,27,33460,053,105700,47.65,130898,119274,1.0975,123700,1055000,7,3,1,1,67.31,1,60,1,6.060,1055000,1565000,36,1,1,9,9,100,1,0,0,0,0,1,0,0
2,20002663,26,19820,125,192000,19.30,152569,93779,1.6269,97300,43225000,7,1,1,1,63.02,1,60,5,5.230,43225000,68605000,57,1,1,9,9,0,1,0,0,0,0,0,0,0
2,20002664,19,99999,001,960100,8.07,73929,87135,0.8484,92500,3175000,7,3,1,1,62.28,1,120,2,5.640,3175000,5105000,117,1,1,9,9,0,1,1,0,0,0,0,0,0
2,20002665,45,24860,045,001900,21.88,178820,82045,2.1795,84700,29365000,2,1,1,1,59.32,1,84,5,5.260,29365000,49505000,78,1,1,9,9,0,1,0,0,0,0,0,0,0
2,20002666,10,99999,005,050604,40.69,81847,91800,0.8916,100600,7035000,2,1,1,1,60.09,1,84,2,5.990,7035000,11705000,78,1,1,9,9,0,1,1,0,0,0,0,0,0
2,20002667,13,99999,111,050400,8.17,50592,66121,0.7651,70500,4355000,7,1,1,1,55.08,1,120,3,6.240,4355000,7905000,114,1,9,9,9,48,1,1,0,0,0,0,0,0
2,20002668,47,32820,157,021023,53.42,193320,78701,2.4564,84000,32735000,7,1,1,1,61.07,1,60,5,5.770,32735000,53605000,57,1,1,9,9,0,1,0,0,0,0,0,0,0
2,20002669,08,19740,059,011806,53.63,102257,119980,0.8523,130400,1695000,1,1,1,1,42.06,1,60,1,7.010,1695000,4025000,36,1,1,9,9,0,1,0,0,0,0,1,0,0
2,20002670,36,35620,061,020600,83.10,89167,113844,0.7832,119300,12895000,1,1,1,1,63.50,1,120,3,6.000,12895000,20305000,114,1,9,9,9,96,1,0,0,0,0,1,0,0
2,20002671,06,31080,037,191820,61.27,71447,101056,0.7070,105700,2045000,2,1,1,4,61.60,2,360,2,3.500,2205000,4385000,59,9,9,9,9,0,1,0,0,0,0,0,0,0
2,20002672,12,27260,031,013525,75.03,47099,88994,0.5292,98000,14575000,2,1,1,1,63.37,1,60,5,5.010,14575000,23005000,57,1,9,9,9,0,1,0,0,0,0,0,0,0
2,20002673,45,25940,053,950201,33.14,80469,90472,0.8894,101800,32505000,7,1,1,1,65.00,1,60,5,5.440,32505000,50005000,57,1,1,9,9,0,1,1,0,0,1,0,0,0
2,20002674,42,37980,101,024600,94.18,51205,108977,0.4699,114700,9105000,7,1,1,1,65.00,1,120,2,5.360,9105000,14005000,114,1,1,9,9,0,1,0,0,0,0,1,0,0
2,20002675,48,19100,113,000503,43.24,143040,99957,1.4310,107300,43365000,1,1,1,1,64.49,1,60,5,5.140,43365000,67255000,57,1,1,9,9,0,1,0,0,0,0,0,1,0
2,20002676,47,28940,093,005301,11.61,87500,84160,1.0397,89000,1245000,1,1,1,1,55.71,1,60,2,6.230,1245000,2245000,33,1,1,9,9,100,1,0,0,0,0,0,0,0
2,20002677,06,31080,037,267800,39.75,189167,101056,1.8719,105700,94915000,2,1,1,1,61.88,1,60,5,5.280,94915000,153405000,57,1,1,9,9,11,1,0,0,0,0,0,1,0
2,20002678,55,33340,079,000502,88.92,43295,97232,0.4453,102100,4105000,7,1,1,1,68.38,1,120,3,5.620,4105000,6005000,117,1,1,9,9,0,1,0,0,0,0,1,0,0
2,20002679,18,26900,097,320901,41.07,98777,93688,1.0543,101200,19355000,7,1,1,1,58.64,1,60,5,5.420,19355000,33005000,57,1,1,9,9,0,1,0,0,0,0,0,1,0
2,20002680,51,47260,740,212400,70.27,36250,95214,0.3807,100000,11725000,7,1,1,1,68.97,1,120,5,5.420,11725000,17005000,114,1,1,9,9,100,1,0,0,0,0,1,0,0
2,20002681,06,46700,095,251802,85.86,47006,110159,0.4267,113200,13385000,1,1,1,1,57.74,1,60,5,5.580,13385000,23195000,36,1,1,9,9,99,1,0,0,0,0,1,0,0
2,20002682,48,19100,085,031723,78.66,45525,99957,0.4555,107300,26105000,2,3,1,1,53.39,1,84,5,5.756,26105000,48905000,12,1,1,9,9,0,1,0,0,0,0,0,0,0
2,20002683,12,37860,113,010821,29.19,96775,82863,1.1679,92200,42255000,7,1,1,1,65.00,1,120,5,5.730,42255000,65005000,114,1,1,9,9,0,1,0,0,0,0,0,1,0
2,20002684,06,31080,037,301702,35.87,71508,101056,0.7076,105700,2705000,7,1,1,4,61.60,2,360,1,3.500,2705000,4355000,47,9,1,9,9,0,1,0,0,0,0,0,0,0
2,20002685,48,19100,439,105405,34.76,153158,99957,1.5322,107300,70625000,1,1,1,1,51.74,1,84,5,5.420,70625000,136505000,60,1,1,9,9,0,1,0,0,0,0,0,0,0
2,20002686,26,19820,125,162200,95.82,89267,93779,0.9519,97300,14045000,7,1,1,1,64.12,1,60,4,5.560,14045000,21905000,57,1,1,9,9,0,1,0,0,0,0,0,0,0
2,20002687,17,16980,031,010201,77.33,61161,106055,0.5767,109800,1585000,2,1,1,1,52.30,1,60,1,6.440,1585000,3025000,36,1,1,9,9,0,1,0,0,0,0,1,0,0
2,20002688,48,41700,029,171802,90.30,40453,85469,0.4733,89300,1985000,7,1,1,1,73.37,1,84,2,7.180,1985000,2705000,84,1,1,9,9,0,1,0,0,0,0,1,0,0
2,20002689,41,38900,051,009002,58.11,61155,110489,0.5535,116900,2125000,1,1,1,1,70.93,1,240,2,5.730,2125000,3005000,84,1,1,9,9,0,1,0,0,0,0,1,0,0
2,20002690,04,38060,013,420506,60.26,50227,93191,0.5390,101300,41025000,7,3,1,1,73.00,1,84,5,6.556,41025000,56205000,12,1,1,9,9,0,1,0,0,0,0,0,0,0
2,20002691,26,19820,125,150900,22.13,192344,93779,2.0510,97300,21595000,2,1,1,1,56.54,1,60,4,5.440,21595000,38205000,57,1,1,9,9,0,1,0,0,0,0,0,1,0
2,20002692,29,41180,189,213702,71.93,82125,97901,0.8389,103200,5415000,7,1,1,1,51.08,1,120,5,6.030,5415000,10605000,114,1,9,9,9,100,1,0,0,0,0,1,0,0
2,20002693,42,37980,045,401900,61.06,99583,108977,0.9138,114700,5045000,7,1,1,1,64.27,1,60,2,5.630,5045000,7855000,57,1,1,9,9,0,1,0,0,0,0,0,0,0
2,20002694,06,41860,001,436200,90.44,63655,154003,0.4133,166600,1575000,7,1,1,1,43.39,1,120,1,6.550,1575000,3635000,117,1,1,9,9,0,1,0,0,0,0,1,0,0
2,20002695,17,16980,031,838200,71.64,000000,106055,9999.0,109800,43035000,2,1,1,1,71.73,1,120,5,3.690,43035000,60005000,114,1,9,9,9,10,1,0,0,0,0,0,0,0
2,20002696,06,37100,111,001201,52.96,99145,116726,0.8494,125600,9495000,7,3,1,1,47.93,1,84,3,7.211,9495000,19805000,12,1,1,9,9,100,1,0,0,0,0,0,1,0
2,20002697,08,19740,001,009203,72.49,73051,119980,0.6089,130400,17215000,2,1,1,1,61.93,1,60,4,6.040,17215000,27805000,57,1,1,9,9,0,1,0,0,0,0,0,0,0
2,20002698,12,45300,057,004300,89.65,23227,84454,0.2750,92000,23655000,2,1,1,1,80.19,1,195,4,4.370,23655000,29505000,189,1,9,9,9,100,1,0,0,0,0,1,0,0
2,20002699,36,35620,005,026602,71.01,52736,113844,0.4632,119300,6005000,7,1,1,1,66.67,1,120,2,6.720,6005000,9005000,84,1,9,9,9,0,1,0,0,0,0,1,0,0
2,20002700,39,17140,165,031200,10.16,132398,97826,1.3534,103700,5285000,1,1,1,1,67.33,1,84,3,5.130,5285000,7855000,60,1,1,9,9,0,1,1,0,0,0,0,1,0
2,20002701,35,10740,001,000906,70.32,32782,79295,0.4134,86400,5735000,7,1,1,1,59.53,1,60,4,5.700,5735000,9635000,57,1,1,9,9,40,1,0,0,0,0,1,0,0
2,20002702,06,31080,059,087602,81.84,91148,101056,0.9020,105700,3095000,2,1,1,4,61.60,2,360,1,3.050,3095000,4615000,47,9,1,9,9,0,1,0,0,0,0,0,0,0
2,20002703,32,29820,003,003418,71.93,62864,82358,0.7633,87800,37775000,2,3,1,1,60.73,1,84,5,5.756,37775000,62205000,12,1,1,9,9,0,1,0,0,0,0,0,0,0
2,20002704,19,19780,153,000802,13.76,118102,102398,1.1534,111800,16095000,1,1,1,1,64.38,1,60,5,5.960,16095000,25005000,57,1,1,9,9,0,1,0,0,0,0,0,0,0
2,20002705,06,41860,081,607300,43.88,250001,154003,1.6234,166600,2695000,2,1,1,4,61.60,2,360,1,4.450,2805000,7805000,47,9,9,9,9,0,1,0,0,0,0,0,1,0
2,20002706,39,10420,153,530902,11.15,97596,90421,1.0794,95800,34575000,7,1,1,1,61.57,1,60,5,5.890,34575000,56155000,36,1,1,9,9,0,1,0,0,0,0,0,0,0
2,20002707,36,28880,027,060201,30.06,124688,113377,1.0998,114800,5895000,1,5,1,1,64.11,1,60,2,5.870,5895000,9205000,57,1,1,9,9,0,1,0,0,0,0,0,0,0
2,20002708,36,35620,119,001304,91.60,57476,113844,0.5049,119300,7605000,2,3,1,1,64.10,1,60,2,6.120,7655000,12005000,35,1,9,9,9,0,1,0,0,0,0,1,0,0
2,20002709,06,31080,037,573101,90.45,68750,101056,0.6803,105700,1905000,2,1,1,4,61.60,2,360,1,3.200,1905000,2925000,47,9,1,9,9,0,1,0,0,0,0,0,0,0
2,20002710,25,14460,017,321400,32.93,132083,134646,0.9810,142000,62075000,1,1,1,1,65.00,1,60,5,5.310,62075000,95505000,57,1,1,9,9,10,1,0,0,0,0,0,0,0
2,20002711,06,31080,037,183103,82.86,105091,101056,1.0399,105700,20885000,2,1,1,1,59.32,1,60,4,5.200,20885000,35205000,57,1,1,9,9,0,1,0,0,0,0,0,0,0
2,20002712,53,42660,061,051701,49.78,74063,127870,0.5792,136600,2615000,1,1,1,1,65.45,1,84,1,5.970,2615000,4005000,84,1,1,9,9,0,1,0,0,0,0,1,0,0
2,20002713,17,16980,031,430101,98.44,38993,106055,0.3677,109800,3715000,7,1,1,1,73.62,1,60,3,6.080,3715000,5055000,36,1,1,9,9,0,1,0,0,0,0,1,0,0
2,20002714,06,41860,001,403800,41.83,200000,154003,1.2987,166600,2335000,7,1,1,1,72.68,1,84,1,5.830,2335000,3215000,84,1,1,9,9,0,1,0,0,0,0,0,1,0
2,20002715,48,12420,453,032900,29.13,191382,115204,1.6612,126000,12495000,2,1,1,1,56.28,1,60,4,5.030,12495000,22205000,57,1,1,9,9,0,1,0,0,0,0,0,1,0
2,20002716,47,16860,065,011446,35.60,90826,82235,1.1045,92100,30075000,7,1,1,1,60.64,1,120,5,5.470,30075000,49605000,114,1,1,9,9,0,1,0,0,0,0,0,1,0
2,20002717,26,19820,125,142200,89.03,31523,93779,0.3361,97300,2155000,1,3,1,4,71.10,2,216,3,4.590,2205000,3905000,0,1,1,9,9,100,1,0,0,0,0,1,0,0
2,20002718,06,31080,037,576502,71.43,80625,101056,0.7978,105700,2845000,7,1,1,4,61.60,2,360,1,3.150,2845000,4815000,47,9,1,9,9,0,1,0,0,0,0,0,0,0
2,20002719,36,35620,119,000404,91.29,46250,113844,0.4063,119300,1865000,7,1,1,1,66.46,1,60,1,6.710,1865000,2805000,36,1,1,9,9,0,1,0,0,0,0,1,0,0
2,20002720,48,19100,121,021646,64.99,96842,99957,0.9688,107300,39005000,7,1,1,1,38.81,1,60,5,5.820,39005000,100505000,57,1,1,9,9,0,1,0,0,0,0,0,1,0
2,20002721,36,27060,109,000201,58.05,000000,106005,9999.0,110200,7725000,7,1,1,1,52.89,2,120,2,6.320,7725000,14605000,114,1,1,9,9,0,1,0,0,0,0,1,0,0
2,20002722,17,16980,031,010600,49.80,120000,106055,1.1315,109800,4375000,7,1,1,1,68.28,1,60,2,5.850,4375000,6405000,36,1,1,9,9,0,1,0,0,0,0,0,0,0
2,20002723,04,38060,013,421001,47.76,56591,93191,0.6073,101300,2805000,7,1,1,4,61.60,2,360,1,6.150,2805000,4325000,47,9,1,9,9,0,1,0,0,0,0,1,0,0
2,20002724,04,46060,019,004075,44.36,87891,82620,1.0638,90200,42975000,2,1,1,1,64.04,1,60,5,5.470,42975000,67105000,57,1,1,9,9,0,1,0,0,0,0,0,0,0
2,20002725,06,31080,037,576601,56.41,93287,101056,0.9231,105700,2545000,7,1,1,4,61.60,2,360,1,3.200,2705000,4505000,59,9,9,9,9,0,1,0,0,0,0,0,0,0
2,20002726,45,24860,045,002811,38.71,115549,82045,1.4084,84700,21065000,7,1,1,1,54.02,1,84,5,7.671,21065000,39005000,6,1,1,9,9,0,1,0,0,0,0,0,0,0
2,20002727,34,35620,031,183102,84.48,76182,113844,0.6692,119300,1875000,7,1,1,1,75.00,1,60,1,6.040,1875000,2505000,60,1,9,9,9,0,1,0,0,0,0,0,0,0
2,20002728,06,31080,037,901013,67.39,124500,101056,1.2320,105700,53305000,7,1,1,1,65.00,1,84,5,5.200,53305000,82005000,78,1,1,9,9,0,1,0,0,0,0,0,0,0
2,20002729,24,47900,031,700731,80.97,63667,144539,0.4405,152900,37725000,1,1,1,1,60.35,1,192,5,6.030,37725000,62505000,186,1,1,9,9,100,1,0,0,0,0,1,0,0
2,20002730,06,31080,037,650101,82.78,133750,101056,1.3235,105700,1925000,2,1,1,4,61.60,2,360,1,3.700,1935000,3085000,59,9,1,9,9,0,1,0,0,0,0,0,1,0
2,20002731,32,39900,031,000106,36.92,000000,98707,9999.0,101200,2045000,7,1,1,1,53.68,1,84,1,5.240,2045000,3815000,84,1,1,9,9,0,1,0,0,0,0,1,0,0
2,20002732,12,35840,115,002014,11.98,142524,91784,1.5528,97000,51875000,7,1,1,1,63.72,1,60,5,5.560,51875000,81405000,57,1,1,9,9,0,1,0,0,0,0,0,1,0
2,20002733,08,19740,059,011000,31.40,84281,119980,0.7025,130400,14865000,7,1,1,1,64.64,1,60,3,5.710,14865000,23005000,57,1,1,9,9,0,1,0,0,0,0,0,0,0
2,20002734,25,49340,027,707500,26.09,79082,109247,0.7239,111400,5335000,7,1,1,1,61.31,1,84,3,5.150,5335000,8705000,84,1,1,9,9,0,1,0,0,0,0,0,0,0
2,20002735,40,46140,143,006901,27.49,123125,83507,1.4744,85300,21015000,1,1,1,1,63.08,2,84,5,6.230,21015000,33325000,78,1,1,9,9,0,1,0,0,0,0,0,1,0
2,20002736,26,19820,163,563400,22.39,126417,93779,1.3480,97300,19805000,7,1,1,1,78.26,1,60,4,5.650,19805000,25305000,57,1,9,9,9,99,1,0,0,0,0,0,0,0
2,20002737,13,12060,057,091012,35.44,95806,98569,0.9720,106100,51725000,7,1,1,1,57.03,1,84,5,6.060,51725000,90705000,78,1,1,9,9,0,1,0,0,0,0,0,0,0
2,20002738,18,26900,097,355300,43.28,32255,93688,0.3443,101200,5655000,1,1,1,1,57.72,1,60,4,5.760,5655000,9805000,48,1,1,9,9,0,1,0,0,0,0,1,0,0
2,20002739,48,32580,215,020729,97.37,27333,54864,0.4982,57300,3395000,7,1,1,1,68.59,1,84,3,6.200,3395000,4955000,84,1,1,9,9,0,1,1,0,0,0,1,0,1
2,20002740,09,14860,120,070100,35.15,147171,135149,1.0890,145700,79305000,1,3,1,1,73.77,1,84,5,5.390,79305000,107505000,78,1,1,9,9,0,1,0,0,0,0,0,0,0
2,20002741,36,35620,047,043700,78.25,40417,113844,0.3550,119300,1795000,2,1,1,1,56.98,1,60,1,6.210,1795000,3155000,36,1,1,9,9,0,1,0,0,0,0,1,0,0
2,20002742,08,19740,005,006000,27.10,123500,119980,1.0293,130400,7505000,1,1,1,1,62.19,1,60,3,5.340,7505000,12065000,36,1,1,9,9,0,1,0,0,0,0,0,0,0
2,20002743,48,26420,201,341101,66.55,69570,92750,0.7501,95200,16645000,2,1,1,1,54.39,2,60,5,6.060,16645000,30605000,57,1,1,9,9,0,1,0,0,0,0,0,0,0
2,20002744,51,40060,085,321201,18.62,103355,104391,0.9901,110000,9255000,7,1,1,1,33.76,1,120,4,5.600,9255000,27405000,114,1,9,9,9,0,1,0,0,0,0,0,0,0
2,20002745,06,12540,029,006003,39.40,90066,71065,1.2674,78600,1445000,7,1,1,1,54.97,1,84,1,6.800,1445000,2625000,81,1,1,9,9,0,1,1,0,0,0,0,0,0
2,20002746,48,26420,201,554406,59.49,140694,92750,1.5169,95200,13785000,7,1,1,1,49.39,1,60,4,6.390,13785000,27905000,57,1,1,9,9,0,1,0,0,0,0,0,1,0
2,20002747,06,31080,037,575102,93.33,51804,101056,0.5126,105700,3035000,2,1,1,4,61.60,2,360,1,3.500,3335000,4705000,35,9,9,9,9,0,1,0,0,0,0,1,0,0
2,20002748,06,31080,037,122410,89.98,68155,101056,0.6744,105700,10195000,2,1,1,4,82.70,2,174,3,4.240,10565000,14705000,168,1,9,9,9,99,1,0,0,0,0,1,0,0
2,20002749,26,19820,163,513800,92.82,36212,93779,0.3861,97300,1335000,7,1,1,1,56.44,1,84,1,5.730,1335000,2365000,81,1,1,9,9,0,1,0,0,0,0,1,0,0
2,20002750,26,11460,161,410500,55.83,49538,118144,0.4193,119500,1825000,7,3,1,1,69.28,1,120,1,5.650,1825000,2645000,117,1,1,9,9,0,1,0,0,0,0,1,0,0
2,20002751,06,40900,113,011103,71.05,96748,106925,0.9048,113700,26285000,1,1,1,1,64.10,1,120,5,6.716,26285000,41005000,12,1,1,9,9,0,1,0,0,0,0,0,0,0
2,20002752,04,38060,013,814600,37.32,70461,93191,0.7561,101300,32505000,1,1,1,1,48.65,2,132,5,6.210,32505000,66805000,126,1,1,9,9,0,1,0,0,0,0,0,1,0
2,20002753,06,31080,037,143603,35.45,118938,101056,1.1770,105700,2505000,2,1,1,4,61.60,2,360,1,3.100,2505000,7545000,47,9,1,9,9,0,1,0,0,0,0,0,1,0
2,20002754,34,35620,029,717101,26.65,141875,113844,1.2462,119300,44525000,7,1,1,1,63.60,1,60,5,5.940,44525000,70005000,57,1,1,9,9,2,1,0,0,0,0,0,0,0
2,20002755,48,46340,423,001102,26.40,122792,83564,1.4694,87300,9175000,7,1,1,1,63.69,1,120,4,6.430,9175000,14405000,114,1,1,9,9,0,1,0,0,0,0,0,1,0
2,20002756,13,12020,059,030102,67.61,62839,85162,0.7379,90900,5205000,1,1,1,1,70.34,1,60,4,6.150,5205000,7405000,57,1,1,9,9,78,1,0,0,0,0,1,0,0
2,20002757,21,99999,217,920502,14.29,73464,76582,0.9593,81300,1785000,7,1,1,1,70.00,1,84,3,6.330,1785000,2555000,78,1,1,9,9,98,1,1,0,0,0,0,0,0
2,20002758,36,35620,005,044902,32.75,115694,113844,1.0163,119300,3155000,7,1,1,1,67.02,1,60,1,6.380,3155000,4705000,36,1,1,9,9,0,1,0,0,0,0,0,0,0
2,20002759,12,36740,097,042100,82.25,55556,83343,0.6666,90400,45655000,1,1,1,1,61.69,1,84,5,5.640,45655000,74005000,78,1,1,9,9,0,1,0,0,0,0,1,0,0
2,20002760,01,33660,097,003703,46.92,41395,70809,0.5846,78800,28005000,2,1,1,1,70.00,1,60,5,5.230,28005000,40005000,57,1,9,9,9,0,1,0,0,0,0,0,0,0
2,20002761,37,16740,119,003500,13.99,250001,93744,2.6669,100300,28795000,1,5,1,1,55.52,2,120,5,6.150,28795000,51865000,114,1,1,9,9,0,1,0,0,0,0,0,1,0
2,20002762,27,33460,003,050710,34.17,89318,119274,0.7489,123700,7985000,1,1,1,1,80.00,1,120,3,5.620,7985000,9975000,114,1,1,9,9,100,1,0,0,0,0,0,0,0
2,20002763,36,35620,119,001200,89.86,69310,113844,0.6088,119300,1425000,7,1,1,1,67.71,1,60,1,6.710,1425000,2105000,36,1,1,9,9,0,1,0,0,0,0,1,0,0
2,20002764,45,16700,015,020406,12.49,250001,96573,2.5887,105100,25995000,2,3,1,1,58.68,1,120,4,6.090,25995000,44305000,114,1,1,9,9,0,1,0,0,0,0,0,1,0
2,20002765,36,35620,061,021900,95.12,24375,113844,0.2141,119300,335515000,1,1,1,1,67.10,1,240,5,6.150,335515000,500005000,180,1,1,9,9,91,1,0,0,0,0,1,0,0
2,20002766,36,28880,071,012602,62.62,96111,113377,0.8477,114800,31595000,7,1,1,1,65.00,1,60,5,5.470,31595000,48605000,57,1,1,9,9,0,1,0,0,0,0,0,0,0
2,20002767,04,38060,013,422102,66.54,46339,93191,0.4973,101300,29675000,2,3,1,1,56.63,1,84,5,5.756,29675000,52405000,12,1,1,9,9,0,1,0,0,0,0,1,0,0
2,20002768,44,39300,009,051202,13.13,112056,103773,1.0798,113200,43445000,1,1,1,1,60.51,1,84,5,6.490,43445000,71805000,60,1,1,9,9,0,1,0,0,0,0,0,1,0
2,20002769,13,12060,121,007806,99.28,64568,98569,0.6551,106100,23885000,1,1,1,1,63.87,1,60,5,5.740,23885000,37405000,57,1,1,9,9,0,1,0,0,0,0,0,0,0
2,20002770,45,17900,063,020602,29.54,87798,81690,1.0748,86300,13545000,2,1,1,1,60.73,1,84,5,5.010,13545000,22305000,78,1,1,9,9,0,1,0,0,0,0,0,0,0
2,20002771,06,41860,075,010401,43.13,250001,154003,1.6234,166600,4515000,1,1,1,1,60.97,1,60,1,5.730,4515000,7415000,36,1,1,9,9,0,1,0,0,0,0,0,0,0
2,20002772,42,37980,029,305500,85.06,66295,108977,0.6083,114700,1545000,7,1,1,1,61.68,1,60,1,6.850,1545000,2505000,36,1,1,9,9,0,1,0,0,0,0,1,0,0
2,20002773,04,38060,013,111201,55.99,73289,93191,0.7864,101300,10815000,2,1,1,1,61.46,1,60,5,5.840,10815000,17605000,54,1,1,9,9,100,1,0,0,0,0,0,0,0
2,20002774,48,19100,439,113924,57.66,107566,99957,1.0761,107300,40995000,1,1,1,1,76.63,1,84,5,5.620,40995000,53505000,78,1,1,9,9,50,1,0,0,0,0,0,1,0
2,20002775,48,19100,439,122500,39.46,76473,99957,0.7651,107300,12635000,1,1,1,1,61.64,1,60,4,6.040,12635000,20505000,57,1,1,9,9,0,1,0,0,0,0,0,0,0
2,20002776,45,16700,015,020404,20.92,131078,96573,1.3573,105100,68305000,2,1,1,1,58.58,1,60,5,5.990,68305000,116605000,57,1,1,9,9,0,1,0,0,0,0,0,1,0
2,20002777,48,41700,029,120702,38.88,167741,85469,1.9626,89300,63925000,2,5,1,1,59.41,1,60,5,5.610,63925000,107605000,57,1,1,9,9,0,1,0,0,0,0,0,0,0
2,20002778,42,37980,091,200703,34.56,134335,108977,1.2327,114700,1505000,7,1,1,1,54.45,1,120,1,5.890,1505000,2755000,84,1,1,9,9,0,1,0,0,0,0,0,0,0
2,20002779,53,42660,033,005801,32.96,168558,127870,1.3182,136600,3195000,1,1,1,1,58.89,1,84,1,5.740,3195000,5425000,84,1,1,9,9,0,1,0,0,0,0,0,1,0
2,20002780,18,21140,039,001901,50.65,80068,78757,1.0167,82000,11205000,2,3,1,1,66.30,1,60,5,5.940,11205000,16905000,57,1,1,9,9,0,1,0,0,0,0,0,0,0
2,20002781,41,38900,051,009302,44.72,91829,110489,0.8311,116900,1855000,1,1,1,1,68.27,1,60,1,6.490,1855000,2715000,36,1,1,9,9,0,1,0,0,0,0,0,0,0
2,20002782,37,49180,067,004012,26.98,92270,76701,1.2030,81900,21365000,7,1,1,1,60.00,1,60,5,5.240,21365000,35605000,57,1,1,9,9,0,1,0,0,0,0,0,0,0
2,20002783,48,12420,453,001503,40.48,97321,115204,0.8448,126000,4745000,7,1,1,1,66.86,1,60,2,5.180,4745000,7105000,36,1,1,9,9,0,1,0,0,0,0,0,1,0
2,20002784,51,47900,107,611011,47.12,183750,144539,1.2713,152900,33005000,7,1,1,1,61.92,1,84,5,7.060,33005000,53305000,48,1,1,9,9,0,1,0,0,0,0,0,0,0
2,20002785,06,31080,037,573300,96.24,40284,101056,0.3986,105700,3075000,7,1,1,4,61.60,2,360,1,3.200,3105000,4875000,59,9,1,9,9,0,1,0,0,0,0,1,0,0
2,20002786,17,16980,031,030104,45.53,79028,106055,0.7452,109800,25375000,7,1,1,1,63.75,1,120,4,6.020,25375000,39805000,114,1,1,9,9,44,1,0,0,0,0,1,0,0
2,20002787,53,42660,053,061501,34.82,57007,127870,0.4458,136600,3795000,2,1,1,1,68.96,1,84,2,4.730,3795000,5505000,84,1,1,9,9,0,1,0,0,0,0,1,0,0
2,20002788,36,35620,119,001000,90.27,27581,113844,0.2423,119300,1175000,1,1,1,1,71.03,2,240,1,6.340,1175000,1655000,60,1,1,9,9,0,1,0,0,0,0,1,0,0
2,20002789,48,18580,355,005414,68.82,131667,77127,1.7072,75300,32405000,7,1,1,1,71.21,1,60,5,5.400,32405000,45505000,57,1,1,9,9,50,1,0,0,0,0,0,1,0
2,20002790,36,35620,119,006302,85.68,121547,113844,1.0677,119300,23345000,7,1,1,1,72.50,1,120,3,5.890,23345000,32205000,114,1,1,9,9,10,1,0,0,0,0,0,0,0
2,20002791,36,35620,047,088800,99.55,59160,113844,0.5197,119300,6635000,7,1,1,1,66.34,1,60,3,6.440,6635000,10005000,36,1,1,9,9,0,1,0,0,0,0,1,0,0
2,20002792,48,19100,113,010806,78.53,109676,99957,1.0972,107300,4565000,1,5,1,1,77.06,1,120,3,6.140,4565000,5925000,84,1,1,9,9,0,1,0,0,0,0,0,1,0
2,20002793,08,22660,069,001305,33.35,82222,112985,0.7277,118800,44435000,2,1,1,1,52.21,2,84,5,7.684,44435000,85105000,12,1,1,9,9,0,1,0,0,0,0,1,0,0
2,20002794,23,38860,005,002200,16.44,101167,104743,0.9659,112500,19225000,2,1,1,1,44.20,1,84,5,7.060,19225000,43505000,48,1,1,9,9,0,1,0,0,0,0,0,0,0
2,20002795,25,11200,015,822300,15.59,80956,92168,0.8784,96500,3105000,1,1,1,1,74.88,1,60,2,5.830,3105000,4145000,36,1,9,9,9,0,1,0,0,0,0,0,0,0
2,20002796,12,36740,095,017001,73.60,70422,83343,0.8450,90400,58035000,1,1,1,1,60.51,1,60,5,5.830,58035000,95915000,57,1,1,9,9,0,1,0,0,0,0,0,0,0
2,20002797,06,31080,037,121020,67.31,70903,101056,0.7016,105700,2795000,7,1,1,4,61.60,2,360,1,3.300,3005000,3855000,59,9,9,9,9,0,1,0,0,0,0,0,0,0
2,20002798,06,41740,073,011100,25.72,138938,111734,1.2435,119500,2305000,1,1,1,4,61.60,2,360,1,3.350,2325000,4905000,59,9,1,9,9,0,1,0,0,0,0,0,1,0
2,20002799,29,17860,019,001401,31.41,126372,92535,1.3657,97000,9105000,1,1,1,1,64.57,1,120,3,5.930,9105000,14105000,114,1,1,9,9,0,1,0,0,0,0,0,0,0
2,20002800,37,16740,071,031202,31.37,34375,93744,0.3667,100300,1405000,7,1,1,1,29.79,1,84,3,6.890,1405000,4705000,84,1,9,9,9,0,1,0,0,0,0,1,0,0
